# File generated by ImageToStl.com - Free Image and 3D model conversion tools

mtllib Sketchfab_2018_03_04_11_17_06.mtl

o obj1
v -1.9533428 1.78756106 -0.050937
v 0.19723192 2.23012948 -0.0621629
v 0.77178192 2.19231057 -0.05202583
v -1.86596417 -2.64693522 -0.05113791
v 0.97598827 -3.91469693 -0.05065488
v -1.32020235 -3.91741848 -0.05058372
v -0.29727042 2.84813905 0.29711074
v -0.21387482 3.00605536 0.75923604
v 0.10522492 2.83427978 0.30687878
v -0.1568782 3.05482292 1.31285036
v 0.18118207 2.9762764 0.83353388
v 0.09782736 2.57744598 0.01682924
v 0.62076604 2.56237864 0.06073244
v 0.52210176 2.81998897 0.40582252
v 0.97885394 2.22332764 -0.0434253
v 0.55171227 -4.56081676 0.08123579
v 0.16650215 -4.56425905 0.05313607
v 0.24165806 -4.99008894 0.47591558
v -0.17255342 -4.99670935 0.41225246
v 1.67169237 1.72835517 -0.05088864
v 2.09603333 -1.02399921 -0.05031274
v -0.17255305 -5.14492655 0.93258709
v 0.9563573 2.56475234 0.13061199
v 0.79021657 2.8131485 0.56280047
v 1.79451418 -2.70922637 -0.0205973
v 1.89814949 1.79753375 -0.02049194
v 2.17577076 1.30780077 -0.02273164
v 2.37026143 0.76019132 -0.02570234
v 0.39260828 2.96131158 1.18151546
v 0.37528697 -4.98821878 0.60496181
v 1.15617645 2.56296802 0.21232131
v 1.30431163 2.56087351 0.36695313
v 0.91111535 2.81123662 0.91214901
v 1.41822278 2.5591619 1.07394946
v 1.39504957 2.5582602 0.60227877
v 0.8637206 2.80933404 1.36718845
v 1.85791135 2.21229744 1.30549407
v 1.89902806 2.21452594 0.87180448
v 0.34199855 -4.98869705 0.92526895
v 1.30195153 2.55477929 1.57876682
v 0.18343577 2.97159338 1.63733232
v 0.67868584 -4.5550065 1.27559042
v 0.17642243 -4.98810625 1.18665791
v 0.6559965 2.81246519 1.79664004
v 0.95383757 2.55948162 2.15964699
v 1.15345109 2.55647779 1.89132214
v 0.3119266 2.82301712 2.11255145
v -0.01362649 -4.98688173 1.3508451
v 0.43313226 2.56807756 2.50176549
v 0.71069098 2.56348252 2.37065387
v -0.1633984 3.00235486 1.8159306
v -0.17255308 -4.98708153 1.42548513
v -0.0874628 2.84427357 2.22523069
v -0.18091932 2.57996702 2.5846417
v 0.13191119 2.57354617 2.56285381
v -0.96400499 2.2318747 -0.0569539
v -0.58532768 2.59745741 0.03151598
v -0.5972122 2.86380434 0.34927639
v -0.61188555 3.03271317 0.88464034
v -1.33227587 2.23749423 -0.04342326
v -0.89681733 -4.56081104 0.08123135
v -0.44731778 -4.56742048 0.05142592
v -1.64614165 2.2384994 -0.02055571
v -0.58676392 -4.99008942 0.47591579
v -0.70200932 -4.98819113 0.57566917
v -1.18367565 2.86876678 0.65137786
v -1.00521314 2.86479902 0.46972045
v -0.72578675 3.0454545 1.23832822
v -1.23768866 -4.56041145 0.34288406
v -1.17588866 -4.56058407 0.21083854
v -0.72403246 -4.988801 0.76712698
v -1.77573287 2.60934973 1.07394552
v -1.26414633 2.87375808 0.9121443
v -1.75126612 2.60240746 0.60227555
v -1.2177186 2.87673807 1.36718321
v -2.21455765 2.24394202 1.30549192
v -2.25399947 2.24247742 0.87180293
v -1.20934772 -4.56896305 0.82449228
v -1.25855565 -4.5601778 0.51760447
v -1.65341544 -3.92492223 1.11691499
v -1.74462855 -3.92511916 0.78761119
v -0.65973467 -4.98828077 0.97940707
v -1.66064358 2.60506582 1.57876289
v -1.02275622 -4.55372906 1.27919161
v -0.51001883 3.03190637 1.65462291
v -0.52031159 -4.98819065 1.18766892
v -1.31330228 2.60001445 2.15964365
v -1.01087177 2.87065721 1.79663551
v -1.51259017 2.60310531 1.89131844
v -0.77590352 -4.55824709 1.56886137
v -0.78276062 2.86315632 2.02662444
v -0.3314797 -4.98688221 1.35084248
v -0.49361825 2.85505056 2.18522429
v -0.49323231 2.58615565 2.56285262
v -0.79356802 2.59148097 2.50176334
v -0.12019511 -5.30033207 0.85059273
v -0.172553 -5.33194542 0.87332153
v -0.1655744 -5.30754232 0.82555342
v -0.01650965 -5.24991035 1.16404474
v -0.0665217 -5.22856236 1.19370151
v -0.07769664 -5.27425146 1.1726619
v -0.05141312 -5.29005194 1.13468432
v -0.02710332 -5.28714371 1.09297299
v -0.29289234 -5.29018593 1.13516402
v -0.26495779 -5.27477598 1.17294168
v -0.32881063 -5.25034857 1.16331697
v -0.22581518 -5.30059385 0.85257566
v -0.3180027 -5.28714371 1.09297264
v -0.34825718 -5.24645281 1.08416033
v -0.33997351 -5.14917469 1.03567064
v -2.7942822 -5.08958244 1.46199167
v -2.78880024 -5.09274626 1.4926635
v -0.3222056 -5.1722846 1.02608347
v -2.79136181 -5.11900711 1.48240244
v -0.30228233 -5.14737844 1.1807071
v -1.66010976 -4.90510559 2.03863764
v -1.66743553 -4.88446379 2.02078199
v -1.65061927 -4.87079573 2.04353905
v -0.2969507 -5.12731266 1.17214108
v -2.12449884 -4.89342833 1.94706786
v -0.32784861 -5.14330053 1.1693691
v -0.32496804 -5.13221693 1.14401722
v -2.13916922 -4.89966869 1.91490602
v -0.32366252 -5.14953613 1.14143169
v -0.34594542 -5.16338062 1.09601796
v -2.69908547 -5.01458263 1.6669271
v -0.3530919 -5.17402649 1.0697124
v -0.35029268 -5.14097643 1.07210958
v -2.69985676 -4.98233604 1.65494514
v -2.70559359 -5.00924826 1.63885677
v 1.3150028 -4.90510511 2.03863668
v -0.04282376 -5.14737844 1.1807071
v 1.32232916 -4.88446379 2.02078199
v -0.04815546 -5.12731266 1.17214108
v 1.30551219 -4.8707962 2.04353857
v -0.02013806 -5.13221693 1.1440171
v 1.79406333 -4.89966869 1.91490614
v -0.02144359 -5.14953613 1.14143181
v -0.01725747 -5.14330006 1.16936922
v 1.77939272 -4.89342833 1.94706786
v 0.01436961 -5.16241264 1.08969474
v 2.35511541 -5.01609516 1.66269016
v 2.3524487 -4.98831511 1.66598773
v 2.36088634 -5.00418091 1.63584638
v 7.85E-05 -5.14390135 1.06909049
v 0.00089219 -5.17627382 1.07429945
v 0.01374674 -5.14691401 1.11329269
v 2.13838553 -4.93618727 1.78589988
v 0.01411936 -5.158988 1.11523426
v -0.00516248 -5.13501549 1.12339604
v 2.12709165 -4.93029118 1.81932354
v -0.01075251 -5.15142584 1.12704015
v 0.00118467 -5.15999031 1.03886867
v 2.4433105 -5.09174681 1.49462473
v -0.01633528 -5.15125322 1.02312303
v 0.00115402 -5.17038965 1.04050493
v 2.44969726 -5.09740782 1.46030593
v -0.02390544 -5.16727781 1.0264411
v 1.75210965 -2.38477802 4.28313541
v 1.64963114 -2.37459373 4.12311697
v 1.4850148 -2.4059999 4.32131863
v 1.76663423 -2.4002502 4.35028267
v 1.95635641 -2.58517694 2.33646488
v 1.69692945 -2.55825663 2.44568682
v 1.98815525 -2.43215394 2.59790754
v 2.20040035 -2.52843881 2.43250203
v 1.92354286 -2.33575702 3.95912004
v 1.72174191 -2.34069753 3.94900131
v 1.94985557 -2.69533205 2.17371106
v 1.5353806 -2.79408121 2.08736134
v 1.86094952 -2.83826017 1.99875903
v 2.08039665 -2.83452606 2.02092671
v 1.80943322 -2.93424177 1.90136814
v 1.87471426 -2.23716998 3.46480203
v 2.07374477 -2.31328487 3.77030802
v 1.4224931 -2.96161175 1.88985538
v 2.10763264 -2.25047898 3.39860463
v 1.92272675 -2.21821928 3.30170465
v 1.8444531 -3.00989389 1.84266067
v 1.89244366 -3.08060431 1.80895257
v 1.55146742 -3.16100121 1.72999132
v 1.77514374 -2.2358489 3.16216636
v 1.60255849 -2.29822779 3.06835866
v 1.61711073 -2.25550628 3.22059608
v 1.66877186 -2.23534441 3.33310843
v 2.10296154 -2.23289084 3.22622657
v 2.11246586 -2.25557518 3.02079177
v 1.93975794 -2.22135043 3.18546891
v 1.65418375 -3.2731061 1.7062124
v 1.48181057 -3.27210641 1.68927252
v 1.76875758 -3.18424082 1.74492705
v 1.95576119 -3.30741262 1.74856353
v 1.86521065 -2.34785843 2.80265689
v 1.59325075 -2.37565207 2.87547112
v 1.84500468 -2.25883174 3.03768849
v 2.04095697 -2.29931283 2.88051581
v 2.16040897 -2.37086225 2.71388984
v 2.4103179 -2.55481744 2.48081374
v 2.27701902 -2.39966083 2.68620324
v 2.39828491 -2.39667654 2.76730895
v 2.27634621 -2.29873037 2.94789195
v 2.49895048 -2.49324775 2.66116452
v 1.93922007 -2.38205075 4.26184225
v 2.35319805 -2.69687128 2.25819397
v 2.2536478 -2.86182785 2.047822
v 2.14955664 -2.67994952 2.2060461
v 2.11581969 -2.93876576 1.94470119
v 2.27858925 -2.33163881 3.63734269
v 2.07043791 -3.04955339 1.86363292
v 2.52916956 -2.43884635 3.80046177
v 2.30873537 -2.28096175 3.27324677
v 2.02620769 -3.20529151 1.78862453
v 2.16699004 -3.17899919 1.8415091
v 2.30680084 -2.27913332 3.10958338
v 2.5990057 -2.41331553 3.36932421
v 2.51344013 -2.35911751 3.13249397
v 2.46288967 -2.36911726 2.91486478
v 2.64413881 -2.45897293 2.97389698
v 2.3155036 -2.39893174 4.00827837
v 2.52431059 -2.46771431 3.96672487
v 2.65851164 -2.48556685 3.7249341
v 2.26091981 -3.07859492 1.91577387
v 2.36083698 -2.98177195 2.01724625
v 2.45655537 -3.11086273 2.00736904
v 2.31306577 -3.21403837 1.89229441
v 2.78525352 -2.53044415 3.47221494
v 2.78585005 -2.52331972 3.27765346
v 2.85458088 -2.59709287 3.14553022
v 2.77305317 -2.77786732 2.56738687
v 2.64585114 -2.55866361 2.71968579
v 2.85375023 -2.7196753 2.80147862
v 2.81976032 -2.6140821 2.96034956
v 2.03919506 -2.40700221 4.28647614
v 2.66540289 -2.84977555 2.35249281
v 2.60818911 -2.67205119 2.49234676
v 2.91338253 -2.8827033 2.67487717
v 2.49153042 -2.91851902 2.1386168
v 2.52388573 -2.79482603 2.2702415
v 2.7454567 -2.95512056 2.34808779
v 2.28494549 -2.42397213 4.14817858
v 2.98552561 -2.79644871 2.9995544
v 3.02874756 -2.91839361 2.94074774
v 2.98854971 -2.92200232 2.79911184
v 2.13172293 -2.45215344 4.28975439
v 2.22932386 -2.43948269 4.22649097
v 2.88844347 -3.00675035 2.50763774
v 3.00213194 -3.0184741 2.75408101
v 2.46422482 -2.47868466 4.08106756
v 2.36975288 -2.48528337 4.17146778
v 2.76031876 -3.09151268 2.2794261
v 2.91385221 -3.09494019 2.51241779
v 2.48917913 -2.52848291 4.09854603
v 2.64041328 -2.54700851 3.95953441
v 2.59350753 -3.17527485 2.08406949
v 2.60160375 -3.06278253 2.13625717
v 2.77779722 -3.16736889 2.28470254
v 2.69194174 -2.53515768 3.86718988
v 2.78119421 -2.60849905 3.80969429
v 2.85297012 -2.63530421 3.70184565
v 2.50023103 -3.26851869 2.00461173
v 2.41152406 -3.24892187 1.94080853
v 2.84165525 -2.58915162 3.62377357
v 2.1757555 -3.3213613 1.81812739
v 2.29768157 -3.324687 1.88232934
v 2.99016809 -2.73087573 3.31262398
v 2.9301405 -2.66115022 3.50354552
v 2.97088194 -2.75396276 3.47030354
v 1.96028924 -3.37615538 1.74930084
v 2.13167095 -3.38153362 1.8232522
v 2.99196434 -2.75578737 3.15806532
v 3.03285837 -2.83480501 3.20224023
v 3.04193306 -2.93773389 3.03449202
v 1.82705343 -3.40932345 1.7342025
v 1.70360696 -3.40181088 1.71516323
v 1.8156265 -3.38657784 1.72007573
v 1.87487841 -3.3451674 1.72839153
v 2.53694558 -3.29181671 2.06014252
v 2.65321684 -3.25312781 2.211128
v 2.34502721 -3.35166764 1.99397361
v 2.37711787 -3.33198166 1.9473232
v 2.83919287 -2.67833233 3.72461486
v 2.60472631 -2.60584211 3.97135401
v 2.65173244 -2.65819383 3.8328805
v 2.89215469 -2.7680254 3.55008984
v 2.19227147 -3.38803291 1.89655721
v 2.96239758 -2.80434179 3.43122959
v 3.0144825 -2.92046595 3.16922188
v 3.02754688 -2.86945868 3.22716141
v 2.92730045 -2.96265841 3.10650635
v 3.00263262 -2.98374534 3.04241848
v 2.97343969 -3.06740284 2.80646443
v 3.01050091 -3.03527904 2.82248616
v 1.86894715 -2.43287683 4.36867952
v 1.8930968 -2.47043896 4.36019564
v 2.90730619 -3.13448882 2.54167056
v 2.86848736 -3.13313079 2.58308005
v 2.25083685 -2.48796368 4.23861074
v 2.35234976 -2.53542519 4.16984367
v 2.71553564 -3.19475389 2.36569142
v 2.46409988 -2.58545136 4.05194855
v 2.69124436 -3.23735404 2.20430756
v 2.65039515 -3.21950793 2.13748121
v 2.78617096 -3.20050287 2.33201075
v 2.68211508 -2.58943629 3.92942548
v 1.7757163 -2.45019293 4.38600349
v 1.93796813 -2.51420641 4.31497192
v 2.12869787 -2.49946856 4.28119516
v 2.86929178 -2.99631476 2.96506
v 2.79413223 -3.08651567 2.62232804
v 2.6481657 -2.98120213 2.69088244
v 2.61542225 -3.04568577 2.51655936
v 2.18976068 -2.54998875 4.19384575
v 2.2000041 -2.56806517 4.10899401
v 2.53326464 -3.27256846 2.17082429
v 2.54563951 -3.20617938 2.26320839
v 2.48318148 -3.11152673 2.33138442
v 2.24477959 -3.20963264 2.13469076
v 2.32502961 -3.29244447 2.10841393
v 2.45098114 -2.61161304 3.90901303
v 2.23247766 -2.57416725 4.06065607
v 2.30942631 -2.56990218 3.84601164
v 2.45076656 -2.61044025 3.74078536
v 2.19739056 -3.37744069 1.98154557
v 2.40309978 -3.28713894 2.1300478
v 2.64589405 -2.68231463 3.73082709
v 2.66436768 -2.70239997 3.51211214
v 2.13161731 -3.39947629 1.91847074
v 1.92554402 -3.43137956 1.83388746
v 2.71711254 -2.79698658 3.28174329
v 2.76386261 -2.77687573 3.47668743
v 2.45559788 -2.66559219 3.44510841
v 2.5119009 -2.75195241 3.17909098
v 1.93526721 -3.40861058 1.75888729
v 2.00905538 -3.41450357 1.81263864
v 1.73497975 -3.43059134 1.75972235
v 2.28040171 -2.58917928 3.64911914
v 1.95645487 -2.53202319 3.51709557
v 2.10993862 -2.57485151 3.37217784
v 1.87227869 -3.42535639 1.85903311
v 2.04683042 -3.36970019 1.98020303
v 1.85234952 -3.33187675 1.95213544
v 1.74922621 -3.40350699 1.84914494
v 2.1995573 -2.63185358 3.2012825
v 1.96092045 -2.57574296 3.14910984
v 1.78249836 -3.43831801 1.79280603
v 2.24494505 -2.71101332 2.97808528
v 1.69324315 -2.48958802 4.3729558
v 2.1569612 -2.7678957 2.75373769
v 1.7480644 -2.51236248 4.34136152
v 1.81208611 -2.53662181 4.2778883
v 2.37300372 -2.97041559 2.50536299
v 1.99465084 -2.86941791 2.45510268
v 2.18960738 -3.05485868 2.29491043
v 2.14244795 -2.54063082 3.9247725
v 1.93556678 -2.52206993 4.01487923
v 1.91358507 -2.54853392 4.18682051
v 1.97921956 -2.5299294 3.77763653
v 2.06422877 -3.34461737 2.00653386
v 1.91047692 -2.70151925 2.73023224
v 1.63226283 -2.6510973 2.70616603
v 1.77124918 -2.76993799 2.51988173
v 1.55041707 -2.52389097 4.22117186
v 1.54956567 -2.83459735 2.33811545
v 1.50417924 -2.91972828 2.2077992
v 1.84493756 -2.99628997 2.22365403
v 1.52430511 -2.50012684 4.08644962
v 1.40872025 -3.13945556 1.93364346
v 1.88808489 -3.15437126 2.07899213
v 1.73379076 -3.23182058 1.93270671
v 2.07361126 -3.24598718 2.04969025
v 1.82653296 -3.19724274 1.99771535
v 1.7169522 -2.50347066 3.56516671
v 1.80630362 -2.51496124 3.90754557
v 1.44298422 -3.26576304 1.81892884
v 1.8104049 -2.52630782 3.28721547
v 1.59138358 -3.40569544 1.76294887
v 1.69479275 -2.58737731 2.90092015
v 2.0402112 -2.65211916 2.95192122
v 1.6504277 -2.53582621 3.09744906
v 1.51360774 -2.51790762 4.28762817
v 1.46997416 -2.51385665 3.30922294
v 1.59317303 -2.50145102 3.4491961
v 1.50452912 -2.55922222 2.96019864
v 1.29489291 -2.60007381 2.91836643
v 1.39016724 -2.59014797 2.87644267
v 1.38759947 -2.53666449 3.17957401
v 1.45944941 -2.46498775 4.38623524
v 1.63461053 -2.46148586 4.39268923
v 1.2699405 -2.71722555 2.5171237
v 1.45674813 -2.7200706 2.50888276
v 1.49622536 -2.62132645 2.75260568
v 1.37573063 -2.4909215 4.35420942
v 1.24662018 -2.50943089 4.31292486
v 1.33580911 -2.76500845 2.40086913
v 1.41357696 -2.51914358 4.17964649
v 1.20266223 -2.53410578 4.17238331
v 1.23300135 -2.79116106 2.36106372
v 1.03448582 -2.84283304 2.33676815
v 1.03368723 -2.92010665 2.19947934
v 1.31846261 -2.49830437 4.03832436
v 1.1892885 -3.20499158 1.81935263
v 1.42945659 -2.50634193 3.87358212
v 1.5479207 -3.21864676 1.87330878
v 1.44971836 -3.17824507 1.87076473
v 1.34978509 -3.19431949 1.86236525
v 1.20846033 -2.51986384 3.72092676
v 0.71646738 -2.91524959 2.44720745
v 0.55246395 -3.02070498 2.3533299
v 0.74593323 -2.98467422 2.24333
v 0.92014921 -2.54962397 4.03924942
v 1.05023789 -2.51146913 3.92370582
v 0.82465702 -3.05762458 2.06959248
v 1.06999779 -3.01964974 2.05011702
v 0.93945295 -3.172997 1.87287033
v 1.04932058 -3.20232582 1.82237732
v 0.78019828 -2.58242035 3.61003947
v 1.07333684 -2.57281661 3.37423253
v 1.08484745 -2.54524112 3.56396079
v 0.87781394 -2.54142094 3.77024651
v 1.26383317 -3.3144815 1.7282474
v 0.6716544 -2.66016388 3.37803721
v 0.94102907 -2.658113 3.1214931
v 1.5226773 -3.39282894 1.71092117
v 1.44561946 -3.37513328 1.70434046
v 0.65421301 -2.84605169 2.82090688
v 1.06388903 -2.76947641 2.50704813
v 1.12160063 -2.66026115 2.87377453
v 0.63991398 -2.8836751 2.72377586
v 1.15936625 -2.52564883 4.24824142
v 1.08513856 -3.27953815 1.74794495
v 1.22916734 -3.31638479 1.71258008
v 1.40384793 -3.35676837 1.69197333
v 1.49972165 -2.43265009 4.38275862
v 1.39743078 -2.44437003 4.37971401
v 1.26679516 -2.46500516 4.35662889
v 0.47032949 -3.01668811 2.49396849
v 0.52386642 -2.94687414 2.69539356
v 0.29649204 -3.10029769 2.54329562
v 0.4007912 -3.17105532 2.24910593
v 0.57374942 -3.05641365 2.26061988
v 0.82609081 -2.52004862 4.14644718
v 0.69560486 -2.54588318 4.03186369
v 0.77558935 -2.56668901 3.96872449
v 0.78703207 -3.22734427 1.86988437
v 0.71524078 -3.12648582 2.03608632
v 0.58732146 -2.61813641 3.75784898
v 0.61897063 -3.22719574 1.96454763
v 0.71673876 -2.58384633 3.80225849
v 0.4906975 -2.68877935 3.58134747
v 0.93054038 -3.25385928 1.79171658
v 0.56832874 -2.73039293 3.29213381
v 0.42261398 -2.80399394 3.31947017
v 0.44078991 -3.20096397 2.14964485
v 0.54231745 -3.21907568 2.02618551
v 0.47626317 -2.59456491 3.80652952
v 0.5138911 -2.61353445 3.78756213
v 0.61941719 -2.53787136 3.98393655
v 0.6414693 -2.51300716 3.99522543
v 0.51650816 -2.54973269 3.85946703
v 0.67507392 -3.23101711 1.9167273
v 0.83547646 -3.24239278 1.82133698
v 0.347074 -2.72179532 3.53876686
v 0.37598199 -2.74777436 3.49030733
v 0.32462704 -2.71133161 3.53286791
v 1.27244151 -3.31979609 1.69591475
v 1.06045914 -3.26961207 1.73771787
v 0.27825534 -2.99118304 3.00007606
v 0.35869473 -2.9964807 2.90171456
v 0.23559107 -2.87413168 3.16466761
v 0.22635889 -2.99716544 2.93271613
v 0.24290256 -2.89142346 3.18330741
v 0.27199551 -3.04843092 2.8252449
v 0.24153793 -3.05380702 2.79345632
v 0.27582237 -3.1147027 2.50663614
v 0.97689247 -2.48018885 4.24714422
v 1.11241269 -2.48451924 4.30433464
v 1.12245178 -2.45916295 4.30276108
v 0.33357307 -3.15646005 2.33678102
v 0.35086212 -3.16122818 2.28771853
v 0.27056575 -2.9806354 2.84566307
v 0.24443589 -3.07200885 2.68012619
v 0.294678 -2.75028205 3.35662127
v 0.44912094 -2.7023294 3.31748486
v 0.37456244 -2.90796924 2.88193631
v 1.4728626 -3.34571743 1.68371046
v 0.26969406 -3.08240247 2.5544939
v 1.29282773 -2.43713403 4.34064722
v 0.32211608 -3.05604744 2.48401046
v 1.00777149 -2.44942617 4.20506382
v 0.46775725 -3.04701114 2.29257131
v 0.49068132 -3.1820085 2.09413576
v 0.78947365 -2.50440168 4.13121367
v 0.87648165 -2.47129607 4.16499043
v 0.56198001 -2.52596307 3.84502101
v 0.31127524 -2.70881081 3.49581933
v 0.43571121 -2.59804106 3.66671968
v 0.6802429 -2.53575993 3.67531896
v 0.85496432 -3.22561884 1.81008983
v 1.07262385 -3.22474504 1.73491704
v 1.20384848 -3.26499581 1.70135081
v 0.76559538 -3.12538123 1.92291605
v 0.60759848 -3.20200872 1.97202778
v 0.57708555 -3.07939291 2.13123751
v 0.82348049 -2.48288107 3.838799
v 0.74437195 -2.48089743 4.03107119
v 1.07174337 -2.44206691 4.01414967
v 0.84863323 -3.04165864 1.97175992
v 0.93694454 -3.08162212 1.87901008
v 1.00292051 -3.16107798 1.78311849
v 0.98058414 -2.45866823 3.59037471
v 1.30290675 -3.19474626 1.71310508
v 0.53496867 -2.5978353 3.56663704
v 0.902753 -2.52123904 3.33913517
v 0.82155246 -2.5255928 3.47200847
v 1.34151638 -3.29634738 1.68383312
v 0.6227138 -2.82128429 2.789639
v 1.50193512 -2.41694927 4.36574984
v 0.63218457 -2.9336319 2.36447597
v 0.41359046 -2.99319005 2.487674
v 0.75197619 -2.93353939 2.23247719
v 1.24661052 -2.63073015 2.64225316
v 1.06195486 -2.61229825 2.8705492
v 1.22879255 -2.71973491 2.36911249
v 1.40928173 -2.60856199 2.51475382
v 1.1461904 -2.81493354 2.19485331
v 0.79051745 -2.98346925 2.09943438
v 1.39613092 -2.38480067 3.94663692
v 0.9986099 -2.44994736 3.83990002
v 1.08303046 -3.01642394 1.89703012
v 1.15363431 -2.87810445 2.07030129
v 1.20566738 -2.39644313 3.74019814
v 1.47297716 -2.29041839 3.31916189
v 1.35919595 -2.36898685 3.12343121
v 0.8718946 -2.59693432 3.12736559
v 1.66209459 -2.25183344 3.48101592
v 1.43035436 -3.08630252 1.773862
v 1.18251884 -3.10190606 1.78582966
v 1.38900697 -2.43685937 2.901438
v 1.50694323 -2.67625332 2.30214357
v 1.62760699 -2.85179853 1.99757886
v -2.05021548 -2.39070439 4.31021595
v -1.83491266 -2.40445137 4.31717634
v -1.97854459 -2.37911749 4.1579237
v -2.32553554 -2.45783353 2.55168033
v -2.14867616 -2.42301273 2.66643596
v -2.12872076 -2.62063956 2.30641794
v -1.91004491 -2.37144637 4.01728916
v -2.14939785 -2.34789252 4.01578903
v -1.90946651 -2.79199147 2.08729529
v -2.24287271 -2.7540338 2.09642839
v -2.40825152 -2.60046244 2.30758119
v -1.82393205 -2.96614051 1.87763023
v -2.16184998 -2.90920329 1.9243319
v -1.95979357 -2.25971437 3.47702742
v -2.12985253 -2.23672771 3.45808387
v -2.31742978 -2.32225394 3.87274528
v -2.35561538 -2.914433 1.93663514
v -2.0357058 -3.03908205 1.81158328
v -2.32517695 -3.0638423 1.83218217
v -2.15001702 -2.21992421 3.30669665
v -2.37599611 -2.23108244 3.36277151
v -2.12544918 -3.16525126 1.75189376
v -2.15947485 -2.22500324 3.19508243
v -2.13327479 -2.28161502 2.99711037
v -2.33306932 -2.25931072 2.99548912
v -1.9654851 -2.2658515 3.16100168
v -2.33545995 -2.22308779 3.19657683
v -2.49306154 -2.23885655 3.21786165
v -2.01953697 -3.26167464 1.71010387
v -1.85386443 -3.23808122 1.69914567
v -1.9426235 -2.36135983 2.90253592
v -2.02791286 -2.40538716 4.36120367
v -2.33569884 -2.35428405 2.75605559
v -2.55269027 -2.48284769 2.50914145
v -2.50758076 -2.36226797 2.73419571
v -2.02599955 -3.33828402 1.70546377
v -2.00690699 -3.39219427 1.70905268
v -2.18056846 -3.36414623 1.72067511
v -2.62924457 -2.37054038 2.75131679
v -2.23329473 -2.38296485 4.27522278
v -2.19490552 -2.41182661 4.35664558
v -2.46649361 -2.75069308 2.11584258
v -2.61478734 -2.63875389 2.29185534
v -2.64191794 -2.80658007 2.11600661
v -2.79460168 -2.73490119 2.27499223
v -2.41210985 -2.37462521 4.17378807
v -2.51514173 -2.33189249 3.79109621
v -2.46434331 -2.97654152 1.91902149
v -2.65804005 -2.96439052 2.00231123
v -2.81979704 -2.89212894 2.1471014
v -2.61448884 -3.1283071 1.89809668
v -2.73144555 -2.41172671 3.94664431
v -2.65227318 -2.28339171 3.302176
v -2.82960486 -2.35961318 3.37071991
v -2.70851588 -2.29796958 3.11383629
v -2.49606347 -2.26428604 2.9998343
v -2.61552572 -2.28269768 3.01162529
v -2.8774631 -2.36670613 3.15268898
v -2.78752255 -2.35193157 2.95269656
v -2.85471249 -2.44139791 2.78149652
v -2.96006322 -2.45181489 2.93284106
v -2.90550184 -2.44190407 3.73873138
v -3.03341341 -2.4716835 3.47898078
v -2.58678007 -3.25283098 1.85169995
v -2.41364121 -3.24726772 1.78878284
v -2.33063555 -3.36490226 1.75496483
v -2.24427533 -3.29682732 1.73937404
v -3.08969474 -2.54064679 2.96304846
v -3.23802662 -2.63962746 3.13133502
v -3.09280729 -2.49805522 3.21424818
v -2.42714286 -2.40919828 4.2716856
v -2.56617332 -2.39760804 4.13362122
v -3.00620413 -2.77207732 2.42612171
v -2.85607123 -2.59402227 2.50211811
v -2.93415332 -2.9744184 2.17583275
v -3.10237789 -2.98732018 2.33783793
v -3.38227987 -2.93083549 2.96478534
v -3.34338689 -2.80512977 3.03483462
v -3.33323312 -2.87940145 2.85602856
v -3.3180716 -2.97869134 2.69566321
v -2.32129574 -2.43197584 4.33813286
v -3.16447711 -2.86915469 2.53057194
v -3.21960235 -3.01787877 2.47783542
v -3.22185636 -2.78015995 2.74711418
v -2.65899134 -2.45289969 4.18088245
v -2.80363679 -2.45924497 4.04416561
v -2.50825834 -2.45492172 4.27596092
v -3.14704227 -3.11917806 2.32514167
v -3.27339101 -3.08547616 2.54262662
v -2.85815191 -2.5116446 4.06935263
v -2.72336078 -2.5006299 4.171525
v -2.96946645 -2.52350521 3.95427728
v -2.99825406 -2.50033522 3.82902479
v -3.14419961 -2.58600593 3.74915266
v -3.04398799 -2.58536386 3.91236758
v -2.80115724 -3.23447943 1.96932018
v -2.97664237 -3.10478306 2.14176345
v -2.8016119 -3.1126225 2.00664663
v -2.86108398 -3.27422643 2.02012944
v -3.0269022 -3.17701721 2.16760182
v -3.14902687 -2.55588579 3.60436797
v -3.25491047 -2.63101053 3.46406054
v -2.50218678 -3.33534193 1.81340432
v -2.65246034 -3.31121349 1.88366032
v -3.32850981 -2.72637701 3.24372506
v -3.32684112 -2.73856163 3.42200637
v -2.42766881 -3.38463259 1.80129743
v -2.23418355 -3.40070319 1.73713565
v -3.37751484 -2.8308084 3.20877314
v -2.825109 -3.30945635 2.02508855
v -2.77226615 -3.33099556 2.02518868
v -2.99156713 -3.2556572 2.15849733
v -3.25282478 -2.70951128 3.60871577
v -3.16246605 -2.64132071 3.76390147
v -3.26588321 -2.68467331 3.57988834
v -3.22163367 -2.75638461 3.57975864
v -3.09241891 -2.64199734 3.84092665
v -3.27503681 -2.76054978 3.53449345
v -3.02510738 -2.66690469 3.81247711
v -2.94365001 -2.60299325 3.97844887
v -3.18415952 -2.78492141 3.50938773
v -2.56542087 -3.37704968 1.88629401
v -2.66696095 -3.33903003 1.90798807
v -3.35633421 -2.82643366 3.3239913
v -3.27000165 -2.95494843 3.12422514
v -2.32286906 -3.41814446 1.80021119
v -3.38156366 -2.96529388 3.00893736
v -3.32723427 -2.96148944 3.10826421
v -2.15178299 -2.43077755 4.37759066
v -3.3639133 -3.00103879 2.83100128
v -3.3296051 -3.06701684 2.72623086
v -3.35972023 -2.91988754 3.17028737
v -3.35114741 -3.01976538 2.92632604
v -3.29014111 -3.10033965 2.69786215
v -2.32246828 -2.46422768 4.34289074
v -3.22879386 -3.1437397 2.4768014
v -2.60247922 -2.50036478 4.23240948
v -3.1592021 -3.18659687 2.39587593
v -3.16683722 -3.17097068 2.35892034
v -3.20935583 -3.1460793 2.53750467
v -3.02775931 -3.22681236 2.28750467
v -2.90890479 -2.56145597 4.03719187
v -2.69000769 -2.5356679 4.1727972
v -3.04378676 -3.21043634 2.19053698
v -2.32646084 -2.49507594 4.32628536
v -3.05125213 -3.16553688 2.4016757
v -2.97723103 -3.02507019 2.57478309
v -3.16104531 -3.12732697 2.56236053
v -2.70833755 -2.56108713 4.12886333
v -2.81537962 -2.60920429 3.97111917
v -2.54289651 -2.54650187 4.20101023
v -2.50413847 -2.55813837 4.17153502
v -2.93860579 -3.22923374 2.25802994
v -2.83382297 -3.2904768 2.13161659
v -2.81233835 -3.11813951 2.3174367
v -2.9685955 -2.67040372 3.77074194
v -2.63163519 -2.58039117 4.00710773
v -2.81386471 -2.61681533 3.89073229
v -2.55086398 -3.37334538 1.98735297
v -2.60415483 -3.31591725 2.07757759
v -2.70427847 -3.17226458 2.21432614
v -2.77219009 -3.25950336 2.16687989
v -3.10104442 -2.76491308 3.50576377
v -2.60095263 -2.58350968 3.65677524
v -2.72502708 -2.58602095 3.8126018
v -2.96513462 -2.67582607 3.57924461
v -2.78340483 -2.65365005 3.47983384
v -2.4697814 -3.40354276 1.89389598
v -3.06421757 -2.80728483 3.25586629
v -3.0116446 -2.70454717 3.50220728
v -2.90450597 -2.7541585 3.22699594
v -3.18764091 -2.91891456 3.15932155
v -2.08120489 -2.45938444 4.38930416
v -3.17906046 -3.05825186 2.74396014
v -3.00103736 -2.9881897 2.68139243
v -2.35782027 -2.55251598 3.36672521
v -2.3570435 -2.53394437 3.76866889
v -2.42759132 -3.34759283 2.00663567
v -2.36590075 -3.3924396 1.94209146
v -2.24029827 -3.38569283 1.92431653
v -2.21076226 -3.32360053 1.95950007
v -2.25316834 -3.43121719 1.84460855
v -2.55799174 -2.65281796 3.131495
v -2.42147923 -2.59009767 3.21855712
v -2.15727472 -3.4369905 1.79122555
v -2.19155717 -3.41237116 1.74058735
v -2.05248499 -3.42066908 1.7385968
v -2.09135151 -3.43369484 1.79431927
v -2.58916259 -2.73572659 2.90984583
v -2.37578344 -2.654181 2.9369874
v -2.42237544 -2.77334476 2.68099785
v -2.21707153 -2.51801896 4.3215661
v -2.0435648 -2.489151 4.37402773
v -2.91667342 -3.07697892 2.43500996
v -2.2881403 -2.83677959 2.48349357
v -2.3522017 -2.55487561 4.1604352
v -2.19313622 -2.53978515 4.26135302
v -2.58807635 -3.03602886 2.34068751
v -2.47523022 -2.53879261 3.93758297
v -2.16193271 -2.51871085 4.06971502
v -2.38549399 -3.14021897 2.14913034
v -2.05972672 -3.00590348 2.16638255
v -2.33597064 -3.24697733 2.01928997
v -1.84661829 -2.71693873 2.52271461
v -2.19156504 -2.71580458 2.66207504
v -1.88397062 -2.52285576 4.22159243
v -1.8517499 -2.51644182 4.29441118
v -2.07831717 -2.51997042 4.32656384
v -2.1916995 -2.92159057 2.31672502
v -1.86188126 -2.86823392 2.28102207
v -2.0238409 -3.15556526 2.00126076
v -2.21236038 -2.51814771 3.9820652
v -1.98103523 -2.50065565 3.56800318
v -1.89114416 -2.50693417 3.89627457
v -2.05096769 -3.18804789 1.95772266
v -2.04878569 -3.23986888 1.91837072
v -2.19854569 -2.51760077 3.49300957
v -2.11366844 -3.33974743 1.9103967
v -1.96831143 -3.40026426 1.79446268
v -2.12405443 -2.54624224 3.12360144
v -1.85873091 -3.39101124 1.71022618
v -1.82789218 -3.38602233 1.71445131
v -1.78542221 -3.34672165 1.75237119
v -1.78711998 -3.26862979 1.81719398
v -1.89204538 -3.21737194 1.87382352
v -1.62253034 -3.31385112 1.73055899
v -1.7143867 -2.54479957 3.13894248
v -1.42779708 -2.54737735 3.53620291
v -1.84196389 -2.51175833 3.30307436
v -1.88685608 -2.55817676 2.96247268
v -1.67900109 -2.59990454 2.87099814
v -1.37713861 -2.58936405 3.33397961
v -1.89963269 -2.60367823 2.80173254
v -1.60412371 -2.71626472 2.52330375
v -1.46517062 -2.76717806 2.45496798
v -1.71927583 -2.49793696 4.34231234
v -1.7400943 -2.48220658 4.36680841
v -1.64077377 -2.75892186 2.41201329
v -1.64555562 -2.88392019 2.22586966
v -1.44453561 -2.88393855 2.23858476
v -1.74463153 -3.12821317 1.9460969
v -1.47078192 -3.02242303 2.04185057
v -1.59897375 -3.08358908 1.96860039
v -1.7773087 -3.18627739 1.86345851
v -1.67981553 -3.20009804 1.85304976
v -1.61540627 -2.51215982 3.81741571
v -1.19515646 -3.08062196 2.02101469
v -1.23005867 -2.9611876 2.19281077
v -1.01348615 -3.04179859 2.19788384
v -1.08221352 -2.95360065 2.31587291
v -1.39381516 -2.54008365 4.14657974
v -1.77484918 -2.52179289 4.19814539
v -1.40280294 -2.5397768 4.09546852
v -1.33486784 -3.18365812 1.84872746
v -1.39592099 -2.51164532 3.92305851
v -1.19602084 -2.55214262 3.71162295
v -1.27337337 -2.52994537 3.85140896
v -1.50712144 -3.22686577 1.79590094
v -1.19276261 -3.17010117 1.90866792
v -1.30730641 -2.64787793 3.14297128
v -1.29887652 -2.69075465 2.98611617
v -0.99753654 -2.87273908 2.74070001
v -1.89321113 -2.45769191 4.39309835
v -1.32853901 -2.79968715 2.49646235
v -1.07123816 -2.90486264 2.47428608
v -1.52117014 -2.5237813 4.26358128
v -0.87996179 -2.9404068 2.69734669
v -0.75935781 -2.81734157 3.29453182
v -0.98590577 -2.69384503 3.29816103
v -0.69915414 -3.00363588 2.8860755
v -1.53567529 -2.49655151 4.31653547
v -0.83623928 -3.00566363 2.49153185
v -0.64062631 -3.09857345 2.55777264
v -0.84973925 -3.04938054 2.35078216
v -1.22964191 -2.53477907 4.13506937
v -1.33661473 -2.50333261 4.23829126
v -0.85488456 -3.18677998 2.1172812
v -0.68926817 -3.1425159 2.36993361
v -1.22118223 -2.55255651 3.99747086
v -1.05456245 -3.23104501 1.90452254
v -0.95942038 -3.22857976 1.96608448
v -0.99633187 -2.59938574 3.80138254
v -0.99741626 -2.57609224 3.91937828
v -1.21030462 -3.24644256 1.81873739
v -0.89952081 -2.63553977 3.71533966
v -1.42919874 -3.27938747 1.74690461
v -1.316154 -3.26120472 1.77104199
v -1.05124938 -2.61999893 3.50652981
v -0.81455833 -2.70518875 3.54731083
v -1.12333024 -2.52573204 4.11418724
v -0.83287054 -3.21266937 2.08546185
v -0.86224425 -2.6115067 3.79174733
v -0.84232348 -2.58905482 3.82907534
v -0.95424789 -2.53285241 3.97517776
v -0.7762242 -2.61174035 3.74595356
v -0.86512053 -2.54889226 3.86175728
v -0.72438306 -2.74784493 3.49157977
v -0.64026946 -2.74641156 3.44974804
v -0.70064175 -2.65806723 3.59639764
v -1.51424205 -3.29311323 1.71115005
v -0.6747697 -2.75237179 3.4800961
v -0.61146253 -2.90932393 3.17458224
v -0.64933586 -2.94904613 3.08575606
v -0.58196217 -3.03072047 2.88137102
v -0.58791053 -2.89177036 3.18267465
v -0.61945146 -3.03800893 2.86106706
v -1.61907721 -2.46978307 4.35630655
v -1.47019768 -2.47864771 4.30969715
v -1.34011936 -2.4818368 4.25540161
v -1.42602098 -2.45958924 4.28474855
v -0.59661603 -3.08571196 2.63803315
v -0.67866427 -3.15645289 2.33677197
v -0.64209157 -3.12685394 2.42414379
v -0.74680704 -3.18666577 2.19744325
v -0.62768364 -2.77004576 3.32265234
v -0.5806331 -2.87433171 3.16434121
v -0.58533269 -2.98552561 2.88819456
v -0.57156104 -2.99626088 2.91996932
v -0.67734623 -2.92972875 2.88276672
v -0.81921631 -2.75359607 3.15365982
v -0.61420649 -3.06203175 2.6009531
v -1.4977392 -2.43934965 4.26390171
v -1.66154969 -2.43997526 4.35730314
v -0.69292164 -3.0911901 2.37858391
v -0.70140564 -3.01080585 2.53807044
v -1.23793519 -2.48693252 4.19783545
v -1.13518679 -2.48581028 4.11507702
v -0.84166265 -3.16231585 2.10773897
v -0.79330009 -3.04163313 2.32846189
v -1.10100448 -2.50930572 4.10480881
v -1.00246239 -2.49692035 3.94678426
v -1.24043548 -2.45990682 4.13475466
v -0.83782482 -2.55798006 3.7607708
v -1.04958665 -3.21164203 1.89717543
v -1.12270224 -3.23785996 1.85074759
v -1.21463954 -3.22456527 1.80323255
v -0.95112407 -3.20242238 1.9729327
v -0.70852095 -2.67313027 3.50179911
v -0.77587384 -2.59667158 3.73682761
v -0.93870306 -2.59638238 3.50204253
v -1.4100641 -3.24854255 1.73395026
v -0.94522905 -3.0274024 2.18751359
v -1.05348408 -3.11400747 1.97687328
v -1.16824448 -3.02089715 2.01623631
v -1.22217429 -3.13139725 1.85604572
v -1.35391152 -3.15692997 1.78433359
v -1.43039 -3.18783641 1.74725795
v -1.56658447 -3.24128985 1.70353591
v -1.26055872 -2.52896428 3.28193212
v -0.90849191 -2.83763885 2.81786823
v -1.74820745 -2.4399991 4.37709999
v -1.85002255 -2.42221022 4.37380552
v -0.88540667 -2.94260597 2.45868754
v -0.92928547 -2.96837187 2.32727051
v -1.19738257 -2.92264271 2.16945839
v -1.57364774 -2.6242764 2.67743039
v -1.35838759 -2.59675288 2.95661044
v -1.21993756 -2.74096107 2.73847985
v -1.75864196 -2.60814071 2.51007128
v -1.35388541 -2.80217195 2.34987307
v -1.50803471 -2.42792106 3.98016667
v -1.26292074 -2.46335745 3.91601992
v -1.37257051 -3.00387621 1.93451023
v -1.66422498 -2.93794584 1.93459749
v -1.40670776 -2.89944077 2.07847381
v -1.45101893 -3.05814743 1.84450388
v -1.61351967 -2.39634323 3.86637616
v -1.44979 -2.42333126 3.7266891
v -1.65260255 -3.10686231 1.76579273
v -1.63827884 -3.17239094 1.72559988
v -1.68498397 -3.22791719 1.69959581
v -1.81740296 -2.29732966 3.24651122
v -1.45337939 -2.41924429 3.48123693
v -1.69418859 -3.31165266 1.68298662
v -1.80750239 -3.34348655 1.68258274
v -1.73667479 -2.37331724 3.06372428
v -1.93167818 -2.25526977 3.34255528
v -1.86396956 -3.13357735 1.74402881
v -1.75320494 -2.4755919 2.79821086
v -1.68640399 -2.70437312 2.31920791
v -1.91472042 -2.56057763 2.50165677
v -1.65889502 -2.83683276 2.08127761
v 0.70804703 -3.50645256 1.98217571
v 0.55365801 -3.53493071 2.08019543
v 0.65730661 -3.57127404 2.09056783
v 0.86732 -3.60371017 1.75225127
v 0.94367492 -3.77865815 1.82881701
v 0.90350252 -3.68423462 1.64069092
v 0.55365813 -4.32616138 1.27664185
v 0.70804638 -4.22771406 1.24968147
v 0.66052294 -4.33371544 1.30978227
v 0.76900506 -3.69502139 2.09087706
v 0.762766 -3.58793306 2.02636743
v 0.84938157 -3.65080357 1.96251774
v 0.81428528 -4.24386692 1.36021876
v 0.80976206 -4.31564713 1.49806249
v 0.69697422 -4.37974405 1.4205575
v 0.86732006 -3.86177564 2.00636506
v 0.91448033 -4.03337765 1.87476552
v 0.58144647 -4.38744879 1.36220229
v 0.58144605 -3.62142825 2.14015341
v 0.74972355 -4.02619839 2.06529117
v 0.76196831 -4.24056053 1.87781787
v 0.89258748 -4.22083473 1.65418661
v 0.70151985 -3.8332901 2.14220548
v 0.55590409 -3.91393018 2.16218805
v 0.50259423 -3.71464467 2.16930532
v 0.65821201 -3.71697044 2.15342593
v 0.55365825 -4.16515207 2.03356218
v 0.48048151 -4.37085438 1.34606266
v 0.4057965 -3.83338118 2.14219475
v 0.35630819 -4.02029276 2.06675029
v 0.48048046 -3.60503268 2.1238091
v 0.55365813 -4.32078314 1.857862
v 0.35903057 -4.32762146 1.74947333
v 0.55365819 -4.41169691 1.66078997
v 0.23999633 -3.86177588 2.00636506
v 0.19285415 -4.02605486 1.87832153
v 0.33831117 -3.69502115 2.09087706
v 0.34455022 -4.18862057 1.93253541
v 0.29755422 -4.31564713 1.49806249
v 0.30118105 -4.25193977 1.35586905
v 0.4103421 -4.37974405 1.4205575
v 0.46023056 -3.50714207 2.0321362
v 0.16364174 -3.77865767 1.82881737
v 0.46023077 -4.27767897 1.24959898
v 0.23999633 -3.60371017 1.75225127
v 0.20381382 -3.68423462 1.64069092
v 0.37256548 -3.51343393 1.95301044
v 0.29303041 -3.61722612 1.99661803
v -1.07985723 -4.19865894 1.25711262
v -1.15939176 -4.24386644 1.36021888
v -1.15486836 -4.10492897 1.29057682
v -1.0531534 -3.50645232 1.98217583
v -1.00241292 -3.5712738 2.09056783
v -0.89876437 -3.53493023 2.08019543
v -1.2124263 -3.99931622 1.35047209
v -1.28878093 -4.0785799 1.52422428
v -1.24860895 -3.88901567 1.43271565
v -1.28878105 -3.77865791 1.82881725
v -1.21242642 -3.60370994 1.75225139
v -1.24860895 -3.68423438 1.64069104
v -1.1141113 -3.69502068 2.09087706
v -1.10787249 -3.58793283 2.02636743
v -1.31698048 -3.93054581 1.67841864
v -1.25958669 -4.03337717 1.8747654
v -1.19448781 -3.65080309 1.96251774
v -0.89876449 -4.32616138 1.27664196
v -0.97194105 -4.37085342 1.34606278
v -0.99219185 -4.27767849 1.2495991
v -0.89876395 -3.62217951 2.14388466
v -1.0961144 -4.02029181 2.06675076
v -1.2124263 -3.8617754 2.00636506
v -1.15486836 -4.31564617 1.49806249
v -1.06071532 -4.38447571 1.6272521
v -1.23769391 -4.22083473 1.65418637
v -1.04207981 -4.37974405 1.42055726
v -1.10765624 -4.24158812 1.87869799
v -0.90101016 -3.91393089 2.16218805
v -1.04662609 -3.83328986 2.14220548
v -0.87097502 -4.38744783 1.36220193
v -0.89876449 -3.73693252 2.17308235
v -1.00331819 -3.71696997 2.15342593
v -0.89876449 -4.11599731 2.06583691
v -0.70141459 -4.02029181 2.06675053
v -0.61013275 -3.80318928 2.04526711
v -0.75090283 -3.8332901 2.14220548
v -0.79511493 -4.33709288 1.31281996
v -0.75544828 -4.37974358 1.42055726
v -0.79190087 -3.56818414 2.08723688
v -0.55916828 -4.21657658 1.66737938
v -0.68987244 -4.24158812 1.87869763
v -0.73681396 -4.38447618 1.62725222
v -0.7554481 -3.67965603 2.13154697
v -0.53796059 -4.02605391 1.87832224
v -0.4807905 -3.98900485 1.62245655
v -0.64266056 -4.31564617 1.49806249
v -0.57117921 -4.17898035 1.42291451
v -0.7443763 -4.22771358 1.24968159
v -0.74622411 -3.50676465 1.98323405
v -0.68965667 -3.58793283 2.02636743
v -0.68965656 -4.27315855 1.33046985
v 1.2929635 2.22138405 -0.02055648
v 2.46585965 0.10951425 -0.02702938
v 2.43638945 -0.63729882 -0.02564202
v 2.2605114 -1.45644248 -0.02250514
v 1.55156577 2.22097707 0.03484848
v 0.73042506 -4.56068993 0.12880571
v 1.16018784 -3.92526197 -0.02705785
v 1.74331343 2.21997857 0.1969206
v 2.19561672 -2.31159496 0.13338093
v 1.77165806 -3.15405464 0.10410245
v 1.30830956 -3.92528367 0.06219556
v 2.12828827 1.79753375 0.13178124
v 0.83078235 -4.5605588 0.21081868
v 2.436764 1.30780077 0.14773335
v 2.65287113 0.76019132 0.15505067
v 2.72634864 -0.63729882 0.15648472
v 2.75909448 0.10951425 0.15752424
v 2.53092265 -1.45643044 0.14984587
v 2.9049046 -0.63729882 0.55546927
v 2.93966699 0.10951412 0.56617486
v 2.69744205 -1.45649016 0.51822722
v 2.34148169 -2.31166339 0.45118594
v 1.89141047 -3.15399742 0.35402274
v 1.86050463 2.21754313 0.48364928
v 1.39952219 -3.92528796 0.23287897
v 2.27000642 1.79753375 0.45105365
v 0.89258236 -4.56039 0.34286499
v 2.59748363 1.30780077 0.51441848
v 2.8269012 0.76019132 0.55275577
v 1.43032086 -3.92523623 0.48203105
v 1.93184578 -3.15398502 0.71351737
v 2.31785917 1.79753375 0.90120518
v 2.651752 1.30780053 1.02483809
v 2.88566351 0.76019132 1.09915376
v 0.91344935 -4.56016302 0.51758862
v 2.96519494 -0.637299 1.10149407
v 3.0006392 0.10951422 1.12407112
v 2.75366879 -1.45654142 1.02827227
v 2.39073491 -2.31168342 0.89930207
v 2.90490413 -0.63730371 1.67705655
v 2.93966699 0.10951409 1.70760703
v 2.69744205 -1.45652735 1.57870257
v 2.34148192 -2.31172395 1.40050423
v 1.89141047 -3.153934 1.13407695
v 1.39952207 -3.92510605 0.78760588
v 2.26944351 1.79662704 1.40093613
v 2.59748363 1.30780053 1.55478644
v 0.8670755 -4.56665516 0.82114506
v 2.82690072 0.76019132 1.67598569
v 1.30830896 -3.92492032 1.11691213
v 1.77165806 -3.15379786 1.52984524
v 2.12709928 1.79571819 1.88725615
v 2.436764 1.30780053 2.05692339
v 2.75909424 0.10951419 2.2264905
v 2.65287042 0.76019132 2.18950772
v 2.72634792 -0.63729906 2.1964798
v 2.53092289 -1.45647538 2.09303093
v 2.19561625 -2.3116076 1.88322759
v 1.73872268 2.21114039 1.73131907
v 2.43638873 -0.63729924 2.58138371
v 1.9587425 -2.31145644 2.29057932
v 2.26051116 -1.45643306 2.5080297
v 1.54632628 2.21175003 2.11599946
v 1.57719052 -3.15364647 1.88545895
v 1.89655733 1.79532242 2.32168055
v 1.1601876 -3.92472315 1.43866754
v 2.37026072 0.76019114 2.58167982
v 2.17577052 1.30780053 2.49027729
v 2.46585941 0.10951407 2.60156775
v 1.98993254 0.76019126 2.87925053
v 1.82453203 1.30780053 2.79773378
v 0.9608497 -3.92452383 1.73083436
v 2.07123208 0.10951405 2.90724564
v 2.04616976 -0.63729912 2.87925053
v 1.89659798 -1.45642877 2.79773378
v 1.28778589 2.21347022 2.43687487
v 1.31548131 -3.15351105 2.2075119
v 1.63996446 -2.31142044 2.63354588
v 1.58636665 1.79506171 2.66006923
v 1.45316875 -1.45642877 3.03623462
v 0.97259146 2.21564674 2.6603868
v 0.99658817 -3.15343237 2.48624134
v 1.25153279 -2.31142092 2.87478542
v 1.20820856 1.79484642 2.87478757
v 0.71795553 -3.92444801 1.98430228
v 1.39654684 1.30780053 3.03623486
v 0.43079731 -4.55824137 1.56887722
v 1.5265007 0.76019114 3.1399951
v 1.59037781 0.10951405 3.17583942
v 1.5706861 -0.6372993 3.1399951
v 0.9977752 0.76019114 3.34914064
v 0.90826142 1.30780053 3.22608757
v 0.12187968 -4.55255985 1.81526446
v 1.04177451 0.10951418 3.39182949
v 1.02821064 -0.63729924 3.34914064
v 0.94726318 -1.45642889 3.22608733
v 0.61313772 2.21880651 2.79129934
v 0.80837393 -2.31142068 3.03623414
v 0.7770192 1.79529786 3.036237
v 0.44083968 -3.92426157 2.19419169
v 0.63276494 -3.15337968 2.70745683
v 0.39832422 -1.456429 3.34914112
v 0.22349784 2.22301102 2.87396097
v 0.32751873 -2.3113904 3.13997173
v 0.30949396 1.796422 3.13999796
v 0.14015153 -3.92429018 2.35169816
v 0.23799421 -3.1533556 2.85091424
v 0.37844127 1.30780053 3.34914112
v 0.42407465 0.76019114 3.48538065
v 0.44650543 0.10951408 3.53276014
v 0.43959042 -0.63729924 3.48538065
v -0.17255309 -4.55748034 1.93259227
v -0.17255308 0.1095141 3.58180857
v -0.17255306 0.7601912 3.53275919
v -0.17255309 -0.6372993 3.53275919
v -0.17255312 -1.456429 3.39182901
v -0.18144168 2.22773552 2.90232277
v -0.17255317 -2.31136084 3.17579317
v -0.1763688 1.79793859 3.17584133
v -0.17255318 -3.9242847 2.44959044
v -0.17255318 -3.15334773 2.90534067
v -0.17255306 1.30780053 3.39182901
v -1.06983602 2.59405255 0.0820236
v -1.31248975 2.5965929 0.13061
v -2.45051885 -0.28729761 -0.05092812
v -2.71536756 0.76019144 -0.02570235
v -2.81096578 0.10951435 -0.02702939
v -2.60561752 -1.45644128 -0.02250338
v -2.78149557 -0.6372987 -0.02564204
v -1.51166451 2.59820223 0.21231896
v -1.90354598 2.23806214 0.0348487
v -2.1396203 -2.70917821 -0.02055958
v -2.24393296 1.79907131 -0.02049142
v -1.5052942 -3.92544532 -0.02703048
v -1.07553136 -4.56071138 0.12882116
v -2.52087688 1.30780077 -0.02273165
v -2.09518862 2.23847628 0.19692038
v -2.47378755 1.79854536 0.13178153
v -2.11676455 -3.15405965 0.1040999
v -2.54072285 -2.31156135 0.13342948
v -2.78187013 1.30780077 0.14773335
v -1.65341592 -3.92541337 0.06221633
v -2.99797726 0.76019138 0.15505065
v -3.1042006 0.10951434 0.15752423
v -3.07145476 -0.6372987 0.15648471
v -2.87602878 -1.4564296 0.14984614
v -1.65985274 2.60014081 0.36695039
v -3.25001073 -0.6372987 0.55546927
v -3.28477311 0.10951421 0.56617486
v -3.04254818 -1.4564929 0.51822519
v -2.68658781 -2.31165767 0.4512082
v -2.21361709 2.24025178 0.48364845
v -2.23651671 -3.154006 0.35402063
v -2.61553025 1.79868937 0.45105398
v -1.74462855 -3.92536592 0.23289353
v -2.94258976 1.30780077 0.51441848
v -3.17200732 0.76019138 0.55275577
v -2.66363025 1.79941869 0.90120566
v -1.77542734 -3.92527413 0.48204032
v -2.27695227 -3.15399194 0.7135154
v -2.99685812 1.30780053 1.02483809
v -3.23076963 0.76019138 1.09915376
v -3.34574533 0.10951432 1.12407112
v -3.31030107 -0.63729888 1.10149407
v -3.09877491 -1.45654356 1.02826941
v -2.73584104 -2.31168795 0.89930803
v -3.25001025 -0.63730443 1.67705441
v -3.28477311 0.10951419 1.70760703
v -3.04254818 -1.45652628 1.5787015
v -2.68658805 -2.31172752 1.40050495
v -2.23651671 -3.15393519 1.13407481
v -2.61604023 1.80010164 1.40093637
v -2.94258976 1.30780053 1.55478644
v -3.17200685 0.76019138 1.67598569
v -2.11676431 -3.15379643 1.52984369
v -2.47453213 1.80046415 1.88725603
v -2.78187013 1.30780053 2.05692339
v -2.99797654 0.76019138 2.18950772
v -3.10420036 0.1095143 2.2264905
v -3.07145405 -0.63729906 2.19647908
v -2.87602901 -1.45647371 2.09303021
v -2.54072237 -2.31160569 1.88322818
v -2.0968442 2.24447155 1.73131657
v -2.78149486 -0.63729906 2.58138371
v -2.60561728 -1.45643198 2.50802827
v -2.30384898 -2.31145477 2.29058051
v -1.90526521 2.24349809 2.11599708
v -1.922297 -3.15364456 1.88545835
v -2.24453759 1.80044866 2.32168031
v -1.50529408 -3.92472124 1.43866944
v -2.52087665 1.30780053 2.49027729
v -2.71536684 0.7601912 2.58167982
v -2.81096554 0.10951418 2.60156775
v -2.33503866 0.76019132 2.87925053
v -2.16963816 1.30780053 2.79773378
v -1.30595613 -3.92451859 1.73083663
v -2.41633821 0.10951418 2.90724564
v -2.39127588 -0.63729894 2.87925053
v -2.24170446 -1.45642841 2.79773378
v -1.98507106 -2.31141949 2.63354588
v -1.64733386 2.24159598 2.43687248
v -1.66058791 -3.1535089 2.20751143
v -1.93510723 1.80049419 2.66006875
v -1.79827511 -1.45642841 3.03623486
v -1.59663939 -2.3114202 2.87478542
v -1.33325911 2.23943424 2.66038489
v -1.07049465 2.59608936 2.37065125
v -1.34169459 -3.15343022 2.48624039
v -1.55834126 1.8007164 2.87478709
v -1.06306195 -3.92444515 1.984303
v -1.74165297 1.30780053 3.03623486
v -1.87160683 0.7601912 3.1399951
v -1.93548393 0.10951417 3.17583942
v -1.91579235 -0.63729906 3.1399951
v -1.34288132 0.7601912 3.34914064
v -1.25336754 1.30780053 3.22608757
v -0.46698588 -4.55256033 1.81526327
v -1.38688064 0.10951428 3.39182949
v -1.37331676 -0.63729912 3.34914064
v -1.29236948 -1.45642853 3.22608757
v -1.15348041 -2.3114202 3.03623438
v -0.97499824 2.23645186 2.79129791
v -0.97787136 -3.15337801 2.70745635
v -1.12842786 1.8003571 3.03623652
v -0.78594607 -3.92425799 2.19419241
v -0.7434305 -1.45642889 3.34914112
v -0.67262512 -2.31138968 3.13997126
v -0.58602935 2.23236346 2.87396002
v -0.58310062 -3.15335464 2.850914
v -0.66180521 1.79936826 3.13999772
v -0.48525795 -3.92428875 2.3516984
v -0.7235474 1.30780053 3.34914112
v -0.76918077 0.7601912 3.48538065
v -0.79161155 0.10951412 3.53276014
v -0.78469664 -0.63729912 3.48538065
v -0.16904737 -4.90370417 0.75151807
v -0.18957825 -5.29186773 0.82122838
v -0.22943188 -4.89869213 0.78251451
v 0.00315107 -5.24645281 1.08416045
v -0.11457134 -4.89839697 0.78434116
v 0.00365488 -4.86013317 1.0209918
v 0.00046381 -5.23813868 1.13564456
v -0.34556997 -5.2381382 1.13564444
v -0.27479577 -5.22916412 1.1954633
v -0.27218598 -4.84181595 1.13427675
v -0.34876096 -4.86013317 1.0209918
v -0.3408429 -4.84855556 1.0925957
v -0.00308974 -4.84918118 1.08873034
v -0.3477686 -5.1654563 1.03820252
v -0.33984542 -5.18168306 1.04091537
v -0.3222729 -5.16255474 1.02434468
v -0.28005183 -5.15864038 1.18158031
v -0.27484125 -5.1435585 1.17189348
v -0.32612246 -5.16387272 1.1503576
v -2.1346736 -4.91928148 1.93152738
v -0.30413103 -5.13775587 1.17602468
v -0.0650542 -5.15864038 1.18158031
v -0.07026489 -5.1435585 1.17189348
v -0.04097512 -5.13775587 1.17602468
v 1.78956771 -4.91928101 1.93152714
v -0.01898365 -5.16387272 1.15035772
v 2.13217831 -4.9545908 1.81102085
v 0.01407683 -5.15147877 1.08798611
v -0.0061916 -5.16044521 1.07073975
v -0.00472571 -5.16695738 1.12942398
v 2.44718647 -5.11763239 1.47711098
v -0.01646324 -5.18354464 1.02833295
v 1.69008482 -3.33692932 1.70632625
v 1.75978529 -2.41112614 4.36616611
v 2.11966419 -2.38368464 4.17738819
v 1.9681443 -2.42237449 4.33466387
v 2.8375392 -2.78592157 3.5055809
v 2.66184902 -2.60246634 3.94367814
v 1.41977477 -3.35202074 1.73729992
v 1.19512236 -3.01194787 2.05313492
v 0.41496938 -2.60718632 3.71226025
v 0.26733774 -2.90629625 3.1807723
v 0.70583105 -3.21166682 1.89633214
v -2.71788836 -2.52389002 2.50897527
v -2.94520664 -2.54758382 2.67989922
v -2.74523067 -2.3989656 2.76326895
v -3.07435012 -2.64067054 2.70480752
v -3.24525189 -2.71023321 2.94140816
v -2.53342438 -3.22519279 2.1032362
v -2.1194098 -2.60980463 2.87863135
v -2.00973225 -2.51596951 3.24951482
v -1.82563818 -2.49851489 4.07992601
v -1.64523697 -2.49898767 4.03827
v -1.76567984 -3.36543036 1.69643629
v -1.66266072 -3.34052682 1.70084655
v -1.76189542 -2.45409656 4.38441324
v -1.05906749 -2.52133822 3.70997167
v -1.25130999 -2.48132277 3.55917406
v 0.90350252 -3.88901591 1.43271565
v 0.97187406 -3.93054605 1.67841864
v 0.9436745 -4.0785799 1.52422404
v 0.80976206 -4.10492992 1.2905767
v 0.80976194 -3.54545045 1.85877657
v 0.86732 -3.99931645 1.35047209
v 0.7203002 -4.3823061 1.63100052
v 0.55365813 -4.42215824 1.47718453
v 0.4057965 -4.39277458 1.57400727
v 0.21417792 -4.21991777 1.6602869
v 0.13544233 -3.93054605 1.67841852
v 0.16521518 -4.08196068 1.51744056
v 0.29755434 -4.10492992 1.2905767
v 0.23999633 -3.99931598 1.35047138
v 0.19147274 -3.78154635 1.53170395
v 0.20381381 -3.88901591 1.43271565
v 0.29755437 -3.54545045 1.85877657
v 0.37256539 -4.19865894 1.2571125
v -1.26095009 -3.78154612 1.53170407
v -1.15486836 -3.54545021 1.85877669
v -0.89876449 -4.42215824 1.47718465
v -0.89876419 -4.41169691 1.66078889
v -0.89876461 -4.28927231 1.90750885
v -0.56828904 -3.6848743 1.92791629
v -0.49479899 -3.82815289 1.78240609
v -0.58510262 -3.60370994 1.75225139
v -0.54892009 -3.68423438 1.64069104
v -0.53657907 -3.78154612 1.53170407
v -0.64266068 -4.10492897 1.29057682
v -0.58510262 -3.99931574 1.35047138
v -0.64266068 -3.54545021 1.85877669
v -0.54892009 -3.88901567 1.43271565
v -2.9524374 3.54955912 1.22798455
v -2.97677279 3.45145988 1.23336887
v -2.97824359 3.45180273 1.22933483
v -2.99524689 3.55961132 1.26463246
v -3.01182103 3.45968866 1.2648021
v -2.9900279 3.55838633 1.2679311
v -2.95014238 3.5490222 1.23764145
v -2.95075893 3.5491662 1.23246777
v -3.00698853 3.45855522 1.26718724
v -2.98451996 3.55709553 1.27043426
v -2.95053291 3.54911518 1.24327314
v -2.97627163 3.45134211 1.23801064
v -2.98472023 3.55713272 1.21512556
v -3.01188898 3.45969629 1.21939802
v -2.99013948 3.55840492 1.21645641
v -3.00196528 3.457376 1.26855993
v -2.97887087 3.55576992 1.27191079
v -2.95196056 3.54945135 1.24911916
v -2.976758 3.4514575 1.24303567
v -3.01633668 3.46074057 1.2210629
v -2.99506187 3.55955935 1.21852374
v -2.95439243 3.5500226 1.25491071
v -2.97821522 3.45180035 1.24817824
v -3.02023363 3.46165514 1.22338855
v -2.99933577 3.56056261 1.2212553
v -2.98378038 3.45310783 1.25771701
v -2.98058653 3.45235729 1.25316048
v -3.0234313 3.46240664 1.22613728
v -3.00282145 3.56138134 1.22440028
v -2.97895741 3.55577946 1.21442127
v -3.00706148 3.4585638 1.21846998
v -2.95782948 3.55083084 1.26033127
v -2.98767543 3.45402193 1.26161718
v -3.02580452 3.46296406 1.22940826
v -3.00543594 3.56199646 1.22806633
v -2.96251726 3.5519309 1.26458204
v -2.99212074 3.45506668 1.26477182
v -3.00710106 3.56238747 1.23255467
v -3.02726316 3.46330738 1.23344672
v -2.96772575 3.55315399 1.26789677
v -2.9969461 3.45619822 1.26717174
v -3.00770235 3.56252909 1.23773015
v -3.02775049 3.46342278 1.23809004
v -2.97319174 3.55442667 1.2151078
v -2.99218845 3.45507431 1.21936774
v -2.99701881 3.45620728 1.21845448
v -2.97322631 3.55444479 1.27041686
v -3.00729489 3.56243515 1.24336064
v -3.02724838 3.46330547 1.24311352
v -2.96776867 3.55315495 1.21642196
v -2.98773646 3.45402956 1.22101879
v -3.00584936 3.5620966 1.24920225
v -3.02577591 3.4629612 1.24825168
v -2.96284008 3.55199766 1.21847403
v -2.98383236 3.45311308 1.22333252
v -3.0020411 3.45738459 1.21813142
v -3.00340033 3.56152296 1.25498629
v -3.02339029 3.46240187 1.25322652
v -2.95855832 3.5509944 1.22119248
v -2.98062706 3.45236158 1.22607124
v -3.02018213 3.46164989 1.25777304
v -2.99994683 3.56071377 1.26039624
v -2.95506287 3.55017471 1.22432661
v -3.01627541 3.46073341 1.26166129
v 0.02141367 2.84327531 1.40401316
v 0.14650865 3.76748776 1.43454444
v -0.01804685 2.84231162 1.44251478
v 0.18451655 3.76393366 1.39746976
v 0.22259828 4.9308238 1.41556478
v 0.2457626 4.95666313 1.38203692
v -0.53885031 5.87197495 1.38947654
v -0.51957083 5.89434814 1.36098313
v -1.55887222 5.95694447 1.36126256
v -1.57230699 5.97651005 1.33829975
v -2.37457442 5.55574131 1.33556223
v -2.71411324 4.97785473 1.30105436
v -2.70009899 4.97446918 1.31502247
v -2.80496645 4.53228664 1.28912687
v -2.79396772 4.5284009 1.30025291
v -2.86830759 4.2223444 1.28096557
v -2.85939217 4.21796799 1.29011798
v -2.91636658 3.98566437 1.27446485
v -2.90909481 3.98088264 1.28201926
v -2.95321131 3.80039787 1.26869011
v -2.94731188 3.79558659 1.2748189
v -2.98135114 3.65711355 1.26390886
v -2.97578669 3.6558094 1.26889706
v -0.38058513 2.84712267 1.09147906
v -0.21356156 3.85736513 1.12842071
v -0.19067633 3.85352635 1.09748554
v -0.0541186 4.74177408 1.13932931
v -0.03870034 4.75602913 1.11147785
v -0.77776194 5.71714306 1.15513563
v -0.76505232 5.72972202 1.13155818
v -1.49187899 5.75198698 1.15310013
v -2.31685066 5.38543797 1.18746734
v -2.32276678 5.39506245 1.17263079
v -2.5765419 4.92864323 1.18770218
v -2.56813741 4.926404 1.19931424
v -2.69534445 4.49117756 1.1984458
v -2.6886754 4.48924971 1.20772624
v -2.77787733 4.18681145 1.20584953
v -2.77238226 4.18517494 1.21352339
v -2.84119511 3.9548502 1.2117703
v -2.83663654 3.95345688 1.21816003
v -2.89138293 3.77450037 1.21700025
v -2.88765097 3.77333498 1.22225296
v -2.92829084 3.6446557 1.2212733
v 0.05375535 2.84405375 1.3590318
v 0.2158072 3.76177192 1.35421288
v 0.26308727 4.97979403 1.34293354
v -0.50650287 5.91588211 1.32773173
v -1.5885253 5.98984051 1.31142616
v -2.38388038 5.57167435 1.31761587
v -2.3974452 5.58163071 1.29651868
v -2.72681522 4.97406578 1.28453064
v -2.81511259 4.52924204 1.27587259
v -2.87673569 4.21957493 1.26993906
v -2.92344713 3.98285866 1.26519156
v -2.95902348 3.79791737 1.26097715
v -2.9854331 3.65807009 1.25751901
v -0.34814915 2.84695411 1.06438196
v -0.16009928 3.84749198 1.07150698
v -0.01702952 4.77392149 1.08808696
v -0.74679327 5.74502087 1.11175251
v -1.50064945 5.76908255 1.13717186
v -2.32962656 5.40844154 1.16017747
v -2.58781171 4.93179893 1.17794883
v -2.70417023 4.49429035 1.19062245
v -2.78511 4.18957424 1.19936574
v -2.84717274 3.95725536 1.20635915
v -2.89625931 3.77654123 1.21253788
v -2.932446 3.64562988 1.21758652
v 0.07774726 2.84460592 1.30984724
v 0.23900843 3.76002669 1.30698061
v 0.27596045 4.99691248 1.30031121
v -0.49712276 5.93217945 1.29155004
v -1.60055685 5.99969006 1.28224409
v -2.40700555 5.58923817 1.27366388
v -2.73611879 4.97173119 1.26666081
v -2.82256317 4.52724838 1.26155579
v -2.88297701 4.2173214 1.25804615
v -2.92867565 3.9805851 1.25523746
v -2.96331453 3.79578304 1.25273824
v -0.16362712 2.84396958 1.01267481
v -0.03560108 3.81656909 1.02497411
v 0.0114277 3.80265975 1.0217154
v 0.07875633 4.83890152 1.04603148
v 0.11765003 4.86073351 1.04296815
v -0.6287303 5.81347466 1.07324255
v -0.66346645 5.79720974 1.07597196
v -1.52882826 5.87609196 1.10600114
v -1.5241394 5.84502459 1.10828841
v -2.34950852 5.49314594 1.13561714
v -2.34672689 5.46840858 1.13748884
v -2.64917159 4.96151638 1.15868247
v -2.63269901 4.95098305 1.16018391
v -2.75284958 4.51958847 1.17505288
v -2.73965883 4.5111413 1.17628765
v -2.82498837 4.21209717 1.18627954
v -2.8140974 4.20487785 1.18735123
v -2.8800602 3.97735214 1.19521916
v -2.87106895 3.97085762 1.19620025
v -2.92316246 3.79362059 1.20314133
v -2.91573238 3.78827477 1.2040149
v -2.95655298 3.65128517 1.2096597
v -2.94975376 3.64969063 1.21045816
v -0.30861795 2.84655476 1.04146695
v -0.1230662 3.83920884 1.04952443
v 0.01036501 4.79437733 1.06827462
v -0.72331905 5.76198673 1.09495473
v -1.50938511 5.79073334 1.12365043
v -2.3362608 5.42546082 1.14959204
v -2.60140419 4.93617249 1.16967726
v -2.71477842 4.49868679 1.18395293
v -2.79377937 4.19353962 1.19381654
v -2.85432196 3.96074867 1.2017076
v -2.90208149 3.77953434 1.2086798
v -2.93750811 3.64681721 1.2143755
v 0.09248215 2.84493518 1.25907421
v 0.2532618 3.75880861 1.25826204
v 0.28401613 5.00728035 1.25639665
v -0.49121833 5.94203186 1.25432432
v -1.60808897 6.00567818 1.2522465
v -2.4133482 5.59366894 1.25018442
v -2.74186897 4.97014809 1.24831736
v -2.82720375 4.52563095 1.24687004
v -2.88684416 4.21566105 1.24588132
v -2.93190908 3.9789238 1.24508941
v -2.96595836 3.79423189 1.24437606
v -2.98832655 3.65874863 1.25068545
v -0.26350844 2.84591889 1.02507997
v -0.0810235 3.82882452 1.03377676
v 0.04263544 4.81638956 1.0540452
v -0.69527388 5.77969456 1.08285129
v -1.51741982 5.81630421 1.1138823
v -2.34212399 5.44564438 1.14192057
v -2.61656666 4.94254494 1.16367209
v -2.72677255 4.50428295 1.179106
v -2.80356169 4.19866848 1.18975103
v -2.86238289 3.96530533 1.1982702
v -2.90864611 3.783463 1.20579612
v -2.94333386 3.64818382 1.21195436
v 0.097405 2.84508276 1.20945537
v 0.25806749 3.75835037 1.21066463
v 0.28675199 5.01077175 1.21351099
v -0.489254 5.94540119 1.21799231
v -1.61073446 6.00767326 1.22298157
v -2.41561699 5.59512234 1.22729158
v -2.74395514 4.96890259 1.23043704
v -2.82899904 4.52375698 1.23257506
v -2.88833189 4.21396542 1.23405719
v -2.9331131 3.97758961 1.23524249
v -2.96690798 3.79323959 1.23628032
v -2.99004626 3.6591506 1.24378455
v -0.16309242 2.84298205 1.51087701
v -0.03736013 3.80860543 1.48706388
v -0.21403483 2.8430512 1.49723554
v 0.01030535 3.79740477 1.50021219
v 0.08635214 4.82893372 1.46287787
v -0.6250422 5.808671 1.43968272
v -0.65561795 5.78691292 1.4295541
v -1.52608073 5.87702084 1.40162146
v -1.51452315 5.8490572 1.39341688
v -2.35018325 5.49255466 1.36707473
v -2.34086609 5.47079897 1.3606621
v -2.64986348 4.95738029 1.33950031
v -2.63182831 4.9533968 1.33453715
v -2.73953676 4.51075363 1.31578314
v -2.75404167 4.51355839 1.31971741
v -2.81446743 4.20269012 1.30289006
v -2.82648516 4.20493221 1.30613256
v -2.87173128 3.96765995 1.29257786
v -2.88175631 3.96946812 1.29526579
v -2.91661358 3.78438759 1.28340805
v -2.92486262 3.78583479 1.28560293
v -2.94976139 3.64970398 1.27586043
v -0.21455209 2.84505582 1.01596808
v 0.25329679 3.75896811 1.16667843
v 0.28372979 5.00765753 1.17387414
v -0.491714 5.94265366 1.18441069
v -1.60896301 6.00531292 1.19592452
v -2.41421509 5.5932951 1.20612371
v -2.74239516 4.96751404 1.21393132
v -2.82780576 4.52227831 1.21939456
v -2.8873682 4.21252155 1.22316527
v -2.93231487 3.97625351 1.22618079
v -2.96623898 3.79208851 1.22883832
v -2.99056959 3.65927267 1.23712528
v -0.08346963 3.81808996 1.46436369
v -0.26302636 2.84286761 1.47360313
v 0.05326748 4.80226994 1.44239461
v -0.68346524 5.76398754 1.41218746
v -1.50125849 5.82316113 1.37939954
v -2.32993793 5.45077372 1.34972417
v -2.61416817 4.95080566 1.32601523
v -2.72530603 4.50910187 1.30900741
v -2.80259275 4.20168114 1.29732621
v -2.8617835 3.9669981 1.28797793
v -2.90839291 3.78395748 1.27966583
v -2.94326162 3.64817715 1.27282608
v 0.09232939 2.84511018 1.16360652
v 0.23925287 3.76134491 1.12842834
v 0.27424455 4.99901295 1.13939679
v -0.49954438 5.93509769 1.15519285
v -2.41101933 5.58726692 1.18770838
v -2.73724675 4.96608734 1.19957495
v -2.82372427 4.52094173 1.20793438
v -2.88399935 4.21136761 1.21369553
v -2.92951345 3.9752512 1.2183032
v -2.96393538 3.7912364 1.22237062
v -2.98984098 3.65910053 1.23100603
v -0.12631574 3.82534122 1.43453991
v -0.30819634 2.84245801 1.44251466
v 0.02438021 4.77554035 1.41552401
v -0.7071259 5.74014854 1.38944197
v -1.48593712 5.80062437 1.36107588
v -2.31746149 5.43333054 1.33541596
v -2.59734273 4.95035553 1.31486404
v -2.71173763 4.50910521 1.30012619
v -2.79126167 4.20197964 1.29001296
v -2.85223246 3.96753979 1.28193164
v -2.90045023 3.78458929 1.27474666
v -2.9371419 3.64674139 1.26883745
v 0.07744161 2.84510326 1.12374568
v 0.21678059 3.76712561 1.09749246
v 0.25671959 4.98746157 1.11153853
v -0.51479554 5.92577362 1.1316098
v -1.60432661 5.99789333 1.17237186
v -1.60015392 5.98404408 1.15337729
v -2.40745974 5.57657814 1.17284763
v -2.81692266 4.51970577 1.19863331
v -2.87837267 4.21039295 1.2060045
v -2.92482901 3.97447586 1.2118994
v -2.96008968 3.79062271 1.21710622
v -2.98478031 3.65791082 1.22136033
v -2.98788166 3.65863991 1.22569227
v -0.34779862 2.843642 1.40401292
v -0.16249387 3.8375175 1.39746392
v -0.00624418 4.75924206 1.38198507
v -0.73345661 5.72679138 1.36093903
v -1.47959423 5.77780437 1.33806241
v -2.31124353 5.41599989 1.31743002
v -2.58332491 4.94716644 1.30085278
v -2.70019102 4.50770044 1.28896534
v -2.78135633 4.20194149 1.28083146
v -2.84361362 3.9685936 1.27435267
v -2.89304447 3.78627968 1.26859736
v -2.93159246 3.64543819 1.26383209
v -0.11273063 2.84461284 1.01596808
v 0.06005406 3.79628372 1.02497542
v 0.1481576 4.89326906 1.04604578
v -0.60462236 5.84330559 1.075984
v -1.54961967 5.89964056 1.10835361
v -2.3666749 5.51116657 1.13753974
v -2.66860604 4.95940971 1.16023934
v -2.76841736 4.51789188 1.176332
v -2.83795118 4.21047592 1.18738794
v -2.89099932 3.97553539 1.19623089
v -2.93219233 3.79213858 1.20404029
v -2.96334982 3.65288019 1.21047914
v 0.05329949 2.84524107 1.0914793
v 0.18638694 3.7740202 1.07151282
v 0.23416591 4.97070837 1.08813858
v -0.5340156 5.91171265 1.11179626
v -1.59270251 5.96637154 1.13740754
v -2.40162516 5.56275082 1.16036177
v -2.72875857 4.96436214 1.18793702
v -2.80765581 4.51857376 1.19078195
v -2.8706851 4.20965576 1.1994977
v -2.91842222 3.97397423 1.20646894
v -2.95482707 3.79028368 1.21262836
v -2.98063612 3.6569376 1.21766078
v -0.38031268 2.84474969 1.35903168
v -0.19196765 3.84824085 1.35420609
v -0.03283906 4.74796486 1.34287274
v -0.75748301 5.71926403 1.32768011
v -1.47982299 5.75686407 1.31114793
v -2.3123486 5.3992486 1.29630089
v -2.57368279 4.93813324 1.28429461
v -2.69249725 4.50047016 1.27568352
v -2.77507257 4.19571877 1.26978242
v -2.83854866 3.9629364 1.26506054
v -2.88896513 3.78147697 1.26086915
v -2.92752934 3.64448357 1.25742972
v 0.02083756 2.84531212 1.0643822
v 0.14917982 3.78147888 1.04952908
v 0.20775174 4.94901085 1.06831527
v -0.55610299 5.89298534 1.09498918
v -2.39285612 5.54675341 1.14973712
v -2.71728992 4.96218014 1.17814863
v -2.79621887 4.51779699 1.18407845
v -2.86117315 4.2093544 1.19392037
v -2.91047859 3.97392559 1.20179427
v -2.94829273 3.79037714 1.20875108
v -2.97558403 3.65575218 1.21443415
v -0.40449026 2.84570384 1.309847
v -0.2138789 3.85606217 1.30697298
v -0.052531 4.73957253 1.30024362
v -0.77554321 5.71406555 1.29149282
v -1.48003089 5.74137306 1.28193569
v -2.31268263 5.38707924 1.27342248
v -2.56644106 4.93191528 1.26639915
v -2.6867528 4.4953804 1.26134634
v -2.77051973 4.19093227 1.2578727
v -2.8349061 3.95858192 1.25509286
v -2.88609505 3.77766323 1.25261927
v -2.92465639 3.64380741 1.25058722
v -0.01869939 2.84525514 1.04146719
v 0.1065414 3.78905249 1.03377986
v 0.17865849 4.92295074 1.05407321
v -0.5800066 5.86999702 1.08287513
v -1.58173466 5.94579506 1.12383568
v -2.38116312 5.52930832 1.14202058
v -2.70319462 4.96005726 1.16983414
v -2.78300142 4.51747608 1.17919278
v -2.85014248 4.20959854 1.18982291
v -2.90124273 3.97442245 1.19833016
v -2.9406743 3.79097939 1.20584559
v -2.96976566 3.65438557 1.21199512
v -0.41940033 2.84643221 1.25907397
v -0.22739814 3.86073375 1.25825393
v -0.06451443 4.73424149 1.25632501
v -0.78651237 5.71069813 1.25426364
v -1.48030818 5.73181343 1.25191939
v -2.3133812 5.37941933 1.24992859
v -2.56204891 4.92795372 1.2480402
v -2.68335962 4.49187565 1.24664819
v -2.76783037 4.1877327 1.24569774
v -2.83277845 3.95566273 1.24493659
v -2.88444185 3.77510452 1.24425042
v -2.9229579 3.64340878 1.24368107
v -0.11215403 2.84301591 1.49723554
v 0.05841511 3.78829718 1.48706567
v 0.12222695 4.85477829 1.47479129
v 0.15591025 4.88342667 1.46289217
v -1.54009259 5.90385818 1.39348233
v -2.66780281 4.96183777 1.33459246
v -2.76829195 4.5175004 1.31582749
v -2.83825541 4.20827198 1.30292666
v -2.89154673 3.97230911 1.29260838
v -2.93290091 3.78820848 1.2834332
v -2.96314621 3.65284443 1.27588105
v -2.95645094 3.65127373 1.27764893
v -0.06379722 2.84503174 1.02508008
v -1.56731069 5.92322826 1.11400998
v -2.68679786 4.95902443 1.16378045
v -0.42446768 2.8468926 1.20945513
v -0.23197484 3.86226439 1.21065629
v -0.06854773 4.73242855 1.21343791
v -0.79024553 5.70960522 1.21793032
v -1.4805063 5.72856188 1.22264826
v -2.31374741 5.37679195 1.22703087
v -2.5607872 4.92592144 1.23015451
v -2.6826272 4.48940945 1.2323494
v -2.76728654 4.18556023 1.23387051
v -2.83232307 3.95393753 1.23508704
v -2.88405609 3.77379799 1.23615253
v -2.92245436 3.64328861 1.23702025
v -0.06317534 2.8427918 1.47360325
v 0.10440624 3.77825093 1.46436691
v -0.56766653 5.85470581 1.4122113
v -0.59659481 5.83315182 1.42956626
v -1.55142939 5.9306879 1.37952781
v -2.36921167 5.53494453 1.34982455
v -2.36087799 5.51368284 1.36071324
v -2.68479705 4.96737766 1.32612407
v -2.78179121 4.52235651 1.30909443
v -2.84935522 4.21265411 1.29739833
v -2.90076447 3.97614479 1.28803813
v -2.94046497 3.79148293 1.2797153
v -2.96965528 3.65437078 1.27286685
v -0.41949707 2.84709024 1.16360617
v -0.22736293 3.86089182 1.1666702
v -0.06479096 4.73462629 1.1738025
v -0.78698063 5.71134186 1.18434989
v -1.48120153 5.73148823 1.19559753
v -2.31426477 5.37908173 1.20586789
v -2.56285 4.92538261 1.2136544
v -2.68439198 4.4886241 1.21917331
v -2.76882362 4.18470478 1.22298253
v -2.83365822 3.95310402 1.22602856
v -2.88518906 3.77306938 1.22871339
v -2.92320108 3.64346313 1.23090327
v 0.18972346 4.90917063 1.44242263
v -0.40467969 2.8471005 1.12374544
v -1.48393142 5.73985386 1.17206371
v -2.92517662 3.64392567 1.22559559
v -3.01952958 3.41906309 1.22614217
v -3.0156498 3.41815233 1.22539604
v -3.02288771 3.41985226 1.22739923
v -3.02790785 3.42103004 1.23095882
v -3.02576447 3.4205265 1.22911584
v -3.02922535 3.42133999 1.23277426
v -3.03005171 3.42153358 1.23506272
v -3.03037262 3.42160988 1.23811543
v -3.03000736 3.42152452 1.2417711
v -3.02887583 3.42125988 1.24571931
v -3.02447796 3.42022848 1.25320387
v -3.02700138 3.42082119 1.24962735
v -3.02140641 3.41950846 1.25626123
v -3.01406598 3.41778755 1.26063597
v -3.01785231 3.41867542 1.25876689
v -3.01141238 3.41716385 1.261361
v -3.01146674 3.41717052 1.22511411
v -3.0034008 3.41527843 1.22611725
v -3.00003862 3.41448975 1.22736394
v -2.99715662 3.41381311 1.22907174
v -2.99500799 3.41330957 1.23090804
v -2.99368477 3.41299963 1.23271942
v -2.99285126 3.4128046 1.23500538
v -2.992522 3.41272783 1.23805702
v -2.99287605 3.4128108 1.24171388
v -2.99399614 3.41307402 1.24566555
v -2.99585819 3.41351318 1.24957931
v -2.99837112 3.41410351 1.25316358
v -3.00143361 3.41482115 1.25623047
v -3.00498033 3.41565466 1.2587471
v -3.00876093 3.41654301 1.26062775
v -3.00728321 3.41618872 1.22538316
v -3.02542734 3.38803816 1.23106301
v -3.02223873 3.38728952 1.23044991
v -3.02799106 3.38863993 1.23202264
v -3.03149796 3.38946342 1.23447716
v -3.03012276 3.38914061 1.23329496
v -3.03204513 3.38959169 1.23523045
v -3.03241014 3.389678 1.23624194
v -3.03260899 3.38972569 1.23813438
v -3.03234339 3.38966227 1.24079204
v -3.03146076 3.38945675 1.24387193
v -3.02793574 3.38863039 1.24987006
v -3.02995968 3.38910437 1.24700153
v -3.02547264 3.38805294 1.25232148
v -3.01955295 3.38666391 1.25585604
v -3.02257586 3.38737392 1.25436378
v -3.0186286 3.38644695 1.25610852
v -3.01866746 3.38645124 1.23020911
v -3.01190472 3.38486528 1.23104215
v -3.00933838 3.38426352 1.23199391
v -3.00720263 3.38376331 1.23325968
v -3.00582433 3.38343859 1.23443758
v -3.00527477 3.38331032 1.2351892
v -3.00490665 3.38322449 1.2361995
v -3.00470233 3.3831768 1.23809135
v -3.0049603 3.38323784 1.24074984
v -3.00583363 3.38344383 1.24383235
v -3.00732565 3.38379335 1.2469666
v -3.00934029 3.38426781 1.24984145
v -3.01179552 3.38484335 1.25230038
v -3.01468611 3.38552284 1.25435162
v -3.0177052 3.38622999 1.25585318
v -3.01509523 3.3856144 1.23043895
v -3.03006911 3.33778811 1.24176168
v -0.0636479 -4.84227991 1.13140821
v 0.91584367 -3.78154635 1.53170395
vn -0.06452 0.08447 -0.99434
vn 0.02406 0.09086 -0.99557
vn 0.00955 0.14247 -0.98975
vn -0.05184 -0.02194 -0.99841
vn 0.06736 -0.14324 -0.98739
vn -0.069 -0.14428 -0.98713
vn 0.0018 0.85576 -0.51737
vn 0.04878 0.97529 -0.21546
vn 0.08396 0.86996 -0.48592
vn 0.08034 0.9967 0.01137
vn 0.14595 0.97694 -0.15587
vn 0.0406 0.50385 -0.86283
vn 0.10321 0.5839 -0.80524
vn 0.1636 0.90404 -0.39491
vn 0.05841 0.2532 -0.96565
vn 0.13987 -0.50784 -0.85002
vn 0.03144 -0.43257 -0.90105
vn 0.20014 -0.87359 -0.44361
vn 0.00011 -0.84296 -0.53798
vn 0.06087 0.07953 -0.99497
vn 0.05122 -0.01203 -0.99862
vn 0.00063 -0.99889 0.04717
vn 0.19464 0.70438 -0.68262
vn 0.27377 0.93397 -0.22969
vn 0.33306 -0.14747 -0.9313
vn 0.32133 0.30452 -0.89667
vn 0.33134 0.16126 -0.92963
vn 0.31807 0.08568 -0.94419
vn 0.22772 0.97368 0.00979
vn 0.43513 -0.88917 -0.14157
vn 0.31911 0.79122 -0.52166
vn 0.4436 0.84999 -0.28415
vn 0.35331 0.9348 -0.03649
vn 0.51998 0.85279 0.04859
vn 0.49855 0.85997 -0.10908
vn 0.3649 0.92464 0.10906
vn 0.64044 0.75823 0.12218
vn 0.65201 0.75821 -0.002
vn 0.48224 -0.8588 0.17295
vn 0.50347 0.84443 0.18292
vn 0.213 0.96603 0.14633
vn 0.6275 -0.67475 0.38853
vn 0.4031 -0.84447 0.35267
vn 0.32775 0.91704 0.22722
vn 0.41242 0.82557 0.38515
vn 0.4713 0.83747 0.27661
vn 0.22896 0.89825 0.37512
vn 0.28928 -0.84692 0.44615
vn 0.2081 0.76966 0.60359
vn 0.33383 0.79965 0.49912
vn 0.06911 0.96861 0.23879
vn -0 -0.85496 0.51869
vn 0.07145 0.87704 0.47508
vn 0.01092 0.73966 0.67289
vn 0.11273 0.75172 0.64978
vn -0.02815 0.16242 -0.98632
vn -0.04106 0.52791 -0.84831
vn -0.07325 0.87741 -0.47411
vn -0.08919 0.98265 -0.16259
vn -0.05871 0.24754 -0.9671
vn -0.13802 -0.50668 -0.85102
vn -0.02556 -0.43007 -0.90244
vn -0.14038 0.34992 -0.9262
vn -0.19141 -0.8732 -0.44821
vn -0.40058 -0.89331 -0.2038
vn -0.30103 0.93301 -0.19717
vn -0.18503 0.90792 -0.3761
vn -0.17602 0.98413 0.02264
vn -0.66959 -0.71604 -0.19733
vn -0.55636 -0.69256 -0.45916
vn -0.48011 -0.87577 0.05033
vn -0.54058 0.84021 0.04265
vn -0.36527 0.9295 -0.05111
vn -0.51752 0.84601 -0.12823
vn -0.38415 0.91589 0.11649
vn -0.66738 0.73478 0.12122
vn -0.6776 0.73534 -0.01189
vn -0.69754 -0.69097 0.18974
vn -0.70644 -0.70777 -0.00241
vn -0.74313 -0.61227 0.26998
vn -0.78802 -0.59956 0.13981
vn -0.46982 -0.85371 0.2246
vn -0.52078 0.83192 0.19155
vn -0.62705 -0.67461 0.3895
vn -0.10628 0.97749 0.18224
vn -0.39962 -0.84444 0.35668
vn -0.41635 0.81281 0.40741
vn -0.32855 0.90994 0.2531
vn -0.48017 0.8262 0.29468
vn -0.5126 -0.67281 0.53345
vn -0.24013 0.89919 0.36577
vn -0.28921 -0.84691 0.44621
vn -0.10591 0.8847 0.45397
vn -0.07404 0.74441 0.6636
vn -0.19834 0.76079 0.61795
vn 0.66405 -0.52468 -0.53268
vn -0.00482 -0.9788 -0.20475
vn 0.13946 -0.61805 -0.77367
vn 0.67323 -0.36326 0.64405
vn 0.2537 -0.11516 0.9604
vn 0.13091 -0.70628 0.69572
vn 0.29363 -0.90077 0.31998
vn 0.58718 -0.8092 0.02037
vn -0.28945 -0.90127 0.32239
vn -0.12533 -0.7154 0.68738
vn -0.67428 -0.36775 0.64039
vn -0.67089 -0.54795 -0.49965
vn -0.58674 -0.8095 0.02094
vn -0.93775 -0.31836 -0.1388
vn -0.06966 0.82286 -0.56396
vn -0.65886 0.43616 -0.61291
vn -0.41741 0.4405 0.79481
vn -0.17248 -0.364 -0.91529
vn -0.54682 -0.81381 0.19673
vn -0.46352 -0.70394 -0.53816
vn -0.46624 -0.71281 0.52395
vn -0.88297 0.23916 -0.40395
vn -0.09566 0.72305 0.68414
vn 0.34864 0.90095 0.25834
vn -0.17142 0.51212 0.84163
vn 0.4121 0.16253 0.89652
vn -0.1977 0.6925 -0.6938
vn -0.78542 0.34369 -0.51477
vn -0.40599 -0.17071 -0.89779
vn 0.22646 -0.18562 0.95617
vn -0.42233 -0.4993 0.75653
vn -0.1881 -0.79842 -0.57197
vn -0.02058 0.93107 -0.36425
vn -0.46256 0.8629 0.20356
vn -0.74536 -0.29461 -0.59802
vn 0.46623 -0.71282 0.52394
vn 0.46352 -0.70394 -0.53816
vn 0.88298 0.23917 -0.40392
vn -0.34864 0.90095 0.25834
vn 0.09566 0.72305 0.68414
vn 0.19771 0.69248 -0.69381
vn 0.78543 0.34369 -0.51476
vn 0.40599 -0.17072 -0.89779
vn -0.4121 0.16254 0.89652
vn 0.17141 0.51211 0.84164
vn -0.19827 -0.38358 0.90197
vn 0.4967 -0.68077 0.53836
vn 0.3787 0.7121 0.59119
vn 0.73526 0.01048 -0.67771
vn 0.21161 0.2005 -0.95657
vn 0.23058 -0.47834 -0.84736
vn 0.23438 0.426 -0.87383
vn 0.75263 0.23883 -0.6136
vn 0.27621 -0.70953 -0.64829
vn -0.27387 0.748 0.60455
vn 0.28345 0.57448 0.76787
vn -0.31932 0.16662 0.93288
vn -0.16424 0.58803 0.79199
vn 0.40209 0.45942 0.79199
vn 0.17044 -0.01075 -0.98531
vn -0.16388 -0.31328 0.93541
vn 0.67854 0.3032 -0.66906
vn 0.17492 -0.15719 -0.97195
vn -0.03255 0.9842 0.17406
vn -0.09436 0.98894 0.11446
vn -0.10003 0.97966 0.17397
vn 0.04174 0.90208 0.42954
vn -0.04748 0.84732 -0.52895
vn -0.16873 0.86997 -0.46334
vn -0.06344 0.88258 -0.46586
vn 0.12047 0.83947 -0.52988
vn 0.009 0.98629 0.16475
vn -0.07672 0.98047 0.18106
vn -0.00947 0.80151 -0.59791
vn -0.1245 0.82461 -0.55183
vn 0.00925 0.74209 -0.67023
vn 0.13501 0.69085 -0.71028
vn 0.02718 0.67074 -0.7412
vn 0.01412 0.98804 0.15357
vn 0.13743 0.97579 0.17013
vn -0.08826 0.73704 -0.67006
vn 0.16741 0.97586 0.14027
vn 0.01743 0.99869 0.04804
vn 0.09286 0.56388 -0.82062
vn 0.15895 0.43594 -0.88583
vn 0.05481 0.4216 -0.90513
vn -0.12753 0.9772 -0.16976
vn -0.25959 0.91959 -0.29491
vn -0.25039 0.95587 -0.15371
vn -0.16748 0.98564 0.02139
vn 0.14848 0.98891 -0.00142
vn 0.08431 0.97229 -0.21805
vn -0.00105 0.99395 -0.10981
vn 0.1107 0.17475 -0.97837
vn 0.05188 0.196 -0.97923
vn 0.13814 0.32257 -0.93641
vn 0.23809 0.12427 -0.96326
vn -0.1394 0.90518 -0.40153
vn -0.25229 0.88951 -0.38095
vn -0.11178 0.94937 -0.2936
vn -0.00894 0.93566 -0.35279
vn 0.05907 0.90818 -0.41439
vn 0.34477 0.78234 -0.51873
vn 0.18987 0.88285 -0.42957
vn 0.32098 0.87175 -0.37017
vn 0.21139 0.94328 -0.256
vn 0.43486 0.79847 -0.41635
vn 0.07908 0.95691 0.27941
vn 0.32889 0.71455 -0.61745
vn 0.30723 0.61185 -0.72887
vn 0.13068 0.77545 -0.61773
vn 0.22722 0.55719 -0.79869
vn 0.25283 0.95422 0.15981
vn 0.23602 0.44937 -0.8616
vn 0.36908 0.91739 0.14889
vn 0.2983 0.95154 0.07479
vn 0.25267 0.26759 -0.92982
vn 0.32407 0.27104 -0.90638
vn 0.27849 0.9571 -0.08002
vn 0.45222 0.88924 0.06895
vn 0.44466 0.89443 -0.04765
vn 0.40649 0.88041 -0.24423
vn 0.55886 0.80389 -0.20357
vn 0.28134 0.94151 0.18546
vn 0.43553 0.86238 0.2581
vn 0.47553 0.86837 0.1407
vn 0.36682 0.39661 -0.84151
vn 0.41728 0.47285 -0.77607
vn 0.51187 0.32204 -0.79642
vn 0.43492 0.18554 -0.88115
vn 0.58091 0.81161 0.06187
vn 0.61287 0.78978 -0.02511
vn 0.6961 0.70716 -0.12397
vn 0.67843 0.57796 -0.45353
vn 0.57401 0.73167 -0.36767
vn 0.71882 0.61202 -0.32974
vn 0.68512 0.68715 -0.24174
vn 0.23619 0.83058 0.50433
vn 0.61028 0.54787 -0.57219
vn 0.54126 0.67517 -0.50118
vn 0.78541 0.47424 -0.39777
vn 0.49837 0.5174 -0.69565
vn 0.49226 0.6151 -0.6159
vn 0.68404 0.45037 -0.57381
vn 0.34272 0.8759 0.33961
vn 0.8318 0.51335 -0.21113
vn 0.95554 0.22931 -0.18539
vn 0.86692 0.38521 -0.31633
vn 0.36234 0.28394 0.88774
vn 0.38775 0.69616 0.60416
vn 0.80698 0.34702 -0.47787
vn 0.95847 -0.0241 -0.28417
vn 0.50666 0.72101 0.4727
vn 0.52467 0.35455 0.77396
vn 0.74162 0.25623 -0.61996
vn 0.90823 -0.08104 -0.41054
vn 0.59896 -0.02697 0.80033
vn 0.66713 0.46288 0.58368
vn 0.64489 0.14795 -0.74982
vn 0.60843 0.37099 -0.70156
vn 0.82251 -0.13817 -0.55172
vn 0.61967 0.71261 0.32893
vn 0.80584 0.25166 0.53599
vn 0.8511 0.33001 0.40831
vn 0.6228 -0.2474 -0.74224
vn 0.53439 0.02908 -0.84474
vn 0.67418 0.71876 0.16988
vn 0.39085 -0.10343 -0.91462
vn 0.48777 -0.35639 -0.79691
vn 0.8752 0.48205 0.04058
vn 0.83085 0.53438 0.15537
vn 0.91997 -0.0932 0.38074
vn 0.29109 -0.2502 -0.9234
vn 0.3603 -0.68138 -0.6371
vn 0.83686 0.53223 -0.12802
vn 0.98152 0.18773 0.03704
vn 0.97215 -0.22651 0.06012
vn 0.13605 -0.71381 -0.687
vn 0.03664 -0.54654 -0.83663
vn 0.13676 -0.24225 -0.96053
vn 0.17945 0.04267 -0.98284
vn 0.5366 -0.76942 -0.34648
vn 0.21619 -0.965 0.14846
vn 0.22924 -0.96798 0.10235
vn 0.47766 -0.73557 -0.4804
vn 0.66455 -0.45863 0.58994
vn 0.24341 -0.79116 0.56109
vn -0.0734 -0.95318 0.29337
vn 0.26681 -0.84394 0.46538
vn 0.27854 -0.94865 -0.14996
vn 0.58005 -0.67721 0.45269
vn 0.5723 -0.73761 0.35833
vn 0.89126 -0.34078 0.2992
vn -0.09302 -0.9261 0.36564
vn 0.43393 -0.84844 0.30306
vn 0.31858 -0.92433 0.21005
vn 0.87976 -0.47537 0.00632
vn 0.19732 0.37834 0.90439
vn 0.20036 -0.37054 0.90695
vn 0.64483 -0.76187 -0.06131
vn -0.05572 -0.95181 0.30157
vn 0.43132 -0.07359 0.89919
vn 0.32685 -0.59785 0.73195
vn -0.30105 -0.82461 0.47895
vn 0.07963 -0.90946 0.4081
vn 0.63776 -0.69719 -0.3274
vn 0.73594 -0.1906 -0.64967
vn 0.61526 -0.77548 -0.14169
vn 0.74024 0.0067 0.67231
vn 0.09162 -0.00912 0.99575
vn 0.1146 -0.79156 0.60026
vn 0.25885 -0.52308 0.81203
vn -0.35748 -0.8779 0.31859
vn -0.39463 -0.83927 0.37401
vn -0.38938 -0.85249 0.34876
vn -0.36283 -0.81519 0.45147
vn 0.07687 -0.91305 0.40053
vn -0.02945 -0.98807 0.15119
vn -0.05385 -0.87594 0.4794
vn -0.28495 -0.71855 0.63443
vn -0.28606 -0.75667 0.58789
vn -0.25346 -0.62091 0.74177
vn -0.19774 -0.66896 0.71651
vn -0.27901 -0.95618 -0.08875
vn -0.11664 -0.99317 0.00325
vn -0.20563 -0.97853 0.01395
vn -0.27111 -0.95936 0.0783
vn 0.05211 -0.92224 0.3831
vn -0.06647 -0.84425 0.53182
vn -0.28733 -0.94597 0.15026
vn -0.42366 -0.89402 0.14573
vn 0.11694 -0.98336 0.13905
vn 0.08145 -0.99662 0.01114
vn -0.46092 -0.8469 0.26518
vn -0.39359 -0.8873 0.2404
vn -0.26233 -0.94522 0.19429
vn -0.33767 -0.89843 0.28071
vn 0.20681 -0.74709 -0.63173
vn 0.21541 -0.93593 -0.27862
vn -0.05656 -0.95644 -0.28641
vn -0.20355 -0.97223 0.11549
vn -0.15718 -0.98626 0.05091
vn -0.23524 -0.96361 0.12699
vn -0.09725 -0.89942 0.42612
vn -0.12422 -0.76302 0.63433
vn -0.27296 -0.4141 0.86834
vn -0.26648 -0.75435 0.59995
vn -0.29617 -0.92995 0.21789
vn -0.2158 -0.95425 0.20698
vn -0.05532 -0.99767 0.04005
vn -0.32603 -0.89506 0.30425
vn 0.03249 -0.6692 0.74237
vn -0.29708 -0.87112 0.39102
vn 0.03108 -0.85201 0.52261
vn -0.01163 -0.97197 0.23481
vn -0.27247 -0.83147 0.48416
vn -0.25449 -0.81794 0.51596
vn -0.24264 -0.76097 0.6017
vn -0.14854 -0.98834 -0.03358
vn -0.09795 -0.99189 -0.08102
vn -0.05956 -0.99816 -0.01168
vn -0.11805 -0.9926 0.02844
vn -0.20471 -0.55726 0.80471
vn -0.23821 -0.88861 0.39196
vn -0.13814 -0.91159 0.3872
vn -0.20119 -0.85495 0.47811
vn -0.03424 -0.99842 -0.04448
vn -0.16064 -0.82018 0.54909
vn -0.1381 -0.77981 0.61059
vn -0.228 -0.74325 0.62896
vn -0.02313 -0.99691 -0.07511
vn -0.11237 -0.79141 0.60087
vn -0.2417 -0.72422 0.64583
vn -0.30015 -0.42063 0.85614
vn -0.2948 -0.50847 0.80904
vn -0.24782 -0.71834 0.65005
vn -0.06085 -0.99808 0.01184
vn -0.05519 -0.99848 0.0007
vn -0.22528 -0.56901 0.79087
vn -0.12458 -0.98612 0.10978
vn -0.25999 -0.91393 0.31169
vn -0.14187 -0.94595 0.29165
vn -0.26237 -0.91548 0.30504
vn -0.06558 -0.98381 0.16677
vn -0.0248 -0.97919 0.2014
vn 0.07031 -0.99382 0.08586
vn -0.00248 -0.9991 0.04244
vn 0.0313 -0.97584 0.21625
vn 0.22651 -0.95217 0.2051
vn 0.13456 -0.95996 0.24571
vn 0.14839 -0.97986 0.13363
vn -0.05778 -0.31749 0.9465
vn 0.00522 -0.12663 0.99194
vn 0.13001 -0.93182 0.33883
vn -0.08038 -0.89714 0.43436
vn -0.00877 -0.94373 0.3306
vn -0.06551 -0.78409 0.61718
vn -0.09594 -0.84892 0.51973
vn -0.02478 -0.86854 0.49499
vn 0.05775 -0.9628 -0.26398
vn 0.05218 -0.99842 -0.02089
vn 0.08294 -0.86747 0.49053
vn 0.24106 -0.88056 0.40805
vn 0.16281 -0.83328 0.52833
vn 0.04439 -0.99667 -0.06841
vn -0.0597 -0.72208 0.68923
vn 0.00464 -0.99973 0.02298
vn -0.2991 -0.46479 0.83337
vn -0.10898 -0.7173 0.68819
vn -0.09578 -0.70075 0.70695
vn 0.06758 -0.99586 0.06073
vn 0.3632 -0.88824 0.28127
vn 0.43721 -0.82917 0.34832
vn 0.33198 -0.84105 0.42711
vn 0.14711 -0.98689 -0.06634
vn 0.11845 -0.99245 -0.03179
vn 0.26376 -0.80116 0.53718
vn 0.08757 -0.80204 0.59081
vn 0.17176 -0.75404 0.63397
vn 0.05602 -0.72973 0.68144
vn 0.22815 -0.96052 0.15923
vn 0.19044 -0.96711 0.1686
vn 0.12695 -0.9856 0.11174
vn 0.17485 -0.98261 0.06241
vn -0.16554 -0.76339 0.62436
vn 0.31022 -0.92144 0.23392
vn 0.26847 -0.93468 0.23303
vn -0.13039 -0.86317 -0.48779
vn -0.23931 -0.94816 -0.20909
vn 0.37277 -0.8894 0.26458
vn 0.27225 -0.91736 0.29039
vn 0.28892 -0.92877 0.23218
vn 0.46093 -0.85333 0.24366
vn -0.08211 -0.95017 0.30074
vn 0.16086 -0.33567 0.92814
vn -0.29815 -0.93044 -0.21302
vn -0.17019 -0.5948 -0.78565
vn -0.05341 0.4848 0.873
vn -0.16578 0.40504 0.89914
vn -0.25405 -0.01208 0.96712
vn 0.45309 -0.85762 0.24329
vn 0.45668 -0.8638 0.21282
vn 0.36591 -0.90117 0.23238
vn 0.38691 -0.82916 0.40347
vn 0.42915 -0.78409 0.44838
vn -0.33858 -0.68236 0.64789
vn -0.29611 -0.80728 0.51051
vn 0.06083 -0.99048 0.1235
vn 0.31643 -0.63051 0.70875
vn 0.35575 -0.76419 0.538
vn 0.16164 -0.96491 0.20692
vn -0.09415 -0.99547 -0.01347
vn 0.25461 -0.96702 0.00688
vn 0.28904 -0.91913 0.2677
vn 0.01763 -0.93182 0.36248
vn 0.42222 -0.8668 0.26531
vn 0.39082 -0.864 0.31743
vn -0.61777 -0.73864 -0.26977
vn -0.59898 -0.62958 -0.49482
vn -0.65555 -0.44276 0.61173
vn -0.07477 -0.92057 0.38335
vn -0.69055 -0.18037 0.70043
vn -0.57044 0.68801 0.4486
vn -0.74719 0.52697 0.40498
vn -0.41512 -0.75338 -0.50999
vn -0.40782 -0.61634 -0.67365
vn -0.28801 -0.81594 0.50129
vn 0.0841 -0.90827 0.40984
vn -0.81214 -0.31739 0.48959
vn -0.22161 -0.51868 -0.82575
vn -0.33172 -0.46717 -0.81959
vn -0.01789 -0.92692 0.37484
vn 0.43659 -0.85975 0.26497
vn -0.94171 0.33155 -0.05706
vn -0.92134 -0.37246 0.11142
vn -0.77052 -0.52047 0.36798
vn 0.08446 -0.95725 0.27666
vn -0.59555 -0.78572 0.1672
vn -0.77562 -0.62246 -0.10472
vn -0.45914 0.19212 0.86734
vn -0.32294 -0.39372 0.86064
vn -0.31109 0.63667 0.7056
vn -0.66244 -0.74756 -0.04817
vn -0.88865 -0.13933 -0.4369
vn -0.55963 0.77616 -0.29049
vn -0.97443 -0.21482 -0.06591
vn -0.65156 0.73301 -0.19535
vn -0.35473 0.88488 -0.30193
vn -0.43874 0.84785 -0.29776
vn 0.01961 -0.23515 -0.97176
vn -0.86514 0.42967 -0.25869
vn -0.19376 0.84752 0.49413
vn -0.65461 0.67445 -0.34147
vn -0.19399 0.95709 0.21527
vn -0.51455 0.74174 -0.43018
vn -0.67055 0.4146 -0.61519
vn -0.62216 0.1603 0.76631
vn -0.36166 0.83506 0.41458
vn -0.32115 0.94624 -0.03855
vn -0.90274 0.41992 0.09339
vn -0.41173 0.89638 -0.16425
vn -0.24493 0.95604 -0.16126
vn -0.40264 0.18053 -0.89738
vn -0.23206 0.25302 -0.93922
vn -0.17544 0.07402 -0.9817
vn -0.4138 0.62856 -0.65854
vn -0.59843 0.34102 -0.72497
vn -0.47561 0.71488 -0.51258
vn -0.1822 0.981 -0.06662
vn -0.2623 0.95743 0.12055
vn -0.13556 0.9906 0.01829
vn -0.33695 0.76054 -0.55501
vn -0.28956 0.68469 -0.66885
vn -0.26441 0.51663 -0.81436
vn -0.29348 0.95367 -0.06618
vn -0.06435 0.40702 -0.91115
vn -0.28738 0.92744 -0.2393
vn -0.35717 0.91235 -0.20011
vn -0.28727 0.94646 -0.14728
vn -0.06 0.02356 -0.99792
vn -0.37243 0.88389 -0.28291
vn -0.07035 0.87237 0.48376
vn -0.37663 0.87422 -0.30643
vn -0.46687 0.83608 -0.28811
vn -0.35574 0.85776 -0.37108
vn -0.37442 0.86325 -0.33854
vn -0.38207 0.85322 -0.35501
vn -0.28021 0.89844 -0.33805
vn -0.31025 0.87418 -0.37356
vn -0.25791 0.87659 -0.40628
vn -0.35734 0.80594 -0.47198
vn -0.16257 0.97603 0.14467
vn -0.1975 0.9801 0.02002
vn -0.20456 0.75276 -0.6257
vn -0.21425 0.83261 -0.51074
vn -0.24134 0.96673 0.08478
vn -0.31526 0.94773 -0.04926
vn -0.36832 0.89718 -0.24375
vn -0.37619 0.8774 -0.29773
vn -0.15082 0.97941 0.1342
vn -0.02958 0.59592 -0.8025
vn -0.14049 0.61433 -0.77645
vn -0.36088 0.86039 -0.35985
vn -0.20007 0.87025 -0.45016
vn -0.06222 0.77198 -0.63259
vn 0.02919 0.9793 0.2003
vn 0.10055 0.97611 0.19259
vn 0.09764 0.99029 0.09893
vn 0.06041 0.87634 -0.47788
vn 0.16493 0.88646 -0.43241
vn 0.11486 0.8512 -0.51211
vn 0.13243 0.97993 0.14899
vn 0.05061 0.98647 0.15596
vn 0.1043 0.81424 -0.57109
vn 0.01061 0.78032 -0.62529
vn -0.02375 0.82979 -0.55757
vn 0.05753 0.71333 -0.69846
vn -0.02305 0.69086 -0.72262
vn 0.17424 0.97702 0.12275
vn 0.0502 0.98811 0.14534
vn -0.05857 0.98375 0.16971
vn -0.13235 0.63589 -0.76034
vn -0.04564 0.57204 -0.81895
vn -0.1898 0.44292 -0.87624
vn 0.07514 0.99695 0.02103
vn -0.11466 0.98659 0.11612
vn -0.13579 0.36358 -0.92161
vn 0.10233 0.98504 -0.13868
vn 0.15609 0.93295 -0.32441
vn 0.02464 0.95796 -0.28584
vn 0.23672 0.94951 -0.20588
vn -0.04578 0.99624 -0.07361
vn -0.17634 0.98432 -0.00427
vn -0.11476 0.18356 -0.97629
vn -0.05605 0.26196 -0.96345
vn 0.25702 0.8937 -0.36776
vn 0.01393 0.80762 0.58954
vn 0.0624 0.91307 -0.40301
vn -0.11204 0.85877 -0.49996
vn -0.05491 0.9127 -0.40493
vn -0.09967 -0.00974 -0.99497
vn -0.04943 -0.44756 -0.89289
vn -0.14561 -0.07046 -0.98683
vn -0.19549 0.90355 -0.38129
vn -0.05839 0.96218 0.26609
vn -0.13468 0.757 0.63938
vn -0.13395 0.73346 -0.66641
vn -0.22748 0.7745 -0.59026
vn -0.31085 0.64443 -0.69863
vn -0.43261 0.66704 -0.60655
vn -0.13626 0.96529 0.22281
vn -0.19198 0.96884 0.15649
vn -0.26004 0.51721 -0.8154
vn -0.38177 0.49464 -0.78076
vn -0.48369 0.53609 -0.69185
vn -0.38193 0.33264 -0.86226
vn -0.30767 0.93623 0.16974
vn -0.29042 0.95266 0.09002
vn -0.40538 0.90959 0.09113
vn -0.32588 0.94375 -0.05607
vn -0.10273 0.96579 -0.2381
vn -0.23007 0.95375 -0.19348
vn -0.46271 0.88593 -0.03205
vn -0.37959 0.89899 -0.21848
vn -0.45087 0.82052 -0.35137
vn -0.53888 0.81077 -0.22862
vn -0.39686 0.90742 0.13815
vn -0.50358 0.861 0.07124
vn -0.40416 0.13147 -0.90519
vn -0.28235 0.20469 -0.93722
vn -0.29641 -0.16949 -0.9399
vn -0.20158 0.16303 -0.96581
vn -0.63393 0.73837 -0.23009
vn -0.72025 0.67964 -0.13904
vn -0.58931 0.80673 -0.04354
vn -0.25572 0.8169 0.517
vn -0.27016 0.92538 0.26585
vn -0.59794 0.60087 -0.53049
vn -0.45853 0.73572 -0.49846
vn -0.57954 0.45825 -0.6739
vn -0.69388 0.41615 -0.58767
vn -0.97977 0.14942 -0.13316
vn -0.85472 0.48553 -0.1836
vn -0.85323 0.43269 -0.29117
vn -0.88909 0.27964 -0.36238
vn -0.26483 0.47896 0.83693
vn -0.71962 0.51754 -0.46293
vn -0.80349 0.32634 -0.49791
vn -0.74111 0.56461 -0.36327
vn -0.42669 0.70887 0.56163
vn -0.42711 0.84175 0.33022
vn -0.39934 0.30412 0.86489
vn -0.79888 0.13273 -0.58667
vn -0.92439 -0.08089 -0.37277
vn -0.60244 0.46065 0.65182
vn -0.54336 0.10697 0.83266
vn -0.61328 0.64976 0.44911
vn -0.50319 0.84021 0.20211
vn -0.72964 0.6027 0.32306
vn -0.7448 0.09715 0.66017
vn -0.55726 0.05209 -0.82871
vn -0.63661 0.28814 -0.71534
vn -0.51337 0.33138 -0.79161
vn -0.64827 -0.3515 -0.67543
vn -0.71989 0.07241 -0.6903
vn -0.60449 0.78789 0.11756
vn -0.74207 0.66607 0.07544
vn -0.4001 -0.1985 -0.89472
vn -0.48693 -0.20832 -0.84824
vn -0.83342 0.55047 -0.04894
vn -0.94592 0.23123 0.22753
vn -0.34668 -0.64575 -0.68031
vn -0.21534 -0.53074 -0.81972
vn -0.99093 0.12253 0.05524
vn -0.47925 -0.80691 -0.34527
vn -0.26257 -0.96472 0.01948
vn -0.56928 -0.76557 -0.2997
vn -0.803 -0.26674 0.53295
vn -0.82348 -0.03448 0.5663
vn -0.90122 0.29306 0.31923
vn -0.20672 -0.86481 0.45757
vn -0.52109 -0.58061 0.62558
vn -0.65897 -0.5787 0.48048
vn 0.05215 -0.94909 0.31067
vn -0.29512 -0.76859 0.56761
vn 0.12437 -0.92689 0.35412
vn -0.33717 -0.87972 -0.33527
vn -0.48083 -0.656 -0.58178
vn -0.88114 -0.324 0.34441
vn 0.12494 -0.92819 0.35051
vn -0.20185 -0.92038 -0.3349
vn -0.8891 -0.43365 0.14648
vn -0.21307 -0.90943 0.35713
vn -0.1264 0.34536 0.92992
vn -0.98199 -0.11125 -0.15269
vn -0.87128 -0.48055 -0.09973
vn -0.66308 -0.65978 0.35359
vn -0.52496 -0.8265 0.20327
vn -0.31836 -0.93305 0.16755
vn -0.25647 -0.15542 0.95397
vn -0.7737 -0.59741 -0.21092
vn -0.37021 -0.30788 0.87645
vn -0.4028 -0.91485 0.02826
vn -0.81061 -0.42532 -0.40251
vn 0.07677 -0.94324 0.32311
vn 0.12269 -0.87928 0.46023
vn -0.58111 -0.23743 0.77842
vn -0.31255 -0.62273 0.71731
vn -0.77455 -0.29704 -0.55843
vn -0.19392 -0.62404 0.75694
vn 0.4001 -0.763 0.50769
vn 0.36582 -0.83104 0.419
vn 0.28292 -0.87162 0.4003
vn -0.1316 -0.8828 0.45094
vn 0.11548 -0.97785 0.17455
vn -0.11112 -0.8737 0.4736
vn -0.00238 -0.97506 0.22192
vn 0.22093 -0.78521 0.57847
vn 0.01831 -0.8996 0.43633
vn 0.27941 -0.75086 0.59844
vn 0.23 -0.96166 0.14935
vn 0.17545 -0.98388 -0.03456
vn 0.25927 -0.96513 0.03603
vn -0.0392 -0.92195 0.38531
vn 0.17654 -0.68909 0.70284
vn 0.25959 -0.67502 0.69062
vn 0.1758 -0.72755 0.66315
vn 0.39021 -0.89344 0.22249
vn 0.19908 -0.97391 0.1089
vn 0.2387 -0.97057 0.03177
vn 0.36972 -0.92358 0.10154
vn 0.25251 -0.94954 0.18604
vn -0.15397 -0.98761 0.03017
vn 0.45498 -0.84831 0.27087
vn 0.42924 -0.89055 0.1506
vn 0.33255 -0.90048 0.28027
vn 0.38216 -0.87209 0.30563
vn -0.07848 -0.13855 0.98724
vn 0.39095 -0.85997 0.32803
vn 0.39093 -0.85132 0.3499
vn 0.19794 -0.9744 0.10663
vn 0.12915 -0.99096 0.03636
vn 0.18269 -0.60551 0.77458
vn 0.05051 -0.86803 0.49393
vn 0.20208 -0.73304 0.64947
vn 0.30345 -0.39175 0.86859
vn -0.00525 -0.97943 0.2017
vn 0.30857 -0.91814 0.24861
vn 0.24736 -0.94929 0.19404
vn -0.0244 -0.99247 -0.12005
vn -0.10369 -0.77399 -0.62464
vn 0.03181 -0.88668 -0.4613
vn 0.14888 -0.96946 0.1949
vn 0.32625 -0.88563 0.33047
vn 0.25871 -0.91562 0.30774
vn 0.28265 -0.86684 0.41074
vn -0.0758 -0.83506 0.54491
vn -0.0176 -0.68285 0.73034
vn 0.3307 -0.79908 0.5021
vn 0.23947 -0.83125 0.50168
vn 0.07562 -0.99703 -0.0145
vn 0.01597 -0.98064 0.19519
vn 0.24105 -0.77084 0.58966
vn 0.14996 -0.98753 -0.04786
vn 0.08323 -0.98956 -0.1177
vn 0.23644 -0.71538 0.65752
vn 0.20948 -0.73391 0.64614
vn 0.27216 -0.51322 0.81396
vn 0.10095 -0.89024 0.44416
vn 0.21001 -0.88394 0.41778
vn 0.03482 -0.9986 -0.03984
vn 0.02966 -0.98458 0.17238
vn 0.0112 -0.91741 0.39778
vn 0.22472 -0.78266 0.58047
vn 0.14141 -0.80523 0.57585
vn 0.20003 -0.77862 0.59476
vn 0.07242 -0.9971 -0.02343
vn 0.01864 -0.99975 0.01253
vn 0.01318 -0.99986 0.01057
vn 0.24102 -0.71892 0.65197
vn 0.31083 -0.41779 0.85372
vn 0.1197 -0.9917 0.04695
vn 0.33785 -0.48772 0.80497
vn 0.3024 -0.79211 0.5302
vn 0.14938 -0.97012 0.19118
vn 0.10151 -0.85198 -0.51364
vn 0.2727 -0.96055 0.0546
vn 0.27886 -0.71301 0.64332
vn 0.23143 -0.56169 0.79432
vn 0.27988 -0.50679 0.81537
vn 0.14001 -0.74937 0.64718
vn -0.14786 -0.97798 0.14727
vn -0.13817 -0.98351 0.1167
vn -0.05896 -0.99489 0.08199
vn 0.00141 -0.97579 0.2187
vn -0.17472 -0.95543 0.23796
vn -0.21123 -0.96128 0.17699
vn 0.05055 -0.94329 0.32811
vn -0.11437 -0.93634 0.33195
vn -0.22964 -0.90866 0.34871
vn 0.04777 -0.88095 0.47079
vn 0.08007 -0.66314 0.7442
vn -0.02082 -0.88372 0.46755
vn 0.04044 -0.80686 0.58935
vn -0.13006 -0.84366 0.52089
vn 0.12617 -0.77919 0.61396
vn -0.04933 -0.79502 0.60457
vn 0.07372 -0.76611 0.63847
vn 0.10248 -0.6875 0.71892
vn 0.0977 -0.70458 0.70287
vn -0.04043 -0.99785 0.05163
vn -0.24815 -0.78998 0.56067
vn -0.2547 -0.84281 0.47413
vn -0.38516 -0.79682 0.46554
vn -0.34936 -0.8632 0.36446
vn -0.00422 -0.99519 0.09788
vn -0.02738 -0.99434 -0.10262
vn -0.09429 -0.99234 -0.07977
vn -0.11143 -0.73606 0.66768
vn -0.10888 -0.99358 -0.03079
vn -0.19007 -0.97584 0.10777
vn -0.16798 -0.98562 0.01814
vn 0.04206 -0.71104 0.7019
vn -0.25038 -0.74174 0.6222
vn -0.27056 -0.9335 0.23531
vn -0.32837 -0.91629 0.22933
vn -0.37604 -0.89329 0.24621
vn 0.01967 -0.08098 0.99652
vn -0.32121 -0.90852 0.26725
vn -0.37012 -0.89285 0.25658
vn 0.05957 -0.94932 0.30862
vn -0.46123 -0.86157 0.21207
vn -0.40169 -0.8585 0.3188
vn -0.35478 -0.89716 0.26313
vn -0.42649 -0.86515 0.26386
vn 0.16879 -0.72737 0.66516
vn -0.44752 -0.85892 0.24896
vn -0.34696 -0.90272 0.2544
vn -0.45547 -0.80832 0.37304
vn 0.09407 -0.94957 0.29912
vn 0.26819 -0.73351 0.62453
vn -0.41009 -0.79235 0.45167
vn -0.37969 -0.86227 0.33517
vn -0.1324 -0.99106 0.01654
vn -0.2897 -0.8135 0.50428
vn 0.33608 -0.89059 -0.30645
vn -0.20615 -0.97094 0.12155
vn -0.02459 -0.97549 0.21866
vn -0.13726 -0.82571 0.54713
vn -0.18113 -0.95335 0.24148
vn 0.07992 -0.92265 0.37727
vn 0.32575 -0.702 -0.63331
vn -0.27308 -0.9427 0.19168
vn -0.30548 -0.91122 0.27632
vn 0.38447 -0.65787 0.64761
vn 0.55717 -0.74626 -0.36423
vn 0.0685 -0.92111 0.38324
vn 0.53148 -0.59245 0.60542
vn 0.72171 0.16291 0.67275
vn 0.7743 -0.25418 0.57952
vn 0.72167 0.56598 0.39857
vn -0.10123 -0.9121 0.39726
vn 0.94398 -0.06897 0.32272
vn 0.87801 0.42777 0.21476
vn 0.28617 -0.48939 -0.82378
vn 0.3301 -0.79184 0.51384
vn 0.21208 -0.87269 0.43982
vn -0.17286 -0.91168 0.37277
vn 0.5821 -0.78191 0.22313
vn 0.76662 -0.52407 0.37099
vn -0.13228 -0.95564 0.26315
vn 0.24624 -0.16413 0.95521
vn 0.33174 -0.1411 0.93276
vn 0.45514 0.06337 0.88816
vn 0.31761 0.70037 0.63922
vn 0.80879 -0.5881 -0.00037
vn 0.74496 -0.63639 -0.20009
vn 0.95495 -0.15707 -0.2518
vn 0.80384 -0.45676 -0.38106
vn 0.69974 0.69318 -0.17283
vn 0.94932 0.30918 -0.05663
vn 0.7177 0.64326 -0.26668
vn 0.99896 -0.04028 0.02134
vn 0.46757 0.83222 -0.29796
vn 0.37556 0.86774 -0.32555
vn 0.79474 0.54915 -0.2585
vn 0.1476 0.97407 0.17146
vn 0.20809 0.70445 0.67857
vn 0.65962 0.62481 -0.41776
vn 0.5367 0.79588 -0.28022
vn 0.50654 0.28481 0.81382
vn 0.43818 0.78175 0.44369
vn 0.59863 0.55498 -0.57761
vn 0.5117 0.75566 -0.40883
vn 0.64744 0.134 0.75025
vn 0.31252 0.94657 0.07954
vn 0.19247 0.96859 0.15743
vn 0.38635 0.91839 -0.08537
vn 0.54494 0.21662 -0.81001
vn 0.43646 -0.61224 -0.65929
vn 0.40975 0.08927 -0.90782
vn 0.6147 0.30993 -0.72532
vn 0.44496 0.86577 -0.22904
vn 0.76664 0.60993 0.20063
vn 0.29701 0.93522 -0.19275
vn 0.28871 0.01554 -0.95729
vn 0.4449 0.76602 -0.46399
vn 0.44143 0.66086 -0.60696
vn 0.34635 0.7709 -0.53457
vn 0.34724 0.61077 -0.71161
vn 0.2567 0.52463 -0.8117
vn 0.19723 0.42897 -0.88153
vn 0.13565 0.21894 -0.96626
vn 0.36541 0.90129 -0.23272
vn 0.38696 0.87792 -0.28201
vn 0.1542 0.58143 0.79885
vn 0.06499 0.7503 0.65789
vn 0.39534 0.87603 -0.27619
vn 0.39349 0.85435 -0.3395
vn 0.32632 0.85803 -0.39662
vn 0.37885 0.8572 -0.34882
vn 0.3828 0.86201 -0.33227
vn 0.34541 0.88857 -0.30188
vn 0.31847 0.88062 -0.35084
vn 0.31638 0.89968 -0.3008
vn 0.15511 0.98593 0.06236
vn 0.16077 0.98666 -0.02567
vn 0.24175 0.77068 -0.58959
vn 0.137 0.7737 -0.61857
vn 0.24305 0.84293 -0.48
vn 0.18063 0.69642 -0.69453
vn 0.19853 0.97239 0.12262
vn 0.24923 0.96789 0.03279
vn 0.08031 0.60787 -0.78996
vn 0.07167 0.46534 -0.88223
vn 0.02117 0.30468 -0.95222
vn 0.33379 0.93351 -0.13091
vn 0.34131 0.93784 -0.06294
vn 0.08441 -0.10469 -0.99092
vn -0.01197 -0.19649 -0.98043
vn 0.36336 0.88597 -0.28814
vn 0.22945 0.97331 -0.00459
vn -0.0268 0.48806 -0.8724
vn 0.35709 0.85142 -0.38415
vn 0.23898 0.88266 -0.40473
vn 0.22743 0.87367 -0.4301
vn 0.17589 0.83794 -0.51664
vn 0.52408 0.69149 0.49717
vn 0.00397 0.65571 0.755
vn 0.32645 0.59217 0.73673
vn 0.8877 0.44746 0.10846
vn 0.95747 0.2033 0.20474
vn 0.94884 0.31046 -0.05768
vn 0.00248 -0.74511 -0.66693
vn 0.52335 -0.50202 -0.68854
vn 0.34438 -0.70238 -0.62295
vn 0.61819 0.24024 0.74842
vn 0.6227 0.55346 0.5531
vn 0.82043 0.3998 0.40872
vn 0.74426 -0.47516 -0.46936
vn 0.71643 -0.68339 -0.14037
vn 0.42502 -0.8637 -0.27088
vn 0.79514 -0.04633 0.60465
vn 0.86051 -0.30535 0.40779
vn 0.0822 -0.90034 -0.42735
vn 0.10345 0.41974 0.90173
vn 0.47643 -0.40248 0.78168
vn 0.49938 -0.68552 0.52979
vn 0.83407 -0.53718 0.12553
vn 0.40908 -0.09492 0.90755
vn 0.00609 -0.26365 0.9646
vn -0.14741 0.14865 0.97784
vn 0.28538 0.16612 0.94391
vn 0.00364 -0.62256 0.78256
vn -0.2543 -0.83092 -0.49487
vn -0.41615 -0.09031 0.9048
vn -0.4773 -0.38564 0.7896
vn -0.27954 0.48542 0.82839
vn 0.00499 -0.83652 0.54792
vn -0.48058 -0.79883 0.36182
vn -0.00036 -0.96703 0.25465
vn -0.79676 -0.03727 0.60314
vn -0.86358 -0.29672 0.40766
vn -0.60501 0.25871 0.75302
vn -0.50465 -0.62464 0.59595
vn -0.71789 -0.68491 -0.12462
vn -0.71882 -0.50098 -0.482
vn -0.42311 -0.85571 -0.29788
vn -0.42014 0.60457 0.67673
vn -0.95372 0.21221 0.21306
vn -0.41044 -0.66532 -0.62361
vn -0.8879 0.44253 0.12571
vn -0.94884 0.31046 -0.05768
vn -0.60262 0.65395 0.45739
vn -0.73802 0.4675 0.4866
vn -0.60261 -0.44724 -0.66094
vn -0.73455 -0.48557 -0.47398
vn -0.8085 -0.24123 -0.53678
vn -0.52408 0.69149 0.49717
vn -0.32152 0.58798 0.74223
vn -0.00117 0.68287 0.73054
vn -0.8879 -0.11887 -0.44441
vn -0.95471 -0.20713 -0.21361
vn -0.94884 0.06247 -0.30952
vn -0.95747 0.2033 0.20474
vn -0.8877 0.44746 0.10846
vn -0.94884 0.31046 -0.05767
vn -0.61819 0.24024 0.74842
vn -0.6227 0.55346 0.5531
vn -0.99996 -0.0085 -0.00013
vn -0.86085 -0.3041 0.40799
vn -0.82043 0.3998 0.40872
vn 0.00397 -0.74478 -0.6673
vn -0.25968 -0.82883 -0.49559
vn -0.42014 -0.66731 -0.61496
vn -0.00133 0.41809 0.9084
vn -0.48139 -0.39817 0.78084
vn -0.79562 -0.0457 0.60407
vn -0.71593 -0.6845 -0.1375
vn -0.42108 -0.8885 0.18234
vn -0.83294 -0.53921 0.12433
vn -0.42587 -0.85629 -0.29223
vn -0.49594 -0.68689 0.53126
vn -0.00363 -0.26134 0.96524
vn -0.41352 -0.09662 0.90535
vn 0.08082 -0.90087 -0.4265
vn 0.01977 0.08959 0.99578
vn -0.30498 0.1818 0.93485
vn 0.00033 -0.57257 0.81986
vn 0.48552 -0.39828 0.77823
vn 0.75821 0.03766 0.65092
vn 0.39345 -0.08748 0.91517
vn 0.32275 -0.71547 -0.61962
vn 0.42483 -0.86513 -0.26659
vn 0.32244 0.61033 0.72356
vn 0.83195 -0.53671 0.14068
vn 0.49546 -0.6857 0.53322
vn 0.42135 -0.8885 0.18176
vn 0.43259 0.26561 0.86158
vn 0.85995 -0.28375 0.42422
vn 0.99323 -0.08716 -0.07673
vn 0.70488 -0.69544 -0.13965
vn 0.8689 -0.34663 -0.35337
vn 0.52408 -0.48643 -0.69909
vn 0.51877 0.69923 0.49188
vn 0.64696 0.51812 0.55947
vn 0.63923 -0.55182 -0.53561
vn 0.13967 0.36241 -0.9215
vn 0.31349 0.02002 -0.94938
vn 0.32718 -0.04408 -0.94393
vn 0.32697 -0.10125 -0.9396
vn 0.3432 0.53427 -0.77251
vn 0.34194 -0.60873 -0.71591
vn 0.3065 -0.29162 -0.9061
vn 0.56321 0.70148 -0.43672
vn 0.71497 -0.29879 -0.6321
vn 0.69112 -0.35921 -0.62716
vn 0.62874 -0.46056 -0.62655
vn 0.64522 0.51042 -0.56847
vn 0.55476 -0.69339 -0.45984
vn 0.71528 0.34737 -0.60639
vn 0.7503 0.20088 -0.62984
vn 0.75772 -0.10284 -0.64443
vn 0.76391 0.04535 -0.64373
vn 0.73926 -0.22236 -0.63565
vn 0.95733 -0.13414 -0.256
vn 0.96515 0.05959 -0.2548
vn 0.92337 -0.29091 -0.25053
vn 0.88546 -0.39524 -0.24445
vn 0.8512 -0.46435 -0.24463
vn 0.63968 0.75166 -0.16066
vn 0.7881 -0.55652 -0.26304
vn 0.7668 0.60566 -0.2126
vn 0.67162 -0.71362 -0.19921
vn 0.8677 0.44109 -0.2292
vn 0.93407 0.25999 -0.24479
vn 0.81057 -0.58538 -0.01744
vn 0.85979 -0.51061 -0.00631
vn 0.77272 0.63469 -0.00801
vn 0.87874 0.4773 -0.00113
vn 0.95904 0.28327 -0.0005
vn 0.70655 -0.70766 0.00196
vn 0.98893 -0.14836 -0.00115
vn 0.99802 0.06288 -0.00035
vn 0.94768 -0.31922 -0.003
vn 0.9013 -0.43318 -0.00469
vn 0.96446 -0.15676 0.21271
vn 0.97392 0.06162 0.21835
vn 0.92211 -0.33482 0.19394
vn 0.87196 -0.45751 0.17427
vn 0.8249 -0.54132 0.16282
vn 0.78804 -0.59954 0.13977
vn 0.74889 0.6473 0.14199
vn 0.84997 0.49696 0.17485
vn 0.69503 -0.69512 0.18366
vn 0.93353 0.29361 0.2057
vn 0.74317 -0.61224 0.26992
vn 0.7628 -0.56361 0.31698
vn 0.70479 0.64825 0.28816
vn 0.79117 0.49075 0.365
vn 0.878 0.05781 0.47516
vn 0.84812 0.28879 0.44418
vn 0.87209 -0.15871 0.4629
vn 0.84962 -0.32976 0.4116
vn 0.80665 -0.47362 0.35356
vn 0.61052 0.75508 0.23899
vn 0.70795 -0.13833 0.69258
vn 0.70464 -0.45968 0.54054
vn 0.70269 -0.30163 0.6444
vn 0.56157 0.74291 0.36432
vn 0.68127 -0.57315 0.45538
vn 0.63069 0.62129 0.465
vn 0.6867 -0.61597 0.38604
vn 0.70487 0.24624 0.66522
vn 0.68137 0.44488 0.58122
vn 0.71014 0.04362 0.7027
vn 0.54975 0.19962 0.81113
vn 0.5413 0.38369 0.74819
vn 0.61258 -0.61268 0.49938
vn 0.55292 0.02873 0.83274
vn 0.5453 -0.11795 0.8299
vn 0.54155 -0.26047 0.7993
vn 0.47531 0.71216 0.51663
vn 0.59175 -0.56813 0.57189
vn 0.57751 -0.41141 0.70514
vn 0.51543 0.56139 0.64744
vn 0.40889 -0.22346 0.8848
vn 0.35348 0.66385 0.65905
vn 0.48396 -0.53047 0.69598
vn 0.4044 -0.37235 0.83535
vn 0.37368 0.50955 0.77507
vn 0.52531 -0.6084 0.59489
vn 0.4017 0.34423 0.84862
vn 0.51282 -0.67274 0.53332
vn 0.42376 0.17702 0.88831
vn 0.42879 0.01974 0.90319
vn 0.41988 -0.11358 0.90044
vn 0.29599 0.1679 0.94032
vn 0.27829 0.33224 0.90121
vn 0.36794 -0.67644 0.638
vn 0.29902 0.0118 0.95417
vn 0.29166 -0.11396 0.94971
vn 0.28003 -0.21007 0.93673
vn 0.22608 0.62709 0.74542
vn 0.27246 -0.33995 0.90011
vn 0.25066 0.48286 0.83906
vn 0.42711 -0.59945 0.67693
vn 0.37498 -0.47306 0.79724
vn 0.14388 -0.20723 0.96765
vn 0.11619 0.60927 0.7844
vn 0.1438 -0.30122 0.94265
vn 0.12941 0.47427 0.87082
vn 0.30396 -0.58743 0.75002
vn 0.21574 -0.42963 0.87685
vn 0.1435 0.32747 0.9339
vn 0.15329 0.1631 0.97463
vn 0.15555 0.00642 0.98781
vn 0.15122 -0.11534 0.98175
vn -0 -0.69952 0.71462
vn -0 0.00486 0.99999
vn 0 0.16168 0.98684
vn -0 -0.11645 0.9932
vn -0 -0.2065 0.97845
vn 0.00766 0.60364 0.79722
vn -0 -0.2843 0.95874
vn 0.00232 0.46938 0.88299
vn -0 -0.58818 0.80873
vn -0 -0.40646 0.91367
vn 0.00042 0.32537 0.94559
vn -0.11169 0.61034 -0.78422
vn -0.18353 0.67959 -0.71026
vn -0.03649 -0.0021 -0.99933
vn -0.31817 0.08658 -0.94407
vn -0.31881 0.02045 -0.9476
vn -0.31778 -0.09481 -0.94341
vn -0.31831 -0.04655 -0.94684
vn -0.32568 0.77538 -0.54104
vn -0.34839 0.51615 -0.78244
vn -0.33979 -0.15159 -0.9282
vn -0.32368 0.28994 -0.90065
vn -0.3066 -0.28953 -0.90674
vn -0.34182 -0.6069 -0.71752
vn -0.32754 0.15939 -0.9313
vn -0.5759 0.67991 -0.45393
vn -0.65062 0.4979 -0.5734
vn -0.6911 -0.35915 -0.62721
vn -0.71496 -0.29879 -0.6321
vn -0.71542 0.34673 -0.60659
vn -0.6288 -0.4606 -0.62647
vn -0.7503 0.20088 -0.62984
vn -0.76391 0.04535 -0.64373
vn -0.75772 -0.10284 -0.64443
vn -0.73925 -0.22238 -0.63566
vn -0.45106 0.83638 -0.31148
vn -0.95733 -0.13413 -0.256
vn -0.96515 0.05959 -0.2548
vn -0.92337 -0.29091 -0.25053
vn -0.88545 -0.39524 -0.24448
vn -0.65995 0.73001 -0.17761
vn -0.85121 -0.46433 -0.24464
vn -0.77687 0.59106 -0.21706
vn -0.78813 -0.55653 -0.26294
vn -0.86809 0.44019 -0.22945
vn -0.93407 0.25999 -0.24479
vn -0.78639 0.61764 -0.01063
vn -0.81057 -0.58538 -0.01737
vn -0.8598 -0.5106 -0.00631
vn -0.8796 0.47572 -0.00148
vn -0.95904 0.28327 -0.0005
vn -0.99802 0.06288 -0.00035
vn -0.98893 -0.14836 -0.00115
vn -0.94768 -0.31922 -0.003
vn -0.90129 -0.43318 -0.00469
vn -0.96446 -0.15676 0.21271
vn -0.97392 0.06162 0.21835
vn -0.92211 -0.33482 0.19395
vn -0.87196 -0.45751 0.17428
vn -0.8249 -0.54131 0.16283
vn -0.76454 0.6287 0.14218
vn -0.85146 0.4944 0.17487
vn -0.93353 0.29361 0.2057
vn -0.7628 -0.56361 0.31699
vn -0.72027 0.62891 0.29272
vn -0.79287 0.48749 0.36566
vn -0.84812 0.28879 0.44418
vn -0.878 0.05781 0.47516
vn -0.87209 -0.15871 0.4629
vn -0.84962 -0.32976 0.4116
vn -0.80665 -0.47362 0.35356
vn -0.63498 0.7322 0.24635
vn -0.70795 -0.13833 0.69258
vn -0.70269 -0.30163 0.6444
vn -0.70464 -0.45968 0.54054
vn -0.57954 0.72129 0.37932
vn -0.68127 -0.57315 0.45538
vn -0.64326 0.60207 0.473
vn -0.68669 -0.61604 0.38594
vn -0.68259 0.44149 0.58237
vn -0.70487 0.24624 0.66522
vn -0.71014 0.04362 0.7027
vn -0.54975 0.19962 0.81113
vn -0.54211 0.38019 0.74939
vn -0.61259 -0.61263 0.49943
vn -0.55292 0.02873 0.83274
vn -0.5453 -0.11795 0.8299
vn -0.54156 -0.26047 0.7993
vn -0.57751 -0.41141 0.70514
vn -0.48475 0.69295 0.5337
vn -0.59175 -0.56813 0.57189
vn -0.52348 0.54329 0.65636
vn -0.40889 -0.22346 0.8848
vn -0.4044 -0.37235 0.83535
vn -0.35397 0.6481 0.67429
vn -0.31806 0.79 0.52416
vn -0.48396 -0.53047 0.69598
vn -0.37759 0.49375 0.78335
vn -0.52531 -0.60841 0.59489
vn -0.40228 0.34065 0.84978
vn -0.42376 0.17702 0.88831
vn -0.42879 0.01974 0.90319
vn -0.41988 -0.11358 0.90044
vn -0.29599 0.1679 0.94032
vn -0.27843 0.32898 0.90235
vn -0.36794 -0.67644 0.638
vn -0.29902 0.0118 0.95417
vn -0.29166 -0.11396 0.94971
vn -0.28003 -0.21007 0.93673
vn -0.27246 -0.33995 0.90011
vn -0.21896 0.61573 0.75692
vn -0.37498 -0.47306 0.79724
vn -0.251 0.47109 0.84562
vn -0.42711 -0.59945 0.67693
vn -0.14388 -0.20723 0.96765
vn -0.1438 -0.30122 0.94265
vn -0.10475 0.60317 0.7907
vn -0.21574 -0.42963 0.87685
vn -0.12707 0.4677 0.87471
vn -0.30396 -0.58743 0.75002
vn -0.14318 0.32539 0.93468
vn -0.15329 0.1631 0.97463
vn -0.15555 0.00642 0.98781
vn -0.15122 -0.11534 0.98175
vn 0.04008 -0.16092 -0.98615
vn -0.31991 -0.37697 -0.86922
vn -0.71702 -0.11101 -0.68815
vn 0.93765 -0.31861 -0.13889
vn 0.73673 -0.11625 -0.66611
vn 0.98342 -0.0276 -0.17921
vn 0.92939 -0.23267 0.28653
vn -0.92973 -0.23031 0.28732
vn -0.2435 -0.12782 0.96144
vn -0.26514 0.15333 0.95194
vn -0.98425 -0.02619 -0.17485
vn -0.84402 0.08856 0.52895
vn 0.8641 0.08063 0.49682
vn 0.18197 0.15431 0.97112
vn -0.07873 -0.94995 -0.30231
vn -0.17323 0.03479 -0.98427
vn 0.54554 0.04048 0.83711
vn 0.54056 0.44508 0.71393
vn -0.27362 -0.89044 -0.36367
vn -0.59275 -0.7475 0.29982
vn -0.54211 -0.18127 -0.82052
vn -0.54554 0.04047 0.83711
vn -0.54056 0.44508 0.71393
vn 0.54211 -0.18127 -0.82053
vn 0.59275 -0.7475 0.29982
vn 0.27362 -0.89044 -0.36366
vn 0.53593 -0.73283 0.41921
vn -0.22702 0.63361 0.73959
vn 0.23889 -0.14831 -0.95965
vn -0.22696 -0.482 0.84626
vn 0.56979 -0.80932 0.14264
vn 0.17036 -0.30013 -0.93856
vn 0.10466 -0.0168 -0.99437
vn 0.0441 0.67097 0.74018
vn 0.19695 0.9448 0.26184
vn 0.23928 0.59773 0.76515
vn -0.11409 -0.92999 0.34942
vn 0.51206 -0.50962 0.69143
vn -0.27015 -0.77117 0.57647
vn -0.01696 -0.79117 0.61136
vn -0.85082 0.41729 0.31935
vn -0.20391 -0.87586 0.43737
vn -0.51085 0.25158 -0.82204
vn -0.30087 0.81243 -0.49944
vn -0.53677 0.74261 -0.40051
vn -0.31985 0.87191 -0.37077
vn -0.63701 0.66977 -0.38162
vn -0.7415 0.61797 -0.26134
vn 0.27298 -0.59933 0.75252
vn 0.18002 -0.93268 0.31258
vn 0.05757 -0.99257 0.10715
vn 0.00988 -0.99715 -0.07475
vn -0.05682 -0.99485 -0.08393
vn 0.1747 -0.73363 -0.65671
vn 0.29298 -0.88462 -0.36277
vn 0.09866 -0.03268 0.99458
vn 0.22758 0.96389 -0.13827
vn 0.29702 0.94944 -0.10171
vn 0.94884 0.06247 -0.30952
vn 0.99996 -0.0085 -0.00013
vn 0.95471 -0.20713 -0.21361
vn 0.80273 -0.2449 -0.54373
vn 0.78415 0.56234 0.26246
vn 0.8879 -0.11887 -0.44441
vn 0.43025 -0.88408 0.18245
vn 0.00615 -0.99397 -0.10944
vn -0.40326 -0.91203 0.0747
vn -0.83421 -0.53497 0.13379
vn -0.99996 -0.00905 -0.00021
vn -0.95157 -0.21097 -0.22362
vn -0.80729 -0.24707 -0.53595
vn -0.88539 -0.1109 -0.45143
vn -0.96593 0.18442 -0.18159
vn -0.94866 0.06485 -0.30956
vn -0.8085 0.533 0.24948
vn -0.60172 -0.43518 -0.66973
vn -0.96593 0.18442 -0.18159
vn -0.78415 0.56234 0.26246
vn -0.00286 -0.9943 -0.10655
vn -0 -0.96175 0.27393
vn -0 -0.79802 0.60263
vn 0.86842 0.34662 0.35455
vn 0.97931 0.1377 0.14829
vn 0.89731 0.43117 0.09442
vn 0.94889 0.31235 -0.04517
vn 0.96477 0.1943 -0.17738
vn 0.77142 -0.25927 -0.58111
vn 0.90485 -0.08913 -0.4163
vn 0.7735 0.57255 0.27182
vn 0.94631 0.03492 -0.32138
vn 0.84307 -0.24252 -0.48001
vn 0.91968 -0.31744 -0.23113
vn 0.82715 -0.29578 -0.47785
vn -0.58806 0.09278 0.80348
vn -0.50793 0.01587 0.86125
vn -0.46295 0.0641 0.88406
vn 0.96254 -0.26998 -0.02505
vn 0.93375 -0.26394 -0.24174
vn -0.35845 -0.01841 0.93337
vn -0.32809 0.03186 0.94411
vn 0.95071 -0.26681 0.15798
vn 0.94609 -0.32386 -0.00575
vn -0.17974 0.00047 -0.98371
vn -0.2789 -0.03711 -0.9596
vn -0.30683 0.03067 -0.95127
vn -0.02181 -0.09948 0.9948
vn -0.009 -0.0449 0.99895
vn 0.91136 -0.25792 0.32077
vn 0.92833 -0.3202 0.18887
vn -0.43358 -8E-05 -0.90111
vn -0.45159 0.06431 -0.8899
vn 0.84654 -0.24443 0.47289
vn 0.88057 -0.30997 0.3585
vn -0.57886 0.03442 -0.8147
vn -0.58905 0.09598 -0.80237
vn 0.7108 -0.27148 0.64889
vn 0.80791 -0.29351 0.51102
vn -0.72663 0.06906 -0.68355
vn -0.72703 0.12719 -0.67472
vn -0.01091 -0.03991 -0.99914
vn -0.14452 -0.06975 -0.98704
vn 0.72583 -0.21711 0.65271
vn 0.59181 -0.24357 0.7684
vn -0.87375 0.10325 -0.47528
vn -0.8643 0.15826 -0.47744
vn 0.57031 -0.17904 0.80168
vn 0.46447 -0.21231 0.85977
vn -0.95438 0.17926 -0.23881
vn -0.96558 0.12482 -0.22819
vn 0.44574 -0.14914 0.88265
vn 0.31558 -0.17658 0.93232
vn -0.98223 0.18639 -0.02209
vn -0.99141 0.1308 -0.00269
vn 0.15831 -0.07885 -0.98424
vn 0.2305 -0.15663 -0.96038
vn 0.09553 -0.12608 -0.98741
vn 0.31076 -0.11805 0.94313
vn -0.96969 0.18383 0.16095
vn -0.9733 0.12603 0.19184
vn 0.28566 -0.10836 -0.95219
vn 0.38564 -0.19231 -0.90238
vn -0.93001 0.17418 0.32363
vn -0.9255 0.11384 0.36123
vn 0.43047 -0.14268 -0.89126
vn 0.53138 -0.22611 -0.8164
vn -0.02468 -0.09862 -0.99482
vn -0.86552 0.15732 0.47552
vn -0.85263 0.09616 0.51359
vn 0.56792 -0.17552 -0.80415
vn 0.67949 -0.2609 -0.68573
vn -0.75543 0.07258 0.6512
vn -0.74474 0.12797 0.65497
vn 0.70573 -0.20903 -0.67694
vn -0.63615 0.04458 0.77028
vn 0.74812 -0.1276 0.65118
vn 0.63366 -0.06951 0.77049
vn 0.62579 -0.10448 0.77296
vn 0.75389 -0.08147 0.65192
vn 0.66253 0.18633 0.72548
vn 0.77607 0.24024 0.5831
vn 0.29642 0.60104 0.74221
vn 0.34527 0.67731 0.64964
vn -0.12232 0.64892 0.75096
vn -0.14508 0.79256 0.59229
vn -0.47225 0.46915 0.74624
vn -0.73312 0.26892 0.62467
vn -0.60057 0.20328 0.7733
vn -0.74617 0.13492 0.65194
vn -0.62237 0.10558 0.77557
vn -0.74609 0.13447 0.65213
vn -0.62006 0.10443 0.77758
vn -0.7465 0.13123 0.65232
vn -0.61711 0.09991 0.78051
vn -0.74651 0.12648 0.65325
vn -0.6121 0.09391 0.78518
vn -0.74484 0.12124 0.65614
vn -0.59274 0.08503 0.80089
vn -0.72472 0.14056 -0.67455
vn -0.8623 0.16442 -0.47897
vn -0.71242 0.13648 -0.68835
vn -0.87976 -0.1692 -0.44429
vn -0.74335 -0.14544 -0.6529
vn -0.4058 -0.78375 -0.47018
vn -0.32444 -0.65953 -0.67806
vn 0.11801 -0.72688 -0.67655
vn 0.58169 -0.65273 -0.48536
vn 0.48102 -0.53476 -0.69473
vn 0.6655 -0.2868 -0.68909
vn 0.80969 -0.33861 -0.47932
vn 0.69636 -0.20576 -0.68756
vn 0.84344 -0.24155 -0.47985
vn 0.69687 -0.20672 -0.68676
vn 0.84324 -0.24236 -0.4798
vn 0.69661 -0.21073 -0.68581
vn 0.84215 -0.24631 -0.4797
vn 0.69611 -0.21693 -0.68437
vn 0.84038 -0.25249 -0.4796
vn 0.70017 -0.22092 -0.67894
vn 0.84704 -0.14658 0.51092
vn 0.85343 -0.08975 0.51342
vn 0.84741 0.28346 0.44893
vn 0.3845 0.76026 0.52362
vn -0.1805 0.87441 0.45036
vn -0.5177 0.54724 0.65766
vn -0.59245 0.5996 0.53804
vn -0.82967 0.28851 0.47792
vn -0.8456 0.15825 0.50983
vn -0.84748 0.15802 0.50677
vn -0.85059 0.15496 0.50247
vn -0.85488 0.15135 0.49627
vn -0.86708 0.15002 0.47504
vn -0.5752 0.11366 -0.81008
vn -0.56279 0.10831 -0.81947
vn -0.5915 -0.11268 -0.79839
vn -0.26294 -0.54115 -0.79876
vn 0.08482 -0.57316 -0.81504
vn 0.38697 -0.43265 -0.81429
vn 0.52213 -0.23359 -0.82026
vn 0.54916 -0.16954 -0.81834
vn 0.55058 -0.17069 -0.81715
vn 0.55135 -0.17477 -0.81576
vn 0.55245 -0.18085 -0.81369
vn 0.56285 -0.18652 -0.80524
vn 0.91985 -0.16065 0.35786
vn 0.92778 -0.09504 0.36081
vn 0.89675 0.31282 0.31302
vn 0.41857 0.82913 0.37059
vn -0.19881 0.92902 0.31209
vn -0.64733 0.65862 0.38364
vn -0.89031 0.30935 0.33413
vn -0.91698 0.17448 0.35875
vn -0.91827 0.17402 0.35566
vn -0.9203 0.17059 0.35207
vn -0.9232 0.16612 0.34657
vn -0.00702 0.01068 -0.99992
vn -0.11974 0.03326 -0.99225
vn 0.0042 0.01432 -0.99989
vn -0.12443 -0.01024 -0.99218
vn 0.01315 0.01828 -0.99975
vn -0.02197 0.04466 -0.99876
vn -0.08125 -0.0893 -0.99268
vn -0.03255 0.00541 -0.99946
vn -0.01141 -0.12548 -0.99203
vn -0.04274 -0.01109 -0.99902
vn 0.05486 -0.11238 -0.99215
vn -0.01988 -0.03059 -0.99933
vn 0.10197 -0.07901 -0.99165
vn -0.00966 -0.0346 -0.99935
vn 0.1172 -0.06451 -0.99101
vn -0.00973 -0.0349 -0.99934
vn 0.12032 -0.06587 -0.99055
vn -0.01038 -0.03771 -0.99923
vn 0.12418 -0.07022 -0.98977
vn -0.01132 -0.04168 -0.99907
vn 0.12945 -0.07556 -0.9887
vn -0.01227 -0.04575 -0.99888
vn 0.15206 -0.0847 -0.98474
vn -0.42827 0.08717 -0.89944
vn -0.41505 0.08178 -0.90612
vn -0.43095 -0.0794 -0.89887
vn -0.20337 -0.40635 -0.89079
vn 0.05114 -0.41908 -0.90651
vn 0.28452 -0.33099 -0.89972
vn 0.37938 -0.18065 -0.90743
vn 0.40441 -0.13412 -0.90469
vn 0.40681 -0.13547 -0.90341
vn 0.40869 -0.13965 -0.90193
vn 0.4115 -0.14557 -0.89971
vn 0.42754 -0.1528 -0.89099
vn 0.96732 -0.16982 0.18831
vn 0.97674 -0.0981 0.19068
vn 0.9288 0.33189 0.16485
vn 0.4434 0.87457 0.1963
vn -0.21226 0.96343 0.16354
vn -0.6888 0.6944 0.20823
vn -0.9306 0.32261 0.17292
vn -0.96444 0.18475 0.189
vn -0.96502 0.18409 0.18669
vn -0.96616 0.18035 0.18441
vn -0.96777 0.17495 0.18115
vn -0.93165 0.1642 0.32415
vn -0.26972 0.05844 -0.96116
vn -0.25713 0.0552 -0.9648
vn -0.26249 -0.04313 -0.96397
vn -0.13952 -0.24177 -0.96025
vn 0.01666 -0.25902 -0.96573
vn 0.16408 -0.21658 -0.96238
vn 0.22898 -0.12585 -0.96526
vn 0.25033 -0.09664 -0.96332
vn 0.2535 -0.09811 -0.96235
vn 0.25643 -0.10237 -0.96113
vn 0.26095 -0.10816 -0.95928
vn 0.27945 -0.11617 -0.95311
vn 0.98488 -0.17315 -0.00588
vn 0.99508 -0.09901 -0.00396
vn 0.94061 0.33945 -0.00527
vn 0.45392 0.89104 0.00032
vn -0.2171 0.97613 -0.00639
vn -0.70439 0.7098 0.00319
vn -0.94496 0.32688 -0.01413
vn -0.98218 0.18786 -0.0056
vn -0.98232 0.18707 -0.00741
vn -0.98304 0.18315 -0.00903
vn -0.98412 0.17718 -0.01106
vn -0.97121 0.17219 0.16461
vn -0.0293 0.01633 0.99944
vn -0.34064 0.06944 0.93763
vn -0.35634 0.07477 0.93136
vn 0.00893 0.01746 0.99981
vn -0.35693 -0.06346 0.93197
vn -0.01978 0.11971 0.99261
vn -0.17902 -0.30138 0.93655
vn -0.03484 0.03293 0.99885
vn 0.02606 -0.35552 0.93431
vn -0.09006 0.00807 0.9959
vn 0.20479 -0.26968 0.94092
vn -0.02961 -0.03268 0.99903
vn 0.31307 -0.16551 0.9352
vn 0.32898 -0.11946 0.93675
vn -0.00838 -0.04227 0.99907
vn 0.32749 -0.1199 0.93722
vn -0.00856 -0.04303 0.99904
vn 0.32517 -0.1235 0.93756
vn -0.00953 -0.04714 0.99884
vn 0.32172 -0.12863 0.93806
vn -0.01093 -0.05316 0.99853
vn 0.31206 -0.13021 0.9411
vn -0.12928 0.03292 -0.99106
vn 0.96871 -0.09661 -0.22861
vn 0.92113 0.32859 -0.20866
vn 0.44524 0.86923 -0.21494
vn -0.20882 0.95461 -0.21241
vn -0.68335 0.69673 -0.21819
vn -0.92045 0.3152 -0.23111
vn -0.95611 0.18083 -0.23053
vn -0.95602 0.17996 -0.23158
vn -0.95651 0.17587 -0.23274
vn -0.95729 0.16951 -0.23422
vn -0.98454 0.17394 -0.02048
vn -0.4928 0.09555 0.86488
vn -0.50652 0.10106 0.85628
vn -0.52941 -0.09948 0.84251
vn -0.24273 -0.44661 0.86118
vn 0.05744 -0.51969 0.85242
vn 0.31188 -0.37668 0.87227
vn 0.46294 -0.22123 0.85834
vn 0.47766 -0.1532 0.86508
vn 0.47546 -0.15343 0.86626
vn 0.47209 -0.15664 0.86752
vn 0.46709 -0.16086 0.86945
vn 0.4504 -0.16105 0.87818
vn 0.95815 -0.1679 -0.23184
vn 0.87627 -0.08762 -0.47379
vn 0.84587 0.2883 -0.44876
vn 0.40947 0.80307 -0.43291
vn -0.62979 0.63714 -0.44432
vn -0.83601 0.28264 -0.47033
vn -0.86427 0.15918 -0.47719
vn -0.86443 0.15836 -0.47717
vn -0.8652 0.15434 -0.47709
vn -0.86638 0.14802 -0.47695
vn -0.95664 0.16631 -0.23914
vn -0.62421 0.11955 0.77205
vn -0.6338 0.12348 0.76358
vn -0.66152 -0.10974 0.74186
vn -0.32465 -0.55804 0.76367
vn 0.06761 -0.65112 0.75596
vn 0.39373 -0.48743 0.77935
vn 0.58458 -0.2739 0.7637
vn 0.60663 -0.18282 0.77367
vn 0.60406 -0.18282 0.77569
vn 0.59938 -0.18555 0.77866
vn 0.5923 -0.18871 0.78331
vn 0.57103 -0.18806 0.7991
vn 0.86375 -0.14995 -0.48109
vn 0.72773 -0.07014 -0.68226
vn 0.70696 0.2423 -0.66445
vn 0.31955 0.71949 -0.61662
vn -0.18212 0.86856 -0.46091
vn -0.16621 0.71432 -0.6798
vn -0.55773 0.52656 -0.64162
vn -0.71723 0.12595 -0.68536
vn -0.71809 0.12532 -0.68457
vn -0.71964 0.1216 -0.68362
vn -0.7219 0.11583 -0.68223
vn -0.72732 0.11405 -0.67675
vn -0.86684 0.14516 -0.47698
vn -0.75007 0.14416 0.64546
vn -0.74634 0.14124 0.65041
vn -0.73866 -0.1509 0.65697
vn -0.37726 -0.72484 0.57644
vn 0.10259 -0.73852 0.66638
vn 0.50862 -0.60129 0.61624
vn 0.68461 -0.31235 0.65859
vn 0.73021 -0.21153 0.64966
vn 0.72993 -0.21189 0.64985
vn 0.72886 -0.21498 0.65004
vn 0.72676 -0.21924 0.65097
vn 0.72292 -0.22318 0.6539
vn 0.11701 -0.0119 -0.99306
vn 0.12821 -0.00252 -0.99174
vn 0.14731 0.04973 -0.98784
vn 0.03364 0.16262 -0.98612
vn -0.05162 0.13706 -0.98922
vn -0.12833 0.08038 -0.98847
vn -0.14053 0.01825 -0.98991
vn -0.13656 -0.00496 -0.99062
vn -0.13995 -0.00479 -0.99015
vn -0.14534 -0.00697 -0.98936
vn -0.15244 -0.00941 -0.98827
vn -0.17674 -0.00755 -0.98423
vn 0.71367 -0.1219 -0.68979
vn 0.57586 -0.05399 -0.81576
vn 0.57545 0.18981 -0.7955
vn 0.24067 0.59451 -0.76723
vn -0.13701 0.57392 -0.80737
vn -0.45747 0.41168 -0.78819
vn -0.69786 0.23045 -0.67815
vn -0.56963 0.09299 -0.81662
vn -0.57143 0.0926 -0.81541
vn -0.57394 0.08928 -0.81401
vn -0.57759 0.08432 -0.81196
vn -0.58943 0.08387 -0.80346
vn -0.84618 0.16128 0.50791
vn -0.84451 0.15905 0.51138
vn -0.82994 -0.18288 0.52702
vn -0.40834 -0.81851 0.4041
vn 0.14443 -0.82907 0.54016
vn 0.61618 -0.66597 0.42049
vn 0.78281 -0.32777 0.52893
vn 0.82921 -0.23476 0.50724
vn 0.83078 -0.2358 0.50418
vn 0.83222 -0.23993 0.49985
vn 0.83441 -0.24505 0.49367
vn 0.84468 -0.25167 0.47242
vn 0.56396 -0.09408 -0.82043
vn 0.42653 -0.03786 -0.90368
vn 0.44515 0.14033 -0.88439
vn 0.16891 0.45793 -0.87279
vn -0.34792 0.29975 -0.88831
vn -0.55671 0.17586 -0.81188
vn -0.42449 0.06039 -0.90342
vn -0.42725 0.06025 -0.90213
vn -0.43077 0.05734 -0.90064
vn -0.43595 0.05329 -0.89839
vn -0.45349 0.05394 -0.88963
vn -0.9176 0.17413 0.35734
vn -0.91709 0.17263 0.35936
vn -0.90607 -0.20294 0.37128
vn -0.42829 -0.86173 0.272
vn 0.16784 -0.90817 0.38348
vn 0.64838 -0.70427 0.28916
vn 0.85821 -0.35233 0.3733
vn 0.89992 -0.25187 0.35596
vn 0.90086 -0.25286 0.35287
vn 0.90114 -0.25682 0.34928
vn 0.90174 -0.26212 0.34374
vn 0.9084 -0.26758 0.32127
vn 0.41377 -0.06628 -0.90796
vn 0.26715 -0.0196 -0.96345
vn 0.29456 0.09002 -0.95138
vn 0.09581 0.30348 -0.94801
vn -0.10798 0.43649 -0.8932
vn -0.23024 0.1822 -0.95592
vn -0.41986 0.12346 -0.89915
vn -0.27 0.02546 -0.96252
vn -0.27349 0.02555 -0.96154
vn -0.27802 0.02305 -0.9603
vn -0.28462 0.01987 -0.95843
vn -0.30473 0.02091 -0.95221
vn -0.96463 0.18274 0.18999
vn -0.96478 0.18175 0.19017
vn -0.95672 -0.21477 0.19635
vn -0.44158 -0.88589 0.14214
vn 0.18312 -0.96148 0.20498
vn 0.67366 -0.72479 0.14445
vn 0.90761 -0.36896 0.20029
vn 0.9465 -0.26368 0.18604
vn 0.94671 -0.26451 0.18376
vn 0.94607 -0.26837 0.18146
vn 0.9451 -0.27392 0.1782
vn 0.94691 -0.27792 0.16163
vn 0.33807 -0.05085 0.93975
vn 0.35144 -0.03218 0.93566
vn 0.07233 0.01622 0.99725
vn 0.37154 0.11271 0.92155
vn -0.09556 0.35149 0.9313
vn -0.34023 0.088 0.93622
vn -0.34505 0.03871 0.93779
vn -0.3439 0.03765 0.93825
vn -0.34341 0.03339 0.93859
vn -0.34262 0.02727 0.93908
vn -0.33465 0.02155 0.9421
vn -0.01176 -0.05673 0.99832
vn 0.25405 -0.03691 -0.96649
vn -0.07718 0.28171 -0.95639
vn -0.27245 0.06859 -0.95972
vn -0.98251 0.18623 -0.00142
vn -0.98264 0.18546 -0.00419
vn -0.97616 -0.21706 -0.00189
vn -0.44617 -0.89491 -0.00848
vn 0.18641 -0.98247 -0.00156
vn 0.68077 -0.73241 -0.01135
vn 0.92618 -0.37707 0.00237
vn 0.9632 -0.26864 -0.00859
vn 0.96297 -0.26941 -0.01041
vn 0.96187 -0.27324 -0.01204
vn 0.96017 -0.27907 -0.01402
vn 0.95908 -0.28215 -0.02344
vn 0.49387 -0.0798 0.86587
vn 0.50447 -0.0518 0.86188
vn 0.21415 0.55062 0.80682
vn 0.13771 0.40483 0.90396
vn -0.12258 0.49096 0.86252
vn -0.42453 0.37204 0.82545
vn -0.31194 0.25246 0.91595
vn -0.47693 0.14219 0.86736
vn -0.49342 0.07467 0.86658
vn -0.49154 0.07349 0.86775
vn -0.48995 0.06911 0.86901
vn -0.48736 0.06311 0.87092
vn -0.47246 0.05551 0.8796
vn -0.95776 0.18212 -0.22254
vn -0.95616 0.18119 -0.23005
vn -0.95315 -0.20424 -0.22316
vn -0.43848 -0.87554 -0.20289
vn 0.17397 -0.95661 -0.23372
vn 0.65794 -0.72026 -0.21986
vn 0.90095 -0.36938 -0.2277
vn 0.93608 -0.26319 -0.23343
vn 0.9356 -0.26393 -0.23452
vn 0.93421 -0.26781 -0.23566
vn 0.93207 -0.27385 -0.23717
vn 0.93006 -0.2764 -0.24205
vn 0.50369 0.1602 0.8489
vn -0.8695 0.16652 -0.46501
vn 0.1408 -0.87254 -0.46782
vn 0.83953 -0.25523 -0.47964
vn -0.29099 -0.09944 -0.95154
vn -0.1573 -0.13055 -0.97888
vn -0.44459 -0.06348 -0.89348
vn -0.7354 0.00432 -0.67762
vn -0.58881 -0.02957 -0.80773
vn -0.88128 0.03802 -0.47107
vn -0.97224 0.05984 -0.22621
vn -0.9978 0.06624 -0.00262
vn -0.97972 0.06224 0.19046
vn -0.93208 0.05118 0.35862
vn -0.76309 0.01156 0.64619
vn -0.8599 0.03428 0.50932
vn -0.64539 -0.016 0.76369
vn -0.37023 -0.08069 0.92543
vn -0.51845 -0.04567 0.85389
vn -0.03691 -0.16396 0.98578
vn -0.0387 -0.15842 -0.98661
vn 0.21358 -0.21784 -0.95233
vn 0.3673 -0.25399 -0.89475
vn 0.51185 -0.28785 -0.80941
vn 0.65858 -0.32279 -0.67976
vn 0.80479 -0.35763 -0.47373
vn 0.89672 -0.37874 -0.22901
vn 0.9231 -0.38452 -0.00552
vn 0.9057 -0.3802 0.18752
vn 0.85858 -0.36902 0.3559
vn 0.78686 -0.35215 0.50679
vn 0.69049 -0.32954 0.64392
vn 0.57315 -0.30194 0.7618
vn 0.44646 -0.27209 0.85243
vn 0.29841 -0.23759 0.92439
vn 0.07994 -0.18622 -0.97925
vn -0.29898 -0.13309 -0.94493
vn -0.16433 -0.16009 -0.97333
vn -0.45291 -0.10387 -0.88548
vn -0.74192 -0.05167 -0.6685
vn -0.59659 -0.07765 -0.79878
vn -0.88509 -0.02346 -0.46482
vn -0.9744 -0.00083 -0.22481
vn -0.99993 0.01122 -0.00466
vn -0.98229 0.0138 0.18683
vn -0.93504 0.00825 0.35444
vn -0.7666 -0.02646 0.64158
vn -0.86314 -0.00511 0.50495
vn -0.64931 -0.05485 0.75854
vn -0.37598 -0.12777 0.91778
vn -0.52313 -0.08744 0.84776
vn -0.04847 -0.21295 0.97586
vn -0.0453 -0.18676 -0.98136
vn 0.20581 -0.25155 -0.94571
vn 0.35688 -0.29391 -0.88671
vn 0.4974 -0.33435 -0.8005
vn 0.63952 -0.37588 -0.67062
vn 0.78096 -0.41441 -0.4673
vn 0.87168 -0.43403 -0.22758
vn 0.90052 -0.43476 -0.00749
vn 0.88643 -0.42471 0.18405
vn 0.84214 -0.40879 0.35171
vn 0.77226 -0.38888 0.50238
vn 0.67675 -0.36515 0.63927
vn 0.5594 -0.33849 0.75663
vn 0.43209 -0.31159 0.84629
vn 0.28258 -0.28232 0.91676
vn 0.07312 -0.21581 -0.97369
vn -0.22843 -0.97356 -0.00059
vn 0.31291 0.14894 0.93803
vn 0.96593 0.18442 -0.18159
vt 0.48633 0.9037
vt 0.37479 0.95941
vt 0.33376 0.9555
vt 0.31064 0.73636
vt 0.22663 0.52733
vt 0.36658 0.49695
vt 0.23509 0.02789
vt 0.23032 0.06003
vt 0.20597 0.0309
vt 0.22944 0.08926
vt 0.20842 0.06724
vt 0.20058 0.00016
vt 0.15758 0.01747
vt 0.17895 0.04492
vt 0.34963 0.9931
vt 0.31842 0.97156
vt 0.25113 0.47804
vt 0.27615 0.47766
vt 0.27071 0.44819
vt 0.28914 0.4477
vt 0.26353 0.9442
vt 0.20054 0.75354
vt 0.28363 0.42697
vt 0.13273 0.03555
vt 0.167 0.0615
vt 0.00327 0.34082
vt 0.10609 0.43838
vt 0.19828 0.48953
vt 0.03521 0.07935
vt 0.04804 0.10014
vt 0.02274 0.14081
vt 0.00637 0.18801
vt 0.20225 0.08686
vt 0.26513 0.44279
vt 0.12458 0.05234
vt 0.12403 0.06903
vt 0.16847 0.08365
vt 0.14606 0.10765
vt 0.12972 0.08525
vt 0.18063 0.10437
vt 0.13312 0.13655
vt 0.11474 0.12285
vt 0.26481 0.43029
vt 0.16498 0.1254
vt 0.21552 0.10555
vt 0.24579 0.41548
vt 0.26935 0.4201
vt 0.19663 0.11882
vt 0.18967 0.13975
vt 0.17758 0.13379
vt 0.21354 0.12691
vt 0.27486 0.41371
vt 0.21217 0.14507
vt 0.20122 0.14355
vt 0.23075 0.11126
vt 0.2794 0.41025
vt 0.22905 0.12898
vt 0.23383 0.14436
vt 0.22297 0.14503
vt 0.45864 0.94131
vt 0.26118 0.00055
vt 0.25684 0.03182
vt 0.25167 0.0689
vt 0.48534 0.93556
vt 0.33627 0.45252
vt 0.31239 0.46857
vt 0.39487 0.05601
vt 0.35622 0.0375
vt 0.34418 0.01218
vt 0.3052 0.43878
vt 0.30745 0.4328
vt 0.28855 0.06169
vt 0.28135 0.04744
vt 0.25556 0.08638
vt 0.33947 0.42861
vt 0.34134 0.4357
vt 0.30523 0.42548
vt 0.3104 0.09632
vt 0.28729 0.07689
vt 0.3223 0.07474
vt 0.27842 0.09758
vt 0.32584 0.12002
vt 0.33973 0.10551
vt 0.32631 0.41095
vt 0.33537 0.42125
vt 0.34184 0.38014
vt 0.35437 0.38842
vt 0.29994 0.41912
vt 0.29579 0.11485
vt 0.31071 0.39929
vt 0.24456 0.10394
vt 0.29274 0.41413
vt 0.27531 0.13202
vt 0.2654 0.11342
vt 0.28554 0.12448
vt 0.29816 0.3934
vt 0.25534 0.12133
vt 0.285 0.41117
vt 0.24401 0.1264
vt 0.24456 0.14297
vt 0.25497 0.14103
vt 0.65177 0.09864
vt 0.6511 0.09885
vt 0.65135 0.09835
vt 0.65176 0.1024
vt 0.65122 0.10274
vt 0.65116 0.10219
vt 0.65147 0.10185
vt 0.65187 0.10162
vt 0.64913 0.10111
vt 0.64921 0.10158
vt 0.64858 0.10141
vt 0.65068 0.09831
vt 0.64892 0.1007
vt 0.64837 0.10055
vt 0.8032 0.64016
vt 0.80434 0.98095
vt 0.79943 0.98094
vt 0.70964 0.6383
vt 0.70468 0.95935
vt 0.70207 0.6385
vt 0.84482 0.64086
vt 0.84657 0.85736
vt 0.84035 0.85721
vt 0.94767 0.85832
vt 0.95187 0.6402
vt 0.95215 0.85849
vt 0.79144 0.90632
vt 0.79128 0.63964
vt 0.79877 0.63825
vt 0.92788 0.86302
vt 0.92461 0.63827
vt 0.92975 0.6382
vt 0.68262 0.63815
vt 0.68152 0.96868
vt 0.67566 0.63819
vt 0.69526 0.96896
vt 0.69673 0.63819
vt 0.70207 0.9689
vt 0.85695 0.93992
vt 0.85813 0.63817
vt 0.86259 0.94006
vt 0.89675 0.63859
vt 0.89434 0.8452
vt 0.89059 0.63824
vt 0.94506 0.85693
vt 0.94087 0.6383
vt 0.94534 0.63814
vt 0.91763 0.63842
vt 0.91435 0.90352
vt 0.91254 0.63816
vt 0.76204 0.90539
vt 0.7622 0.63819
vt 0.76953 0.90677
vt 0.68971 0.63866
vt 0.69235 0.96881
vt 0.6847 0.9688
vt 0.83357 0.63814
vt 0.83316 0.97008
vt 0.82813 0.63819
vt 0.83983 0.63835
vt 0.84035 0.9698
vt 0.83476 0.96975
vt 0.75784 0.6387
vt 0.75658 0.94271
vt 0.75313 0.63866
vt 0.85578 0.63817
vt 0.85695 0.94303
vt 0.85227 0.94452
vt 0.74773 0.63821
vt 0.75074 0.94424
vt 0.74598 0.94488
vt 0.80963 0.9789
vt 0.80758 0.63817
vt 0.81284 0.98092
vt 0.65944 0.63814
vt 0.6605 0.97847
vt 0.65618 0.97847
vt 0.6534 0.63885
vt 0.65021 0.98209
vt 0.64846 0.63814
vt 0.49274 0.60833
vt 0.50273 0.6111
vt 0.49686 0.62185
vt 0.48972 0.60883
vt 0.57781 0.56541
vt 0.57722 0.57817
vt 0.56517 0.5688
vt 0.56932 0.55698
vt 0.5056 0.59544
vt 0.50996 0.60321
vt 0.58641 0.56185
vt 0.59849 0.57762
vt 0.59772 0.56209
vt 0.59285 0.55282
vt 0.60436 0.56162
vt 0.52833 0.58745
vt 0.51004 0.58389
vt 0.61249 0.57787
vt 0.52715 0.57676
vt 0.53512 0.58341
vt 0.6076 0.55871
vt 0.61057 0.55478
vt 0.62148 0.568
vt 0.54352 0.58742
vt 0.55115 0.59275
vt 0.54393 0.59513
vt 0.53765 0.59467
vt 0.53545 0.57429
vt 0.54396 0.57118
vt 0.53973 0.58071
vt 0.62486 0.56109
vt 0.6282 0.56919
vt 0.6182 0.55766
vt 0.61838 0.5468
vt 0.55825 0.57768
vt 0.55988 0.59006
vt 0.54827 0.58152
vt 0.55131 0.57207
vt 0.55674 0.56414
vt 0.56423 0.54857
vt 0.55629 0.55862
vt 0.5512 0.55483
vt 0.54493 0.56326
vt 0.55494 0.54793
vt 0.49121 0.59913
vt 0.57599 0.54621
vt 0.58877 0.54495
vt 0.58146 0.55433
vt 0.59756 0.5488
vt 0.513 0.5726
vt 0.60436 0.54797
vt 0.50248 0.5638
vt 0.53002 0.56586
vt 0.6128 0.54624
vt 0.60756 0.54074
vt 0.5376 0.56412
vt 0.52167 0.553
vt 0.53357 0.55483
vt 0.54332 0.55437
vt 0.53949 0.54569
vt 0.49668 0.57493
vt 0.49395 0.56508
vt 0.50441 0.554
vt 0.60038 0.53905
vt 0.59185 0.53794
vt 0.59397 0.53022
vt 0.60412 0.53363
vt 0.51468 0.54398
vt 0.52434 0.54114
vt 0.5291 0.53541
vt 0.55798 0.52916
vt 0.55122 0.54104
vt 0.54574 0.52921
vt 0.53829 0.53503
vt 0.4874 0.59475
vt 0.57025 0.53046
vt 0.56281 0.538
vt 0.55215 0.52111
vt 0.58378 0.53455
vt 0.575 0.53719
vt 0.57103 0.52418
vt 0.48957 0.58034
vt 0.5356 0.52361
vt 0.5692 0.07033
vt 0.56475 0.07298
vt 0.55703 0.07017
vt 0.62797 0.13591
vt 0.6283 0.12978
vt 0.62957 0.13798
vt 0.56206 0.51704
vt 0.54558 0.51713
vt 0.55348 0.07477
vt 0.54122 0.07275
vt 0.48679 0.58452
vt 0.4896 0.5701
vt 0.62499 0.12278
vt 0.57645 0.51863
vt 0.53934 0.0773
vt 0.52648 0.07835
vt 0.62418 0.11556
vt 0.62137 0.11618
vt 0.61745 0.10604
vt 0.59019 0.52264
vt 0.58476 0.52614
vt 0.52534 0.08273
vt 0.51346 0.08672
vt 0.49697 0.55394
vt 0.61715 0.10171
vt 0.61007 0.09725
vt 0.60579 0.09141
vt 0.50744 0.09544
vt 0.50267 0.09751
vt 0.50603 0.54199
vt 0.613 0.53745
vt 0.60173 0.52821
vt 0.49944 0.10537
vt 0.49568 0.10908
vt 0.52052 0.529
vt 0.51374 0.53434
vt 0.59268 0.08419
vt 0.58633 0.0763
vt 0.59695 0.0829
vt 0.62179 0.54489
vt 0.49616 0.11372
vt 0.49152 0.12077
vt 0.52742 0.52557
vt 0.57743 0.07186
vt 0.57917 0.0766
vt 0.56867 0.0762
vt 0.4911 0.1271
vt 0.49002 0.1324
vt 0.48976 0.1273
vt 0.62542 0.55006
vt 0.62276 0.5494
vt 0.51058 0.0947
vt 0.52032 0.09031
vt 0.50559 0.10386
vt 0.50342 0.10233
vt 0.60441 0.09367
vt 0.61452 0.10908
vt 0.60751 0.10522
vt 0.59414 0.09059
vt 0.50002 0.11127
vt 0.58909 0.0848
vt 0.57497 0.07968
vt 0.57894 0.07912
vt 0.57047 0.0839
vt 0.56772 0.07935
vt 0.55533 0.07834
vt 0.55667 0.07669
vt 0.62832 0.1488
vt 0.62669 0.14744
vt 0.54035 0.07946
vt 0.54228 0.08272
vt 0.62566 0.12956
vt 0.62248 0.1238
vt 0.52931 0.08893
vt 0.61726 0.11691
vt 0.52024 0.08777
vt 0.51592 0.08831
vt 0.52805 0.08395
vt 0.61428 0.10433
vt 0.62728 0.15271
vt 0.62476 0.14482
vt 0.62589 0.13596
vt 0.56191 0.08765
vt 0.54443 0.08649
vt 0.54819 0.09566
vt 0.53822 0.09633
vt 0.62157 0.13185
vt 0.61846 0.13077
vt 0.51715 0.09631
vt 0.52363 0.0965
vt 0.52835 0.10092
vt 0.51542 0.11072
vt 0.51281 0.1069
vt 0.60916 0.11627
vt 0.61478 0.12809
vt 0.60582 0.12254
vt 0.60102 0.11456
vt 0.5042 0.11163
vt 0.51358 0.10232
vt 0.60246 0.10421
vt 0.59145 0.1021
vt 0.50065 0.11434
vt 0.49586 0.12327
vt 0.57935 0.09624
vt 0.58972 0.0957
vt 0.58592 0.1116
vt 0.57359 0.10673
vt 0.49263 0.12253
vt 0.49523 0.11949
vt 0.49181 0.13104
vt 0.59469 0.12448
vt 0.58708 0.1366
vt 0.58189 0.12888
vt 0.49667 0.12553
vt 0.50331 0.11868
vt 0.50251 0.12814
vt 0.49654 0.13095
vt 0.57355 0.12301
vt 0.56972 0.13447
vt 0.49352 0.12918
vt 0.56283 0.11871
vt 0.62507 0.15594
vt 0.54996 0.1219
vt 0.62376 0.15339
vt 0.62163 0.15029
vt 0.53766 0.10911
vt 0.53382 0.12581
vt 0.52527 0.11511
vt 0.60778 0.13167
vt 0.61024 0.14262
vt 0.61857 0.14442
vt 0.59991 0.13848
vt 0.50521 0.11831
vt 0.54931 0.13349
vt 0.54713 0.14622
vt 0.53807 0.13821
vt 0.61685 0.16112
vt 0.52816 0.14758
vt 0.51902 0.147
vt 0.52166 0.1328
vt 0.61077 0.16167
vt 0.50363 0.14862
vt 0.51249 0.12794
vt 0.50387 0.13314
vt 0.51032 0.11869
vt 0.50808 0.1311
vt 0.58805 0.14872
vt 0.60225 0.14808
vt 0.49662 0.1452
vt 0.57581 0.14278
vt 0.49192 0.13745
vt 0.55713 0.14499
vt 0.56074 0.12937
vt 0.56583 0.14906
vt 0.61964 0.16317
vt 0.57584 0.15866
vt 0.58118 0.15462
vt 0.55847 0.15461
vt 0.55459 0.16488
vt 0.55359 0.15939
vt 0.56775 0.16168
vt 0.62428 0.16636
vt 0.62582 0.15883
vt 0.53602 0.1619
vt 0.53655 0.15204
vt 0.54861 0.15337
vt 0.62228 0.1697
vt 0.61946 0.17522
vt 0.53047 0.15704
vt 0.6139 0.16717
vt 0.61344 0.17748
vt 0.5274 0.16227
vt 0.52397 0.17099
vt 0.51649 0.17067
vt 0.60702 0.17046
vt 0.49555 0.15804
vt 0.59972 0.16428
vt 0.50064 0.14257
vt 0.50065 0.14683
vt 0.49876 0.15098
vt 0.59131 0.17331
vt 0.52517 0.18723
vt 0.51769 0.19424
vt 0.51447 0.18332
vt 0.60464 0.18792
vt 0.60016 0.18239
vt 0.5064 0.1788
vt 0.50782 0.16672
vt 0.49666 0.17157
vt 0.49428 0.16586
vt 0.58267 0.19395
vt 0.57418 0.17849
vt 0.58363 0.17849
vt 0.59124 0.18953
vt 0.48972 0.15373
vt 0.57186 0.19776
vt 0.5603 0.1834
vt 0.48985 0.14027
vt 0.48868 0.14394
vt 0.54675 0.19491
vt 0.53319 0.17092
vt 0.55178 0.17223
vt 0.53766 0.19429
vt 0.61576 0.17887
vt 0.48963 0.16285
vt 0.48823 0.15491
vt 0.48781 0.14601
vt 0.6261 0.16437
vt 0.62447 0.16894
vt 0.62206 0.17463
vt 0.52296 0.19954
vt 0.53375 0.20076
vt 0.52149 0.20918
vt 0.50902 0.20053
vt 0.51202 0.19248
vt 0.61075 0.19443
vt 0.60467 0.20067
vt 0.60163 0.19649
vt 0.49428 0.17938
vt 0.50256 0.18373
vt 0.58857 0.20462
vt 0.49686 0.18804
vt 0.59201 0.19711
vt 0.57762 0.2088
vt 0.49072 0.171
vt 0.56388 0.20324
vt 0.56363 0.21108
vt 0.50376 0.19826
vt 0.49888 0.19231
vt 0.59132 0.211
vt 0.59013 0.20878
vt 0.60158 0.20434
vt 0.60363 0.2044
vt 0.59561 0.21019
vt 0.4947 0.18504
vt 0.49129 0.17618
vt 0.57497 0.21561
vt 0.57233 0.2138
vt 0.57484 0.21693
vt 0.48724 0.15264
vt 0.48836 0.16387
vt 0.54414 0.21543
vt 0.54049 0.21003
vt 0.55384 0.22006
vt 0.5405 0.2178
vt 0.55421 0.21889
vt 0.53594 0.21457
vt 0.53333 0.21537
vt 0.51936 0.21018
vt 0.61647 0.18801
vt 0.61924 0.18131
vt 0.62013 0.18108
vt 0.51153 0.20542
vt 0.50903 0.20436
vt 0.53573 0.21976
vt 0.52768 0.21413
vt 0.56774 0.65884
vt 0.567 0.6514
vt 0.59121 0.64662
vt 0.59717 0.65089
vt 0.63278 0.5726
vt 0.63273 0.5764
vt 0.63173 0.56993
vt 0.52134 0.21241
vt 0.62292 0.17514
vt 0.51739 0.2122
vt 0.50392 0.6385
vt 0.51158 0.64198
vt 0.50853 0.64302
vt 0.62128 0.63406
vt 0.61318 0.64015
vt 0.61756 0.62851
vt 0.62797 0.62268
vt 0.61009 0.19644
vt 0.61407 0.19305
vt 0.50144 0.19778
vt 0.53043 0.65568
vt 0.53833 0.65655
vt 0.53629 0.6575
vt 0.56567 0.2218
vt 0.57343 0.21835
vt 0.58534 0.21738
vt 0.54346 0.64745
vt 0.55017 0.65938
vt 0.49063 0.17596
vt 0.4877 0.16485
vt 0.4871 0.15763
vt 0.62773 0.60662
vt 0.63096 0.61465
vt 0.62237 0.61959
vt 0.5329 0.6442
vt 0.52456 0.65112
vt 0.51837 0.63631
vt 0.62164 0.60474
vt 0.62463 0.59848
vt 0.62883 0.59328
vt 0.54097 0.63135
vt 0.62727 0.57862
vt 0.63166 0.58239
vt 0.63134 0.58898
vt 0.55235 0.65269
vt 0.55604 0.62877
vt 0.55031 0.63662
vt 0.63099 0.57484
vt 0.59013 0.63261
vt 0.62708 0.16497
vt 0.49903 0.63188
vt 0.49552 0.62808
vt 0.49449 0.62356
vt 0.60781 0.6222
vt 0.6094 0.63548
vt 0.61172 0.61268
vt 0.57889 0.60532
vt 0.57293 0.61411
vt 0.593 0.59631
vt 0.58076 0.59231
vt 0.60231 0.59697
vt 0.61656 0.60971
vt 0.51542 0.61838
vt 0.5289 0.63414
vt 0.61907 0.59216
vt 0.60785 0.59316
vt 0.52895 0.62372
vt 0.54394 0.60567
vt 0.5538 0.60449
vt 0.56468 0.62736
vt 0.53051 0.5974
vt 0.61918 0.57484
vt 0.62359 0.58594
vt 0.56225 0.59971
vt 0.58928 0.58365
vt 0.60185 0.57172
vt 0.49285 0.46854
vt 0.49679 0.4783
vt 0.5019 0.47014
vt 0.56807 0.42582
vt 0.56594 0.43598
vt 0.58405 0.42873
vt 0.51006 0.46952
vt 0.50706 0.45907
vt 0.59888 0.43324
vt 0.59216 0.42003
vt 0.57889 0.41749
vt 0.61233 0.43238
vt 0.6031 0.41953
vt 0.53282 0.45753
vt 0.53079 0.44899
vt 0.50819 0.44885
vt 0.59947 0.41147
vt 0.61225 0.42181
vt 0.60879 0.40884
vt 0.53762 0.44576
vt 0.52991 0.4378
vt 0.61752 0.41516
vt 0.54224 0.44328
vt 0.55097 0.44173
vt 0.54747 0.43349
vt 0.54718 0.45095
vt 0.53884 0.43588
vt 0.53581 0.42981
vt 0.62439 0.41826
vt 0.62657 0.4263
vt 0.55905 0.44789
vt 0.49122 0.47011
vt 0.55835 0.42916
vt 0.56607 0.41567
vt 0.55635 0.42188
vt 0.48676 0.28629
vt 0.48875 0.28715
vt 0.48855 0.28111
vt 0.55388 0.41712
vt 0.49124 0.45906
vt 0.48784 0.46165
vt 0.5874 0.4109
vt 0.5756 0.4084
vt 0.58558 0.40261
vt 0.57462 0.39871
vt 0.49325 0.44898
vt 0.51035 0.4366
vt 0.60017 0.40538
vt 0.59323 0.39782
vt 0.58302 0.39359
vt 0.60245 0.39534
vt 0.49859 0.43028
vt 0.5287 0.42437
vt 0.52204 0.4149
vt 0.53724 0.41905
vt 0.54497 0.42675
vt 0.54288 0.42194
vt 0.53357 0.41181
vt 0.54271 0.41331
vt 0.54993 0.40723
vt 0.54221 0.40456
vt 0.50494 0.41691
vt 0.51534 0.40662
vt 0.60895 0.39312
vt 0.6139 0.40099
vt 0.62107 0.40154
vt 0.6201 0.40756
vt 0.53916 0.39733
vt 0.53003 0.39034
vt 0.52761 0.40117
vt 0.48791 0.44961
vt 0.49272 0.4401
vt 0.56642 0.39071
vt 0.56301 0.40142
vt 0.58199 0.38674
vt 0.57262 0.38006
vt 0.56482 0.22578
vt 0.57204 0.22293
vt 0.5617 0.22213
vt 0.55024 0.22439
vt 0.48665 0.45332
vt 0.56079 0.38181
vt 0.56465 0.37426
vt 0.55232 0.37436
vt 0.54895 0.38352
vt 0.48757 0.4385
vt 0.49181 0.4271
vt 0.62646 0.27547
vt 0.62745 0.28582
vt 0.62905 0.28698
vt 0.53624 0.22635
vt 0.52646 0.23199
vt 0.54011 0.22897
vt 0.62128 0.26532
vt 0.62402 0.27394
vt 0.61819 0.25687
vt 0.62432 0.26724
vt 0.49382 0.41688
vt 0.49931 0.41329
vt 0.50115 0.4044
vt 0.60895 0.24492
vt 0.6133 0.2544
vt 0.59957 0.38443
vt 0.58579 0.3808
vt 0.59465 0.38766
vt 0.50765 0.24772
vt 0.51659 0.2379
vt 0.50429 0.24818
vt 0.5082 0.40157
vt 0.5131 0.39332
vt 0.61457 0.39505
vt 0.60787 0.38891
vt 0.52314 0.38484
vt 0.58414 0.22643
vt 0.59028 0.23297
vt 0.59817 0.2339
vt 0.49421 0.26882
vt 0.49392 0.26467
vt 0.49133 0.27218
vt 0.49065 0.27737
vt 0.53357 0.38
vt 0.57846 0.2288
vt 0.50789 0.2504
vt 0.50741 0.25339
vt 0.51648 0.24238
vt 0.5982 0.24086
vt 0.60666 0.24692
vt 0.59836 0.23879
vt 0.59485 0.24323
vt 0.60865 0.25183
vt 0.59333 0.23978
vt 0.606 0.2551
vt 0.61416 0.26099
vt 0.591 0.24384
vt 0.49891 0.26269
vt 0.50048 0.25761
vt 0.58317 0.23288
vt 0.57045 0.23604
vt 0.49394 0.2738
vt 0.56583 0.22902
vt 0.57004 0.23305
vt 0.62892 0.30018
vt 0.62854 0.29515
vt 0.62798 0.30301
vt 0.55658 0.22724
vt 0.55024 0.22934
vt 0.574 0.23169
vt 0.56074 0.2302
vt 0.54812 0.23131
vt 0.62714 0.29479
vt 0.53596 0.23251
vt 0.62474 0.28058
vt 0.53082 0.23578
vt 0.52874 0.23415
vt 0.53895 0.23513
vt 0.52407 0.24239
vt 0.61779 0.26307
vt 0.62203 0.2756
vt 0.51862 0.23919
vt 0.62559 0.29442
vt 0.53153 0.24214
vt 0.53881 0.24936
vt 0.54003 0.23718
vt 0.62007 0.27398
vt 0.61321 0.26715
vt 0.62161 0.28306
vt 0.61906 0.2849
vt 0.52127 0.24741
vt 0.51373 0.25092
vt 0.52591 0.25414
vt 0.60363 0.25732
vt 0.61314 0.27662
vt 0.60863 0.26713
vt 0.50406 0.26402
vt 0.50856 0.26217
vt 0.51955 0.25908
vt 0.51662 0.25348
vt 0.59034 0.24834
vt 0.59563 0.27516
vt 0.60322 0.27098
vt 0.59457 0.25629
vt 0.58774 0.26572
vt 0.49905 0.2675
vt 0.57756 0.24833
vt 0.5897 0.25359
vt 0.57409 0.25966
vt 0.5721 0.24049
vt 0.62642 0.3057
vt 0.5501 0.23816
vt 0.54785 0.24665
vt 0.58041 0.2857
vt 0.59962 0.2881
vt 0.50412 0.27008
vt 0.50045 0.27236
vt 0.49954 0.27797
vt 0.5026 0.27992
vt 0.49573 0.27694
vt 0.57049 0.27372
vt 0.57352 0.28171
vt 0.49309 0.28094
vt 0.49108 0.27969
vt 0.4907 0.28486
vt 0.49316 0.28372
vt 0.55881 0.27005
vt 0.55929 0.28158
vt 0.54682 0.27646
vt 0.62357 0.2991
vt 0.62489 0.30723
vt 0.53219 0.25036
vt 0.53524 0.28245
vt 0.61865 0.29217
vt 0.62156 0.29937
vt 0.52785 0.26603
vt 0.60856 0.28415
vt 0.6118 0.2996
vt 0.51613 0.27418
vt 0.5173 0.29028
vt 0.50802 0.27466
vt 0.53697 0.30263
vt 0.54555 0.28884
vt 0.617 0.31309
vt 0.61969 0.31494
vt 0.62252 0.30545
vt 0.52668 0.28597
vt 0.52445 0.30116
vt 0.50755 0.29
vt 0.60684 0.29616
vt 0.58756 0.30458
vt 0.60149 0.31107
vt 0.50575 0.28829
vt 0.50284 0.28785
vt 0.58537 0.29362
vt 0.49969 0.28386
vt 0.49307 0.28887
vt 0.56732 0.29494
vt 0.48932 0.29369
vt 0.48974 0.29548
vt 0.49147 0.29741
vt 0.49598 0.29903
vt 0.50045 0.29561
vt 0.49026 0.30548
vt 0.56659 0.31474
vt 0.5827 0.33159
vt 0.57444 0.31012
vt 0.55886 0.30508
vt 0.55331 0.31433
vt 0.57036 0.33203
vt 0.55086 0.30286
vt 0.53597 0.31495
vt 0.53069 0.32097
vt 0.6209 0.32097
vt 0.62282 0.32037
vt 0.53032 0.31219
vt 0.52032 0.31094
vt 0.51943 0.3197
vt 0.504 0.30226
vt 0.50801 0.3169
vt 0.50533 0.30943
vt 0.50013 0.30023
vt 0.49832 0.30466
vt 0.59553 0.32353
vt 0.50508 0.33011
vt 0.51439 0.33037
vt 0.51095 0.33999
vt 0.51984 0.33756
vt 0.61095 0.33517
vt 0.61466 0.3177
vt 0.60879 0.33446
vt 0.49573 0.32179
vt 0.60049 0.33366
vt 0.5882 0.34214
vt 0.59643 0.33986
vt 0.49357 0.31268
vt 0.49787 0.32984
vt 0.56071 0.33466
vt 0.55188 0.33484
vt 0.53942 0.34497
vt 0.62546 0.31397
vt 0.53065 0.32764
vt 0.52686 0.33911
vt 0.61687 0.32967
vt 0.53458 0.35278
vt 0.56254 0.36319
vt 0.56658 0.35
vt 0.53983 0.36285
vt 0.61966 0.32915
vt 0.52364 0.35104
vt 0.52298 0.36185
vt 0.5163 0.34944
vt 0.61041 0.3443
vt 0.61558 0.33823
vt 0.50416 0.34768
vt 0.51421 0.35796
vt 0.60281 0.34295
vt 0.49514 0.33634
vt 0.49697 0.34122
vt 0.59249 0.3521
vt 0.59838 0.35388
vt 0.49202 0.32761
vt 0.58766 0.35694
vt 0.4897 0.31576
vt 0.4896 0.3219
vt 0.57936 0.34865
vt 0.57707 0.36165
vt 0.60891 0.34835
vt 0.50164 0.34827
vt 0.59095 0.36043
vt 0.5928 0.36115
vt 0.60245 0.35664
vt 0.58829 0.36469
vt 0.59622 0.36195
vt 0.57307 0.36597
vt 0.57074 0.37042
vt 0.58043 0.36906
vt 0.48748 0.31126
vt 0.57218 0.36853
vt 0.55426 0.36975
vt 0.54969 0.36714
vt 0.53958 0.36889
vt 0.55485 0.37117
vt 0.53756 0.3669
vt 0.62212 0.32574
vt 0.61966 0.33227
vt 0.61694 0.33823
vt 0.6196 0.33479
vt 0.52624 0.36578
vt 0.51204 0.35823
vt 0.51576 0.36144
vt 0.50612 0.3535
vt 0.56438 0.37394
vt 0.55453 0.37236
vt 0.5385 0.37165
vt 0.54055 0.37032
vt 0.57493 0.51542
vt 0.59267 0.50619
vt 0.57649 0.50515
vt 0.52344 0.36596
vt 0.50629 0.49762
vt 0.50733 0.49472
vt 0.49823 0.48784
vt 0.51285 0.36157
vt 0.61819 0.4939
vt 0.60914 0.49719
vt 0.61062 0.50114
vt 0.61434 0.34315
vt 0.61101 0.34903
vt 0.50176 0.35084
vt 0.62754 0.48075
vt 0.61692 0.48778
vt 0.60916 0.34972
vt 0.51989 0.50795
vt 0.53103 0.51152
vt 0.51752 0.50415
vt 0.53664 0.5149
vt 0.54439 0.51572
vt 0.49412 0.3377
vt 0.49252 0.33234
vt 0.49061 0.32851
vt 0.49711 0.34332
vt 0.57654 0.37254
vt 0.5917 0.36648
vt 0.5893 0.36567
vt 0.5603 0.51672
vt 0.55227 0.5046
vt 0.48787 0.31806
vt 0.61928 0.47599
vt 0.62686 0.46791
vt 0.62094 0.4641
vt 0.62831 0.45789
vt 0.63321 0.45652
vt 0.62891 0.45073
vt 0.63012 0.44625
vt 0.63298 0.44647
vt 0.63121 0.43922
vt 0.55725 0.48469
vt 0.59012 0.4951
vt 0.62487 0.32045
vt 0.62592 0.31937
vt 0.62641 0.31639
vt 0.60647 0.48628
vt 0.61195 0.48128
vt 0.61178 0.46597
vt 0.4944 0.47953
vt 0.57848 0.46037
vt 0.56982 0.47459
vt 0.58476 0.47877
vt 0.58204 0.45226
vt 0.5988 0.46403
vt 0.51837 0.48839
vt 0.52702 0.49875
vt 0.61896 0.45354
vt 0.61172 0.44089
vt 0.61036 0.45499
vt 0.62219 0.44805
vt 0.52262 0.4797
vt 0.53264 0.48584
vt 0.62295 0.43762
vt 0.6266 0.43708
vt 0.62902 0.43341
vt 0.54581 0.4596
vt 0.54394 0.48152
vt 0.63242 0.43239
vt 0.63181 0.42719
vt 0.55561 0.46002
vt 0.53947 0.45567
vt 0.62093 0.42758
vt 0.56732 0.45427
vt 0.62681 0.415
vt 0.59262 0.44686
vt 0.57773 0.44196
vt 0.60356 0.44312
vt 0.63082 0.27568
vt 0.63114 0.2616
vt 0.63504 0.26755
vt 0.64437 0.29354
vt 0.65323 0.28312
vt 0.6546 0.29714
vt 0.69315 0.25768
vt 0.69468 0.27086
vt 0.68995 0.26393
vt 0.6431 0.27096
vt 0.63761 0.27466
vt 0.64303 0.27921
vt 0.68581 0.27349
vt 0.67946 0.26984
vt 0.68309 0.26488
vt 0.65181 0.27391
vt 0.66062 0.27459
vt 0.68661 0.25928
vt 0.63771 0.26274
vt 0.65544 0.2669
vt 0.66518 0.2665
vt 0.67188 0.27291
vt 0.64777 0.26634
vt 0.64976 0.26055
vt 0.64271 0.25884
vt 0.64281 0.26549
vt 0.6592 0.25988
vt 0.68728 0.25408
vt 0.64695 0.25516
vt 0.6542 0.25356
vt 0.63662 0.2577
vt 0.6668 0.25933
vt 0.66937 0.25245
vt 0.67413 0.25879
vt 0.64975 0.24723
vt 0.65791 0.2453
vt 0.64184 0.25135
vt 0.66147 0.2526
vt 0.67775 0.24685
vt 0.68412 0.24256
vt 0.68224 0.25133
vt 0.62937 0.25393
vt 0.64955 0.23806
vt 0.69468 0.24935
vt 0.63941 0.22974
vt 0.6485 0.22484
vt 0.62976 0.24572
vt 0.63846 0.24597
vt 0.63012 0.32042
vt 0.63885 0.321
vt 0.63379 0.31206
vt 0.69398 0.32127
vt 0.68939 0.32922
vt 0.69303 0.33535
vt 0.64059 0.3046
vt 0.65048 0.31357
vt 0.65006 0.3001
vt 0.67188 0.31282
vt 0.68122 0.3028
vt 0.67114 0.29873
vt 0.68148 0.32545
vt 0.68714 0.32199
vt 0.66106 0.3112
vt 0.6641 0.32103
vt 0.68192 0.31719
vt 0.63079 0.33649
vt 0.63651 0.3328
vt 0.62937 0.32867
vt 0.68657 0.3353
vt 0.66914 0.32898
vt 0.67289 0.3221
vt 0.64503 0.32494
vt 0.64903 0.33031
vt 0.65276 0.3222
vt 0.64118 0.32974
vt 0.65918 0.32892
vt 0.67434 0.33556
vt 0.67659 0.32986
vt 0.63739 0.33794
vt 0.68098 0.33539
vt 0.68152 0.33093
vt 0.66676 0.33577
vt 0.66959 0.34237
vt 0.67662 0.34778
vt 0.67691 0.34109
vt 0.63448 0.34269
vt 0.64143 0.34333
vt 0.68958 0.34141
vt 0.65431 0.35029
vt 0.65971 0.343
vt 0.64941 0.34226
vt 0.68272 0.34204
vt 0.66551 0.35047
vt 0.65902 0.36022
vt 0.64572 0.34802
vt 0.64471 0.35604
vt 0.62986 0.35083
vt 0.69398 0.34836
vt 0.68752 0.34814
vt 0.63683 0.34999
vt 0.38739 0.98404
vt 0.3252 0.99984
vt 0.29565 0.97663
vt 0.00016 0.24371
vt 0.00929 0.305
vt 0.03588 0.36658
vt 0.08617 0.04545
vt 0.08203 0.06885
vt 0.24067 0.47234
vt 0.19184 0.477
vt 0.08604 0.08827
vt 0.08887 0.40212
vt 0.13734 0.4428
vt 0.18888 0.4663
vt 0.05778 0.11976
vt 0.23618 0.46586
vt 0.04069 0.15807
vt 0.03066 0.1986
vt 0.0337 0.2957
vt 0.02751 0.24448
vt 0.05329 0.35014
vt 0.06072 0.28771
vt 0.05629 0.24455
vt 0.0751 0.33537
vt 0.10279 0.384
vt 0.14308 0.42604
vt 0.09789 0.1065
vt 0.18911 0.45463
vt 0.075 0.13642
vt 0.23403 0.45794
vt 0.06391 0.17136
vt 0.05787 0.2062
vt 0.19255 0.44102
vt 0.15355 0.40784
vt 0.09744 0.15086
vt 0.09067 0.18197
vt 0.08709 0.21181
vt 0.23396 0.44861
vt 0.08971 0.28049
vt 0.08636 0.24406
vt 0.10045 0.32177
vt 0.12156 0.366
vt 0.1159 0.27454
vt 0.11309 0.24317
vt 0.12473 0.31057
vt 0.14156 0.35026
vt 0.16691 0.39034
vt 0.19882 0.42634
vt 0.12026 0.16224
vt 0.11502 0.18938
vt 0.2371 0.43423
vt 0.11333 0.21546
vt 0.20705 0.41218
vt 0.18044 0.37638
vt 0.1412 0.17048
vt 0.13653 0.19423
vt 0.13472 0.24188
vt 0.13515 0.2173
vt 0.13777 0.26992
vt 0.14605 0.30206
vt 0.16039 0.33783
vt 0.1507 0.14695
vt 0.15536 0.26685
vt 0.17725 0.32887
vt 0.16441 0.29605
vt 0.16704 0.15444
vt 0.19396 0.36535
vt 0.15973 0.17579
vt 0.21657 0.3995
vt 0.15263 0.21743
vt 0.15547 0.19691
vt 0.15196 0.24045
vt 0.16918 0.21668
vt 0.17169 0.1973
vt 0.22663 0.3889
vt 0.1691 0.23883
vt 0.17253 0.26414
vt 0.18077 0.29212
vt 0.182 0.15925
vt 0.20774 0.35613
vt 0.19355 0.32187
vt 0.17618 0.17852
vt 0.19788 0.28836
vt 0.1956 0.16137
vt 0.22162 0.34844
vt 0.20904 0.31681
vt 0.19107 0.17893
vt 0.23701 0.38014
vt 0.18809 0.19689
vt 0.25463 0.40391
vt 0.18674 0.21555
vt 0.1873 0.23687
vt 0.19071 0.26127
vt 0.20489 0.21404
vt 0.20505 0.19604
vt 0.2652 0.39498
vt 0.20614 0.23466
vt 0.20954 0.25827
vt 0.21566 0.28468
vt 0.20871 0.16163
vt 0.22463 0.3128
vt 0.20634 0.17867
vt 0.24753 0.37298
vt 0.23548 0.3422
vt 0.2337 0.28119
vt 0.22206 0.16122
vt 0.24064 0.30909
vt 0.22178 0.17781
vt 0.25802 0.36733
vt 0.249 0.33748
vt 0.22215 0.19469
vt 0.22319 0.21216
vt 0.22518 0.23218
vt 0.22853 0.25525
vt 0.27439 0.38954
vt 0.24408 0.2295
vt 0.24134 0.20988
vt 0.24751 0.25227
vt 0.25177 0.27794
vt 0.23541 0.16016
vt 0.25679 0.30581
vt 0.23719 0.17635
vt 0.2684 0.36308
vt 0.26231 0.33407
vt 0.23915 0.19282
vt 0.43699 0.97347
vt 0.47257 0.96685
vt 0.3019 0.01666
vt 0.31645 0.03181
vt 0.44919 0.36297
vt 0.48633 0.20078
vt 0.43673 0.14
vt 0.453 0.17987
vt 0.46223 0.28192
vt 0.46282 0.22744
vt 0.32425 0.04583
vt 0.36134 0.05658
vt 0.4334 0.3626
vt 0.39184 0.07864
vt 0.38048 0.42597
vt 0.38071 0.4371
vt 0.34081 0.44263
vt 0.41664 0.10711
vt 0.35981 0.07302
vt 0.38642 0.09541
vt 0.41036 0.37769
vt 0.43363 0.32762
vt 0.40546 0.12317
vt 0.3785 0.41639
vt 0.42051 0.15267
vt 0.43297 0.18692
vt 0.44187 0.22744
vt 0.44354 0.27507
vt 0.32587 0.06017
vt 0.41884 0.22887
vt 0.41093 0.19392
vt 0.42186 0.27055
vt 0.41624 0.31825
vt 0.35194 0.0895
vt 0.3994 0.3665
vt 0.37483 0.11121
vt 0.37363 0.40725
vt 0.38943 0.13761
vt 0.40098 0.16413
vt 0.35857 0.12658
vt 0.36539 0.39776
vt 0.38409 0.35579
vt 0.36972 0.15118
vt 0.3788 0.17488
vt 0.38696 0.2009
vt 0.39387 0.23121
vt 0.39744 0.26768
vt 0.39494 0.31035
vt 0.37087 0.23365
vt 0.36487 0.20684
vt 0.37418 0.26608
vt 0.3732 0.30435
vt 0.36661 0.34649
vt 0.34125 0.14009
vt 0.35089 0.16217
vt 0.35795 0.18377
vt 0.35016 0.33996
vt 0.32466 0.15107
vt 0.33352 0.17079
vt 0.33991 0.19036
vt 0.34633 0.21127
vt 0.35129 0.23592
vt 0.35375 0.26557
vt 0.35327 0.30041
vt 0.31202 0.13201
vt 0.33536 0.23828
vt 0.33627 0.26613
vt 0.3359 0.29853
vt 0.29868 0.14158
vt 0.33464 0.33568
vt 0.3093 0.15939
vt 0.32875 0.37344
vt 0.31757 0.17723
vt 0.3248 0.19461
vt 0.33114 0.21449
vt 0.31 0.19795
vt 0.30319 0.1812
vt 0.31589 0.36855
vt 0.31569 0.21758
vt 0.31964 0.24083
vt 0.32085 0.26784
vt 0.31944 0.29803
vt 0.28592 0.14873
vt 0.31937 0.33292
vt 0.29506 0.16519
vt 0.30456 0.26993
vt 0.3041 0.29892
vt 0.27372 0.15331
vt 0.26512 0.1376
vt 0.30437 0.33143
vt 0.2815 0.1687
vt 0.30335 0.36525
vt 0.28822 0.18457
vt 0.29392 0.20125
vt 0.29891 0.22069
vt 0.30269 0.24355
vt 0.27689 0.20442
vt 0.27235 0.18771
vt 0.28497 0.39028
vt 0.28114 0.22378
vt 0.28479 0.24638
vt 0.2874 0.27231
vt 0.28875 0.30077
vt 0.26143 0.15614
vt 0.28975 0.33113
vt 0.26722 0.17174
vt 0.29119 0.36329
vt 0.26973 0.27498
vt 0.2729 0.30305
vt 0.24859 0.15844
vt 0.27578 0.33204
vt 0.25238 0.17431
vt 0.27953 0.36259
vt 0.25592 0.1905
vt 0.25928 0.20733
vt 0.26277 0.22672
vt 0.26633 0.24929
vt 0.66061 0.07209
vt 0.65115 0.09811
vt 0.65334 0.07017
vt 0.65241 0.10181
vt 0.66672 0.07524
vt 0.66672 0.11588
vt 0.65213 0.10232
vt 0.64832 0.10114
vt 0.64886 0.10201
vt 0.63521 0.11486
vt 0.62989 0.10261
vt 0.63147 0.10872
vt 0.66132 0.11944
vt 0.71659 0.95514
vt 0.72153 0.63823
vt 0.72153 0.9557
vt 0.7118 0.9556
vt 0.71495 0.63837
vt 0.81609 0.63815
vt 0.81993 0.9809
vt 0.81674 0.97888
vt 0.70907 0.9593
vt 0.8063 0.63814
vt 0.97273 0.63851
vt 0.97616 0.80188
vt 0.97293 0.80249
vt 0.7897 0.63829
vt 0.7862 0.90548
vt 0.78441 0.63814
vt 0.84985 0.63837
vt 0.96909 0.63876
vt 0.97273 0.63853
vt 0.96919 0.80168
vt 0.96586 0.63814
vt 0.9486 0.63814
vt 0.78092 0.90455
vt 0.77995 0.63829
vt 0.88711 0.63885
vt 0.87944 0.84818
vt 0.88126 0.63827
vt 0.79943 0.90635
vt 0.86782 0.93962
vt 0.86384 0.6384
vt 0.86881 0.63832
vt 0.86384 0.63844
vt 0.67435 0.96869
vt 0.89031 0.84498
vt 0.95568 0.85754
vt 0.95563 0.63837
vt 0.95886 0.64045
vt 0.77117 0.63972
vt 0.77465 0.9063
vt 0.77019 0.90616
vt 0.9418 0.859
vt 0.88711 0.8457
vt 0.77645 0.63878
vt 0.77995 0.90616
vt 0.87261 0.94398
vt 0.87747 0.63984
vt 0.87747 0.94402
vt 0.77019 0.63817
vt 0.83599 0.64011
vt 0.6851 0.63866
vt 0.82915 0.96829
vt 0.66791 0.97147
vt 0.66791 0.63814
vt 0.67287 0.63875
vt 0.66313 0.63873
vt 0.74103 0.94435
vt 0.74103 0.63818
vt 0.85011 0.63822
vt 0.82321 0.64039
vt 0.82424 0.98097
vt 0.81993 0.98092
vt 0.64367 0.63884
vt 0.64367 0.98209
vt 0.81317 0.63814
vt 0.97894 0.65554
vt 0.9775 0.65255
vt 0.98573 0.65347
vt 0.98203 0.64234
vt 0.97616 0.64022
vt 0.98427 0.63915
vt 0.97782 0.65929
vt 0.98197 0.65649
vt 0.98677 0.65908
vt 0.98481 0.65102
vt 0.97802 0.64895
vt 0.98625 0.64803
vt 0.98061 0.66467
vt 0.977 0.66181
vt 0.9856 0.66193
vt 0.98704 0.68034
vt 0.98189 0.68279
vt 0.97788 0.68012
vt 0.9847 0.66906
vt 0.97795 0.66701
vt 0.98606 0.66601
vt 0.97739 0.67613
vt 0.98484 0.67486
vt 0.98514 0.67797
vt 0.97786 0.67117
vt 0.98708 0.67144
vt 0.9819 0.67388
vt 0.62638 0.55832
vt 0.62957 0.15548
vt 0.62895 0.1535
vt 0.48665 0.13297
vt 0.49148 0.58811
vt 0.48684 0.60481
vt 0.48665 0.59941
vt 0.62909 0.14388
vt 0.60518 0.087
vt 0.59174 0.09198
vt 0.61388 0.10591
vt 0.49094 0.14481
vt 0.50969 0.16046
vt 0.58664 0.21468
vt 0.55394 0.21748
vt 0.49388 0.18464
vt 0.48706 0.14285
vt 0.51569 0.64777
vt 0.60915 0.20017
vt 0.49678 0.19033
vt 0.59428 0.21292
vt 0.63278 0.59967
vt 0.63224 0.60833
vt 0.56396 0.40842
vt 0.62905 0.3084
vt 0.62467 0.40815
vt 0.55378 0.40035
vt 0.55192 0.41218
vt 0.55167 0.39311
vt 0.53918 0.38628
vt 0.5429 0.37672
vt 0.57517 0.37437
vt 0.58576 0.37721
vt 0.49845 0.25736
vt 0.62532 0.4058
vt 0.51262 0.26652
vt 0.55582 0.29324
vt 0.57278 0.30153
vt 0.60979 0.3148
vt 0.60743 0.32377
vt 0.48794 0.29817
vt 0.4879 0.30327
vt 0.62439 0.31971
vt 0.62257 0.32699
vt 0.48665 0.29598
vt 0.48684 0.30425
vt 0.59472 0.50992
vt 0.63269 0.46599
vt 0.63146 0.47226
vt 0.60389 0.35781
vt 0.54013 0.5044
vt 0.63321 0.44012
vt 0.54382 0.49145
vt 0.67556 0.29483
vt 0.6641 0.28426
vt 0.67454 0.28141
vt 0.69125 0.28218
vt 0.63668 0.28671
vt 0.6848 0.28992
vt 0.67505 0.2647
vt 0.68102 0.25828
vt 0.67635 0.25295
vt 0.66938 0.24501
vt 0.65989 0.23518
vt 0.6711 0.2362
vt 0.68731 0.23202
vt 0.67908 0.22586
vt 0.65851 0.22213
vt 0.66911 0.22246
vt 0.63311 0.23734
vt 0.69278 0.24023
vt 0.66036 0.29786
vt 0.68861 0.30997
vt 0.64296 0.33644
vt 0.64988 0.33624
vt 0.65913 0.33597
vt 0.68019 0.35458
vt 0.67034 0.35941
vt 0.68332 0.36687
vt 0.674 0.37136
vt 0.66386 0.37363
vt 0.63549 0.36243
vt 0.64345 0.36896
vt 0.68997 0.35954
vt 0.65327 0.37282
vt 0.51174 0.02599
vt 0.50789 0.02654
vt 0.50787 0.02638
vt 0.51179 0.0291
vt 0.50798 0.02864
vt 0.5118 0.02885
vt 0.51177 0.0264
vt 0.51175 0.02619
vt 0.508 0.02845
vt 0.51181 0.0286
vt 0.51179 0.02662
vt 0.50792 0.02671
vt 0.51143 0.03174
vt 0.50758 0.03078
vt 0.51147 0.03151
vt 0.50801 0.02826
vt 0.51182 0.02836
vt 0.5118 0.02686
vt 0.50794 0.02689
vt 0.50764 0.0306
vt 0.51151 0.0313
vt 0.51181 0.02711
vt 0.50795 0.02708
vt 0.50769 0.03043
vt 0.51155 0.03109
vt 0.50799 0.02748
vt 0.50797 0.02728
vt 0.50773 0.03027
vt 0.51158 0.0309
vt 0.51138 0.03197
vt 0.50752 0.03096
vt 0.51182 0.02737
vt 0.508 0.02768
vt 0.50777 0.03013
vt 0.51161 0.03072
vt 0.51183 0.02763
vt 0.508 0.02788
vt 0.51164 0.03053
vt 0.5078 0.02997
vt 0.51183 0.02788
vt 0.50801 0.02807
vt 0.51167 0.03033
vt 0.50783 0.02981
vt 0.51161 0.02497
vt 0.50772 0.02573
vt 0.50767 0.02554
vt 0.51183 0.02812
vt 0.51169 0.0301
vt 0.50786 0.02963
vt 0.51164 0.0252
vt 0.50776 0.02591
vt 0.51172 0.02986
vt 0.50789 0.02943
vt 0.51167 0.02542
vt 0.5078 0.02608
vt 0.51157 0.02474
vt 0.50761 0.02534
vt 0.51175 0.02961
vt 0.50792 0.02924
vt 0.5117 0.02562
vt 0.50784 0.02624
vt 0.50794 0.02904
vt 0.51177 0.02936
vt 0.51172 0.02581
vt 0.50796 0.02884
vt 0.8215 0.04595
vt 0.78096 0.04219
vt 0.82164 0.04363
vt 0.78069 0.04439
vt 0.73522 0.04033
vt 0.73488 0.04232
vt 0.68468 0.03807
vt 0.68435 0.03976
vt 0.63765 0.03582
vt 0.63742 0.03719
vt 0.59957 0.03391
vt 0.57176 0.0333
vt 0.57181 0.03246
vt 0.55271 0.03212
vt 0.55269 0.03144
vt 0.53949 0.0313
vt 0.53943 0.03073
vt 0.52946 0.03065
vt 0.52937 0.03018
vt 0.52168 0.03011
vt 0.52157 0.02972
vt 0.51572 0.02966
vt 0.51575 0.02936
vt 0.82201 0.01336
vt 0.78085 0.01499
vt 0.7808 0.01338
vt 0.73459 0.01571
vt 0.73448 0.01425
vt 0.68377 0.01714
vt 0.68364 0.0159
vt 0.6366 0.01793
vt 0.59878 0.02067
vt 0.59868 0.01989
vt 0.57109 0.02151
vt 0.57111 0.02212
vt 0.55208 0.0227
vt 0.5521 0.02319
vt 0.5389 0.02354
vt 0.53891 0.02394
vt 0.52891 0.02423
vt 0.52892 0.02456
vt 0.52119 0.02487
vt 0.5212 0.02514
vt 0.51568 0.0254
vt 0.82137 0.04827
vt 0.78042 0.04659
vt 0.73447 0.0443
vt 0.68389 0.04144
vt 0.63696 0.03854
vt 0.59944 0.03498
vt 0.59904 0.03604
vt 0.57143 0.03413
vt 0.55244 0.03278
vt 0.53926 0.03184
vt 0.52925 0.0311
vt 0.5215 0.03047
vt 0.5157 0.02997
vt 0.82201 0.01158
vt 0.78075 0.01168
vt 0.7344 0.01272
vt 0.68354 0.01461
vt 0.63651 0.01689
vt 0.5986 0.01908
vt 0.57106 0.02087
vt 0.55209 0.02219
vt 0.53891 0.02312
vt 0.52892 0.02388
vt 0.5212 0.02458
vt 0.51565 0.02517
vt 0.82124 0.05057
vt 0.78019 0.04877
vt 0.73413 0.04627
vt 0.6835 0.0431
vt 0.63659 0.03987
vt 0.59874 0.03708
vt 0.57119 0.03494
vt 0.55224 0.03343
vt 0.53906 0.03237
vt 0.52907 0.03154
vt 0.52135 0.03083
vt 0.82204 0.00341
vt 0.78083 0.00592
vt 0.78094 0.00386
vt 0.73452 0.00751
vt 0.73472 0.00565
vt 0.68398 0.00859
vt 0.68373 0.01018
vt 0.63699 0.01201
vt 0.63671 0.01331
vt 0.59904 0.01525
vt 0.5988 0.01627
vt 0.57143 0.01788
vt 0.57123 0.01868
vt 0.55244 0.01979
vt 0.55228 0.02043
vt 0.53926 0.02113
vt 0.53912 0.02166
vt 0.52924 0.02223
vt 0.52911 0.02267
vt 0.52146 0.02322
vt 0.52136 0.02359
vt 0.5155 0.02411
vt 0.51555 0.02439
vt 0.82201 0.00966
vt 0.78074 0.00985
vt 0.73438 0.01107
vt 0.68352 0.01321
vt 0.63649 0.01575
vt 0.59859 0.01819
vt 0.57106 0.02018
vt 0.55212 0.02163
vt 0.53895 0.02266
vt 0.52895 0.0235
vt 0.52123 0.02427
vt 0.51562 0.02492
vt 0.82113 0.05278
vt 0.78001 0.05088
vt 0.73389 0.04817
vt 0.68322 0.04471
vt 0.63632 0.04117
vt 0.5985 0.03809
vt 0.57101 0.03573
vt 0.55208 0.03406
vt 0.53892 0.03289
vt 0.52894 0.03196
vt 0.52123 0.03118
vt 0.51567 0.03028
vt 0.82201 0.00765
vt 0.78076 0.00792
vt 0.73441 0.00932
vt 0.68358 0.01173
vt 0.63655 0.01456
vt 0.59865 0.01725
vt 0.57111 0.01945
vt 0.55218 0.02104
vt 0.53902 0.02217
vt 0.52902 0.0231
vt 0.52128 0.02394
vt 0.51558 0.02466
vt 0.82102 0.05487
vt 0.77988 0.05287
vt 0.73373 0.04996
vt 0.68305 0.04623
vt 0.63616 0.04239
vt 0.59836 0.03905
vt 0.57087 0.03648
vt 0.55193 0.03465
vt 0.53879 0.03338
vt 0.52883 0.03236
vt 0.52114 0.0315
vt 0.51564 0.03056
vt 0.82184 0.03684
vt 0.78115 0.03362
vt 0.82189 0.03462
vt 0.78115 0.03572
vt 0.73533 0.03256
vt 0.68474 0.03308
vt 0.6847 0.03145
vt 0.63765 0.03179
vt 0.63762 0.03047
vt 0.59952 0.03074
vt 0.59951 0.02972
vt 0.5717 0.02999
vt 0.57173 0.02918
vt 0.55259 0.02883
vt 0.55256 0.02947
vt 0.53932 0.02858
vt 0.53929 0.02911
vt 0.52926 0.0284
vt 0.52923 0.02883
vt 0.52147 0.02827
vt 0.52145 0.02862
vt 0.51579 0.02818
vt 0.82202 0.00556
vt 0.7798 0.05471
vt 0.73365 0.05163
vt 0.68297 0.04764
vt 0.63609 0.04353
vt 0.5983 0.03994
vt 0.57077 0.03717
vt 0.55183 0.0352
vt 0.5387 0.03383
vt 0.52875 0.03273
vt 0.52107 0.03181
vt 0.51561 0.03083
vt 0.78121 0.03144
vt 0.82195 0.03234
vt 0.73538 0.03059
vt 0.68476 0.02978
vt 0.63768 0.02912
vt 0.59958 0.02866
vt 0.5718 0.02836
vt 0.55267 0.02816
vt 0.53939 0.02804
vt 0.52933 0.02795
vt 0.52153 0.0279
vt 0.5158 0.02788
vt 0.82092 0.05681
vt 0.77972 0.05641
vt 0.73357 0.05316
vt 0.68291 0.04895
vt 0.59824 0.04076
vt 0.57069 0.03781
vt 0.55176 0.03571
vt 0.53863 0.03424
vt 0.52869 0.03308
vt 0.52102 0.03209
vt 0.51558 0.03108
vt 0.78132 0.02926
vt 0.82201 0.03004
vt 0.73554 0.02861
vt 0.68495 0.02809
vt 0.63787 0.02776
vt 0.59975 0.02759
vt 0.57194 0.02752
vt 0.5528 0.0275
vt 0.53951 0.02749
vt 0.52944 0.02749
vt 0.52163 0.02753
vt 0.51579 0.02758
vt 0.82083 0.05859
vt 0.77957 0.05802
vt 0.73338 0.05461
vt 0.68271 0.05017
vt 0.63604 0.04458
vt 0.63585 0.04557
vt 0.5981 0.04153
vt 0.55172 0.0362
vt 0.5386 0.03464
vt 0.52866 0.03341
vt 0.52099 0.03235
vt 0.51551 0.03153
vt 0.51555 0.03131
vt 0.822 0.02772
vt 0.78117 0.02705
vt 0.73531 0.02661
vt 0.68472 0.02639
vt 0.63771 0.02639
vt 0.59967 0.02651
vt 0.57194 0.02668
vt 0.55285 0.02682
vt 0.5396 0.02693
vt 0.52956 0.02703
vt 0.52176 0.02715
vt 0.51579 0.02727
vt 0.82031 0.06808
vt 0.77919 0.06753
vt 0.77919 0.06547
vt 0.73315 0.06321
vt 0.73305 0.06134
vt 0.68266 0.05749
vt 0.68249 0.05589
vt 0.63592 0.0515
vt 0.63572 0.05019
vt 0.59821 0.04619
vt 0.59802 0.04516
vt 0.57077 0.04206
vt 0.57062 0.04125
vt 0.55191 0.03912
vt 0.55179 0.03848
vt 0.53883 0.03707
vt 0.53872 0.03653
vt 0.52889 0.03543
vt 0.52879 0.03498
vt 0.52118 0.03402
vt 0.5211 0.03364
vt 0.51527 0.03281
vt 0.51533 0.03253
vt 0.82073 0.06028
vt 0.77944 0.05971
vt 0.73322 0.05613
vt 0.68254 0.05146
vt 0.6357 0.04661
vt 0.59797 0.04234
vt 0.57063 0.03841
vt 0.55169 0.03671
vt 0.53859 0.03506
vt 0.52865 0.03376
vt 0.52098 0.03264
vt 0.51547 0.03176
vt 0.822 0.02539
vt 0.78101 0.02483
vt 0.735 0.0246
vt 0.68434 0.02469
vt 0.63732 0.02501
vt 0.59933 0.02543
vt 0.57166 0.02584
vt 0.55262 0.02615
vt 0.5394 0.02637
vt 0.52937 0.02657
vt 0.5216 0.02677
vt 0.51578 0.02696
vt 0.82063 0.06206
vt 0.77932 0.06154
vt 0.7331 0.05778
vt 0.68244 0.05286
vt 0.59791 0.04323
vt 0.57057 0.03905
vt 0.5517 0.03726
vt 0.5386 0.03553
vt 0.52867 0.03414
vt 0.521 0.03295
vt 0.51543 0.032
vt 0.822 0.02309
vt 0.7809 0.02264
vt 0.73477 0.02262
vt 0.68404 0.02301
vt 0.63703 0.02365
vt 0.59908 0.02437
vt 0.57146 0.02501
vt 0.55246 0.02549
vt 0.53924 0.02583
vt 0.52922 0.02612
vt 0.52146 0.02641
vt 0.51577 0.02666
vt 0.82053 0.06397
vt 0.77924 0.06346
vt 0.73304 0.05952
vt 0.68242 0.05434
vt 0.63562 0.04773
vt 0.59792 0.04417
vt 0.57053 0.03974
vt 0.55173 0.03785
vt 0.53865 0.03601
vt 0.52871 0.03455
vt 0.52103 0.03329
vt 0.51538 0.03226
vt 0.822 0.02087
vt 0.78084 0.02053
vt 0.73464 0.02071
vt 0.68385 0.02139
vt 0.63683 0.02235
vt 0.5989 0.02335
vt 0.57132 0.02421
vt 0.55233 0.02485
vt 0.53912 0.02531
vt 0.5291 0.02569
vt 0.52136 0.02606
vt 0.51575 0.02637
vt 0.82177 0.03905
vt 0.78104 0.03783
vt 0.73536 0.03447
vt 0.73522 0.03638
vt 0.63755 0.0331
vt 0.57168 0.03079
vt 0.55256 0.03011
vt 0.53929 0.02963
vt 0.52923 0.02927
vt 0.52145 0.02898
vt 0.51578 0.02876
vt 0.51579 0.02847
vt 0.82042 0.06599
vt 0.63562 0.04893
vt 0.57054 0.04048
vt 0.822 0.01878
vt 0.78082 0.01853
vt 0.73458 0.01891
vt 0.68377 0.01986
vt 0.63674 0.02112
vt 0.59881 0.02239
vt 0.57122 0.02346
vt 0.55221 0.02425
vt 0.53902 0.02481
vt 0.52902 0.02529
vt 0.52129 0.02573
vt 0.51574 0.0261
vt 0.8217 0.04133
vt 0.78097 0.04
vt 0.68458 0.03638
vt 0.68461 0.0347
vt 0.63754 0.03445
vt 0.59946 0.03283
vt 0.59945 0.03177
vt 0.57171 0.03162
vt 0.5526 0.03077
vt 0.53934 0.03018
vt 0.52928 0.02972
vt 0.52149 0.02935
vt 0.51576 0.02906
vt 0.82201 0.01684
vt 0.78084 0.01669
vt 0.73458 0.01724
vt 0.68376 0.01844
vt 0.63673 0.01998
vt 0.5988 0.0215
vt 0.57115 0.02276
vt 0.55214 0.0237
vt 0.53895 0.02436
vt 0.52896 0.02491
vt 0.52124 0.02542
vt 0.51572 0.02585
vt 0.73517 0.03834
vt 0.82202 0.01505
vt 0.63673 0.01892
vt 0.5157 0.02562
vt 0.50604 0.03012
vt 0.50596 0.03027
vt 0.5061 0.02999
vt 0.5062 0.02975
vt 0.50616 0.02986
vt 0.50623 0.02967
vt 0.50626 0.02958
vt 0.5063 0.02946
vt 0.50633 0.02932
vt 0.50637 0.02916
vt 0.50643 0.02883
vt 0.5064 0.029
vt 0.50645 0.02866
vt 0.50649 0.02833
vt 0.50647 0.02849
vt 0.50649 0.02822
vt 0.50588 0.03043
vt 0.50746 0.03116
vt 0.50614 0.0263
vt 0.5062 0.02644
vt 0.50625 0.02657
vt 0.50628 0.02668
vt 0.50631 0.02676
vt 0.50634 0.02686
vt 0.50636 0.02698
vt 0.50639 0.02712
vt 0.50642 0.02728
vt 0.50644 0.02744
vt 0.50646 0.02761
vt 0.50647 0.02778
vt 0.50648 0.02795
vt 0.50649 0.02811
vt 0.50599 0.02598
vt 0.50607 0.02614
vt 0.50489 0.02947
vt 0.50481 0.02958
vt 0.50496 0.02938
vt 0.50505 0.02923
vt 0.50501 0.0293
vt 0.50506 0.0292
vt 0.50508 0.02917
vt 0.5051 0.0291
vt 0.50514 0.029
vt 0.50517 0.02888
vt 0.50523 0.02862
vt 0.5052 0.02875
vt 0.50526 0.02849
vt 0.50529 0.02822
vt 0.50528 0.02835
vt 0.5053 0.02819
vt 0.50472 0.0297
vt 0.50496 0.02689
vt 0.50502 0.02698
vt 0.50507 0.02707
vt 0.5051 0.02713
vt 0.50512 0.02717
vt 0.50513 0.0272
vt 0.50515 0.02727
vt 0.50518 0.02737
vt 0.50521 0.02749
vt 0.50524 0.02762
vt 0.50526 0.02776
vt 0.50527 0.02789
vt 0.50529 0.02803
vt 0.5053 0.02815
vt 0.5048 0.02665
vt 0.50488 0.02678
vt 0.50325 0.02813
vt 0.65478 0.12151
vt 0.97616 0.63814
vt 0.7897 0.90613
vt 0.88711 0.84813
vt 0.77995 0.63814
vt 0.87261 0.63831
vt 0.82624 0.63839
vt 0.48808 0.60662
vt 0.66539 0.29753
vt 0.82021 0.07022
usemtl mat0
f 1/1/1 2/2/2 3/3/3
f 4/4/4 5/5/5 6/6/6
f 7/7/7 8/8/8 9/9/9
f 8/8/8 10/10/10 11/11/11
f 12/12/12 9/9/9 13/13/13
f 9/9/9 11/11/11 14/14/14
f 3/3/3 13/15/13 15/16/15
f 5/5/5 16/17/16 17/18/17
f 16/17/16 18/19/18 19/20/19
f 4/4/4 20/21/20 21/22/21
f 22/23/22 19/20/19 18/19/18
f 13/13/13 14/14/14 23/24/23
f 14/14/14 11/11/11 24/25/24
f 21/26/21 25/27/25 5/28/5
f 20/29/20 26/30/26 27/31/27
f 20/29/20 27/31/27 28/32/28
f 11/11/11 10/10/10 29/33/29
f 22/23/22 18/19/18 30/34/30
f 31/35/31 24/25/24 32/36/32
f 29/33/29 33/37/33 24/25/24
f 33/37/33 34/38/34 35/39/35
f 29/33/29 36/40/36 33/37/33
f 34/38/34 37/41/37 38/42/38
f 22/23/22 30/34/30 39/43/39
f 36/40/36 40/44/40 34/38/34
f 29/33/29 10/10/10 41/45/41
f 39/43/39 42/46/42 43/47/43
f 22/23/22 39/43/39 43/47/43
f 44/48/44 45/49/45 46/50/46
f 41/45/41 47/51/47 44/48/44
f 22/23/22 43/47/43 48/52/48
f 47/51/47 49/53/49 50/54/50
f 41/45/41 10/10/10 51/55/51
f 22/23/22 48/52/48 52/56/52
f 53/57/53 54/58/54 55/59/55
f 1/1/1 56/60/56 2/2/2
f 57/61/57 58/62/58 7/7/7
f 8/8/8 59/63/59 10/10/10
f 58/62/58 59/63/59 8/8/8
f 1/1/1 60/64/60 56/60/56
f 61/65/61 6/6/6 62/66/62
f 1/67/1 63/68/63 60/69/60
f 64/70/64 61/65/61 19/20/19
f 22/23/22 64/70/64 19/20/19
f 22/23/22 65/71/65 64/70/64
f 66/72/66 59/63/59 67/73/67
f 59/63/59 68/74/68 10/10/10
f 65/71/65 69/75/69 70/76/70
f 22/23/22 71/77/71 65/71/65
f 72/78/72 73/79/73 74/80/74
f 75/81/75 68/74/68 73/79/73
f 76/82/76 72/78/72 77/83/77
f 71/77/71 78/84/78 79/85/79
f 78/84/78 80/86/80 81/87/81
f 22/23/22 82/88/82 71/77/71
f 83/89/83 75/81/75 72/78/72
f 82/88/82 84/90/84 78/84/78
f 68/74/68 85/91/85 10/10/10
f 22/23/22 86/92/86 82/88/82
f 87/93/87 88/94/88 89/95/89
f 86/92/86 90/96/90 84/90/84
f 91/97/91 85/91/85 88/94/88
f 22/23/22 92/98/92 86/92/86
f 93/99/93 85/91/85 91/97/91
f 85/91/85 51/55/51 10/10/10
f 93/99/93 51/55/51 85/91/85
f 94/100/94 93/99/93 95/101/95
f 22/23/22 52/56/52 92/98/92
f 96/102/96 97/103/97 98/104/98
f 99/105/99 100/106/100 101/107/101
f 102/108/102 103/109/103 99/105/99
f 104/110/104 105/111/105 106/112/106
f 96/102/96 103/109/103 97/103/97
f 107/113/107 108/114/108 109/115/109
f 97/103/97 104/110/104 108/114/108
f 110/116/110 111/117/111 112/118/112
f 111/119/111 113/120/113 114/121/114
f 115/122/115 116/123/116 117/124/117
f 118/125/118 119/126/119 117/127/117
f 120/128/120 121/129/121 122/130/122
f 123/131/123 122/132/122 124/133/124
f 125/134/125 126/135/126 127/136/127
f 128/137/128 129/138/129 125/139/125
f 127/140/127 130/141/130 128/142/128
f 131/143/131 132/144/132 133/145/133
f 134/146/134 135/147/135 133/148/133
f 136/149/136 137/150/137 138/151/138
f 139/152/139 140/153/140 136/154/136
f 141/155/141 142/156/142 143/157/143
f 144/158/144 145/159/145 143/160/143
f 146/161/146 144/162/144 142/163/142
f 147/164/147 148/165/148 149/166/149
f 148/167/148 147/168/147 150/169/150
f 151/170/151 150/171/150 152/172/152
f 153/173/153 154/174/154 155/175/155
f 154/176/154 153/177/153 156/178/156
f 155/179/155 157/180/157 158/181/158
f 159/182/159 160/183/160 161/184/161
f 161/184/161 162/185/162 159/182/159
f 163/186/163 164/187/164 165/188/165
f 165/188/165 166/189/166 163/186/163
f 160/183/160 159/182/159 167/190/167
f 167/190/167 168/191/168 160/183/160
f 169/192/169 170/193/170 163/186/163
f 171/194/171 172/195/172 173/196/173
f 167/190/167 174/197/174 168/191/168
f 175/198/175 174/197/174 167/190/167
f 173/196/173 176/199/176 171/194/171
f 174/197/174 175/198/175 177/200/177
f 177/200/177 178/201/178 174/197/174
f 179/202/179 180/203/180 181/204/181
f 182/205/182 183/206/183 184/207/184
f 184/207/184 185/208/185 182/205/182
f 178/201/178 177/200/177 186/209/186
f 186/209/186 187/210/187 188/211/188
f 189/212/189 190/213/190 191/214/191
f 191/214/191 192/215/192 189/212/189
f 193/216/193 194/217/194 195/218/195
f 195/218/195 183/206/183 182/205/182
f 195/218/195 187/210/187 196/219/196
f 195/218/195 196/219/196 193/216/193
f 196/219/196 197/220/197 165/188/165
f 198/221/198 199/222/199 200/223/200
f 199/222/199 197/220/197 201/224/201
f 200/223/200 202/225/202 198/221/198
f 159/182/159 162/185/162 203/226/203
f 204/227/204 166/189/166 198/221/198
f 166/189/166 197/220/197 199/222/199
f 205/228/205 206/229/206 204/227/204
f 207/230/207 172/195/172 205/228/205
f 208/231/208 177/200/177 175/198/175
f 209/232/209 179/202/179 207/230/207
f 210/233/210 211/234/211 208/231/208
f 212/235/212 180/203/180 209/232/209
f 209/232/209 213/236/213 212/235/212
f 214/237/214 187/210/187 186/209/186
f 186/209/186 177/200/177 211/234/211
f 211/234/211 210/233/210 215/238/215
f 216/239/216 214/237/214 211/234/211
f 215/238/215 216/239/216 211/234/211
f 201/224/201 214/237/214 217/240/217
f 187/210/187 214/237/214 201/224/201
f 217/240/217 216/239/216 218/241/218
f 208/231/208 219/242/219 210/233/210
f 220/243/220 221/244/221 210/233/210
f 222/245/222 223/246/223 224/247/224
f 221/244/221 215/238/215 210/233/210
f 222/245/222 225/248/225 213/236/213
f 226/249/226 227/250/227 215/238/215
f 218/241/218 227/250/227 228/251/228
f 216/239/216 227/250/227 218/241/218
f 229/252/229 230/253/230 231/254/231
f 231/254/231 230/253/230 232/255/232
f 203/226/203 162/185/162 233/256/233
f 234/257/234 235/258/235 229/252/229
f 231/254/231 236/259/236 229/252/229
f 237/260/237 238/261/238 234/257/234
f 234/257/234 239/262/239 237/260/237
f 219/242/219 240/263/240 220/243/220
f 220/243/220 210/233/210 219/242/219
f 224/247/224 223/246/223 237/260/237
f 236/259/236 231/254/231 241/264/241
f 241/265/241 242/266/242 243/267/243
f 244/268/244 245/269/245 233/270/233
f 246/271/246 236/259/236 243/272/243
f 243/267/243 247/273/247 246/274/246
f 245/275/245 248/276/248 240/263/240
f 245/269/245 244/268/244 249/277/249
f 250/278/250 239/262/239 246/271/246
f 246/274/246 251/279/251 250/280/250
f 248/281/248 249/277/249 252/282/252
f 252/282/252 253/283/253 248/281/248
f 254/284/254 255/285/255 250/278/250
f 250/280/250 256/286/256 254/287/254
f 257/288/257 221/244/221 220/243/220
f 257/289/257 253/283/253 258/290/258
f 258/290/258 259/291/259 257/289/257
f 254/287/254 260/292/260 261/293/261
f 221/244/221 257/288/257 262/294/262
f 263/295/263 225/248/225 261/296/261
f 261/293/261 264/297/264 263/298/263
f 265/299/265 228/251/228 227/250/227
f 226/249/226 262/294/262 266/300/266
f 267/301/267 265/302/265 266/303/266
f 268/304/268 192/215/192 263/295/263
f 263/298/263 269/305/269 268/306/268
f 270/307/270 241/264/241 228/251/228
f 228/251/228 265/299/265 270/307/270
f 270/308/270 265/302/265 271/309/271
f 271/309/271 272/310/272 242/266/242
f 273/311/273 274/312/274 275/313/275
f 275/314/275 276/315/276 268/304/268
f 277/316/277 278/317/278 279/318/279
f 279/318/279 280/319/280 277/316/277
f 267/301/267 259/291/259 281/320/281
f 282/321/282 283/322/283 284/323/284
f 264/297/264 280/319/280 269/305/269
f 280/319/280 279/318/279 285/324/285
f 286/325/286 267/301/267 281/320/281
f 281/320/281 284/323/284 286/325/286
f 287/326/287 288/327/288 286/325/286
f 284/323/284 289/328/289 290/329/290
f 286/325/286 284/323/284 287/326/287
f 291/330/291 292/331/292 290/329/290
f 290/329/290 272/310/272 287/326/287
f 290/329/290 289/328/289 291/330/291
f 293/332/293 294/333/294 244/268/244
f 291/330/291 295/334/295 292/331/292
f 291/330/291 289/328/289 296/335/296
f 252/282/252 249/277/249 297/336/297
f 249/277/249 244/268/244 297/336/297
f 297/336/297 298/337/298 252/282/252
f 299/338/299 278/317/278 296/335/296
f 298/337/298 300/339/300 282/321/282
f 301/340/301 302/341/302 256/286/256
f 256/286/256 303/342/303 301/340/301
f 278/317/278 301/340/301 303/342/303
f 281/320/281 258/290/258 304/343/304
f 294/333/294 293/332/293 305/344/305
f 294/333/294 306/345/306 307/346/307
f 296/335/296 308/347/308 309/348/309
f 310/349/310 311/350/311 309/348/309
f 312/351/312 298/337/298 307/346/307
f 300/339/300 298/337/298 312/351/312
f 312/351/312 313/352/313 300/339/300
f 314/353/314 278/317/278 299/338/299
f 315/354/315 316/355/316 317/356/317
f 317/356/317 318/357/318 315/354/315
f 319/358/319 283/322/283 320/359/320
f 320/359/320 321/360/321 319/358/319
f 319/358/319 321/360/321 322/361/322
f 318/357/318 323/362/323 324/363/324
f 319/358/319 322/361/322 325/364/325
f 325/364/325 322/361/322 326/365/326
f 327/366/327 328/367/328 285/324/285
f 329/368/329 330/369/330 326/365/326
f 331/370/331 332/371/332 326/365/326
f 333/372/333 269/305/269 334/373/334
f 308/347/308 289/328/289 330/369/330
f 326/365/326 332/371/332 329/368/329
f 273/311/273 335/374/335 274/312/274
f 329/368/329 332/371/332 310/349/310
f 336/375/336 337/376/337 338/377/338
f 339/378/339 327/366/327 323/362/323
f 339/378/339 328/367/328 327/366/327
f 323/362/323 340/379/340 339/378/339
f 340/379/340 341/380/341 342/381/342
f 342/381/342 339/378/339 340/379/340
f 343/382/343 331/370/331 338/377/338
f 338/377/338 331/370/331 336/375/336
f 331/370/331 322/361/322 336/375/336
f 338/377/338 344/383/344 343/382/343
f 345/384/345 333/372/333 334/373/334
f 345/384/345 335/374/335 333/372/333
f 334/373/334 328/367/328 345/384/345
f 328/367/328 339/378/339 345/384/345
f 346/385/346 332/371/332 343/382/343
f 343/382/343 332/371/332 331/370/331
f 305/344/305 347/386/347 294/333/294
f 348/387/348 310/349/310 346/385/346
f 349/388/349 350/389/350 306/345/306
f 351/390/351 348/387/348 352/391/352
f 306/345/306 350/389/350 312/351/312
f 352/391/352 353/392/353 351/390/351
f 354/393/354 320/359/320 355/394/355
f 313/352/313 312/351/312 356/395/356
f 313/352/313 356/395/356 320/359/320
f 336/375/336 321/360/321 357/396/357
f 318/357/318 317/356/317 358/397/358
f 359/398/359 360/399/360 361/400/361
f 350/389/350 362/401/362 356/395/356
f 352/391/352 363/402/363 364/403/364
f 364/403/364 365/404/365 352/391/352
f 355/394/355 356/395/356 362/401/362
f 355/394/355 362/401/362 366/405/366
f 365/404/365 364/403/364 367/406/367
f 367/406/367 368/407/368 365/404/365
f 369/408/369 358/397/358 370/409/370
f 369/408/369 341/380/341 358/397/358
f 370/409/370 371/410/371 369/408/369
f 371/410/371 368/407/368 367/406/367
f 372/411/372 357/396/357 373/412/373
f 374/413/374 342/381/342 341/380/341
f 375/414/375 337/376/337 372/411/372
f 375/414/375 338/377/338 337/376/337
f 376/415/376 335/374/335 345/384/345
f 377/416/377 378/417/378 344/383/344
f 344/383/344 375/414/375 379/418/379
f 359/398/359 348/387/348 378/417/378
f 349/388/349 380/419/380 350/389/350
f 381/420/381 379/418/379 382/421/382
f 383/422/383 377/416/377 379/418/379
f 379/418/379 381/420/381 383/422/383
f 384/423/384 385/424/385 386/425/386
f 387/426/387 347/386/347 388/427/388
f 389/428/389 390/429/390 391/430/391
f 384/423/384 389/428/389 385/424/385
f 392/431/392 380/419/380 349/388/349
f 349/388/349 347/386/347 392/431/392
f 393/432/393 380/419/380 392/431/392
f 394/433/394 363/402/363 390/429/390
f 390/429/390 363/402/363 361/400/361
f 390/429/390 389/428/389 394/433/394
f 395/434/395 366/405/366 362/401/362
f 362/401/362 380/419/380 396/435/396
f 396/435/396 395/434/395 362/401/362
f 397/436/397 398/437/398 399/438/399
f 400/439/400 373/412/373 366/405/366
f 366/405/366 395/434/395 400/439/400
f 364/403/364 401/440/401 367/406/367
f 402/441/402 372/411/372 373/412/373
f 374/413/374 403/442/403 404/443/404
f 367/406/367 405/444/405 404/443/404
f 404/443/404 405/444/405 374/413/374
f 367/406/367 401/440/401 405/444/405
f 406/445/406 381/420/381 382/421/382
f 407/446/407 408/447/408 409/448/409
f 410/449/410 411/450/411 396/435/396
f 399/438/399 412/451/412 413/452/413
f 402/441/402 400/439/400 406/445/406
f 413/452/413 414/453/414 415/454/415
f 416/455/416 417/456/417 418/457/418
f 419/458/419 416/455/416 418/457/418
f 420/459/420 405/444/405 401/440/401
f 417/456/417 416/455/416 421/460/421
f 421/460/421 422/461/422 417/456/417
f 423/462/423 376/415/376 424/463/424
f 425/464/425 426/465/426 427/466/427
f 428/467/428 407/446/407 425/464/425
f 347/386/347 387/426/387 392/431/392
f 407/446/407 398/437/398 426/465/426
f 380/419/380 393/432/393 429/468/429
f 430/469/430 431/470/431 420/459/420
f 431/470/431 432/471/432 424/463/424
f 422/461/422 421/460/421 425/464/425
f 433/472/433 434/473/434 387/426/387
f 432/471/432 423/462/423 424/463/424
f 435/474/435 393/432/393 392/431/392
f 392/431/392 387/426/387 435/474/435
f 408/447/408 407/446/407 436/475/436
f 428/467/428 437/476/437 436/475/436
f 437/476/437 438/477/438 436/475/436
f 408/447/408 439/478/439 440/479/440
f 396/435/396 429/468/429 410/449/410
f 429/468/429 441/480/441 442/481/442
f 442/481/442 443/482/443 429/468/429
f 444/483/444 412/451/412 445/484/445
f 442/481/442 446/485/446 443/482/443
f 445/484/445 447/486/447 444/483/444
f 446/485/446 421/460/421 416/455/416
f 419/458/419 448/487/448 446/485/446
f 449/488/449 421/460/421 446/485/446
f 415/454/415 450/489/450 430/469/430
f 414/453/414 450/489/450 415/454/415
f 421/460/421 449/488/449 451/490/451
f 451/490/451 449/488/449 452/491/452
f 453/492/453 454/493/454 447/486/447
f 455/494/455 456/495/456 442/481/442
f 457/496/457 458/497/458 459/498/459
f 459/498/459 455/494/455 457/496/457
f 450/489/450 444/483/444 460/499/460
f 447/486/447 454/493/454 460/499/460
f 460/499/460 461/500/461 450/489/450
f 462/501/462 463/502/463 456/495/456
f 456/495/456 455/494/455 462/501/462
f 462/501/462 455/494/455 464/503/464
f 465/504/465 430/469/430 450/489/450
f 450/489/450 466/505/466 465/504/465
f 432/471/432 431/470/431 465/504/465
f 467/506/467 468/507/468 452/491/452
f 452/491/452 463/502/463 467/506/467
f 469/508/469 470/509/470 471/510/471
f 438/477/438 468/507/468 472/511/472
f 468/507/468 467/506/467 472/511/472
f 473/512/473 474/513/474 472/511/472
f 475/514/475 441/480/441 476/515/476
f 476/515/476 477/516/477 475/514/475
f 439/478/439 408/447/408 438/477/438
f 438/477/438 478/517/478 439/478/439
f 439/478/439 478/517/478 453/492/453
f 479/518/479 453/492/453 478/517/478
f 480/519/480 481/520/481 469/508/469
f 482/521/482 483/522/483 484/523/484
f 482/521/482 484/523/484 480/524/480
f 432/525/432 465/526/465 485/527/485
f 480/519/480 486/528/486 481/520/481
f 477/516/477 435/474/435 487/529/487
f 486/528/486 474/513/474 481/520/481
f 488/530/488 479/518/479 486/528/486
f 486/528/486 480/519/480 488/530/488
f 477/531/477 489/532/489 475/533/475
f 479/534/479 488/535/488 490/536/490
f 490/536/490 491/537/491 479/534/479
f 458/497/458 492/538/492 493/539/493
f 453/492/453 479/518/479 491/540/491
f 458/541/458 494/542/494 459/543/459
f 482/544/482 495/545/495 496/546/496
f 494/542/494 497/547/497 496/548/496
f 498/549/498 466/505/466 461/500/461
f 482/544/482 469/508/469 495/545/495
f 466/505/466 499/550/499 500/551/500
f 465/504/465 466/505/466 500/551/500
f 501/552/501 502/553/502 491/537/491
f 491/537/491 503/554/503 501/552/501
f 497/547/497 494/542/494 504/555/504
f 504/555/504 505/556/505 506/557/506
f 501/552/501 507/558/507 508/559/508
f 508/559/508 509/560/509 501/552/501
f 504/555/504 510/561/510 497/547/497
f 511/562/511 500/563/500 499/564/499
f 512/565/512 513/566/513 483/522/483
f 514/567/514 513/566/513 512/565/512
f 515/568/515 465/526/465 500/563/500
f 516/569/516 484/523/484 483/522/483
f 434/473/434 433/472/433 517/570/517
f 487/571/487 434/572/434 517/573/517
f 518/574/518 490/536/490 519/575/519
f 490/536/490 518/574/518 520/576/520
f 521/577/521 516/569/516 522/578/522
f 523/579/523 518/574/518 524/580/524
f 520/576/520 518/574/518 523/579/523
f 521/577/521 524/580/524 516/569/516
f 506/557/506 489/532/489 161/184/161
f 525/581/525 526/582/526 520/576/520
f 506/557/506 527/583/527 528/584/528
f 529/585/529 508/559/508 507/558/507
f 507/558/507 530/586/530 529/585/529
f 510/561/510 528/584/528 531/587/531
f 513/566/513 514/567/514 510/561/510
f 510/561/510 531/587/531 532/588/532
f 499/564/499 509/560/509 511/562/511
f 513/566/513 533/589/533 534/590/534
f 515/568/515 511/562/511 190/213/190
f 531/587/531 527/583/527 535/591/535
f 527/583/527 168/191/168 535/591/535
f 176/199/176 536/592/536 537/593/537
f 176/199/176 173/196/173 536/592/536
f 536/592/536 181/204/181 511/562/511
f 533/589/533 513/566/513 532/588/532
f 532/588/532 185/208/185 184/207/184
f 532/588/532 184/207/184 533/589/533
f 511/562/511 181/204/181 190/213/190
f 533/589/533 183/206/183 538/594/538
f 517/573/517 162/185/162 161/184/161
f 521/577/521 522/578/522 538/594/538
f 194/217/194 164/187/164 539/595/539
f 538/594/538 194/217/194 524/580/524
f 524/580/524 539/595/539 523/579/523
f 523/579/523 539/595/539 525/581/525
f 530/586/530 525/581/525 539/595/539
f 539/595/539 170/193/170 530/586/530
f 527/583/527 506/557/506 160/183/160
f 527/583/527 160/183/160 168/191/168
f 170/193/170 540/596/540 176/199/176
f 541/597/541 542/598/542 543/599/543
f 544/600/544 545/601/545 546/602/546
f 543/599/543 547/603/547 548/604/548
f 549/605/549 550/606/550 546/602/546
f 546/602/546 550/606/550 551/607/551
f 552/608/552 553/609/553 550/606/550
f 548/604/548 554/610/554 555/611/555
f 555/611/555 556/612/556 548/604/548
f 557/613/557 553/609/553 558/614/558
f 558/614/558 559/615/559 557/613/557
f 560/616/560 561/617/561 555/611/555
f 559/615/559 558/614/558 562/618/562
f 563/619/563 564/620/564 565/621/565
f 563/619/563 566/622/566 564/620/564
f 567/623/567 568/624/568 561/617/561
f 565/621/565 567/623/567 563/619/563
f 569/625/569 562/618/562 570/626/570
f 571/627/571 545/601/545 564/620/564
f 564/620/564 566/622/566 571/627/571
f 572/628/572 542/598/542 541/597/541
f 545/601/545 544/600/544 573/629/573
f 544/600/544 574/630/574 575/631/575
f 576/632/576 577/633/577 578/634/578
f 575/631/575 574/630/574 579/635/579
f 572/628/572 541/597/541 580/636/580
f 580/636/580 581/637/581 572/628/572
f 580/636/580 548/604/548 556/612/556
f 551/607/551 582/638/582 583/639/583
f 582/638/582 584/640/584 583/639/583
f 583/639/583 584/640/584 585/641/585
f 586/642/586 556/612/556 587/643/587
f 557/613/557 588/644/588 584/640/584
f 584/640/584 589/645/589 590/646/590
f 587/643/587 556/612/556 561/617/561
f 591/647/591 589/645/589 588/644/588
f 592/648/592 561/617/561 593/649/593
f 587/643/587 561/617/561 592/648/592
f 593/649/593 594/650/594 592/648/592
f 593/649/593 568/624/568 595/651/595
f 568/624/568 596/652/596 597/653/597
f 598/654/598 594/650/594 593/649/593
f 595/651/595 597/653/597 599/655/599
f 599/655/599 598/654/598 595/651/595
f 600/656/600 601/657/601 599/655/599
f 602/658/602 594/650/594 603/659/603
f 604/660/604 591/647/591 605/661/605
f 606/662/606 605/661/605 607/663/607
f 608/664/608 609/665/609 610/666/610
f 581/637/581 580/636/580 611/667/611
f 612/668/612 611/667/611 586/642/586
f 585/641/585 590/646/590 613/669/613
f 613/669/613 614/670/614 585/641/585
f 613/669/613 615/671/615 616/672/616
f 612/668/612 587/643/587 592/648/592
f 617/673/617 618/674/618 619/675/619
f 619/675/619 620/676/620 617/673/617
f 581/637/581 611/667/611 621/677/621
f 622/678/622 623/679/623 620/680/620
f 620/680/620 624/681/624 622/678/622
f 625/682/625 612/668/612 626/683/626
f 611/667/611 612/668/612 625/682/625
f 625/684/625 627/685/627 611/686/611
f 623/679/623 622/678/622 616/672/616
f 623/687/623 628/688/628 629/689/629
f 630/690/630 631/691/631 625/684/625
f 632/692/632 630/690/630 626/693/626
f 632/694/632 633/695/633 634/696/634
f 634/697/634 635/698/635 632/692/632
f 636/699/636 637/700/637 638/701/638
f 639/702/639 640/703/640 636/704/636
f 634/696/634 641/705/641 642/706/642
f 604/660/604 643/707/643 644/708/644
f 644/708/644 636/699/636 604/660/604
f 642/706/642 609/665/609 645/709/645
f 645/710/645 646/711/646 642/712/642
f 647/713/647 643/714/643 606/715/606
f 606/715/606 648/716/648 647/713/647
f 645/709/645 609/665/609 618/717/618
f 618/674/618 649/718/649 645/710/645
f 578/634/578 577/633/577 648/716/648
f 650/719/650 651/720/651 652/721/652
f 653/722/653 654/723/654 655/724/655
f 656/725/656 657/726/657 658/727/658
f 659/728/659 660/729/660 656/725/656
f 656/725/656 661/730/661 659/728/659
f 662/731/662 651/720/651 650/719/650
f 647/713/647 662/731/662 663/732/663
f 658/727/658 653/722/653 664/733/664
f 656/725/656 665/734/665 661/730/661
f 648/716/648 666/735/666 647/713/647
f 649/718/649 667/736/667 664/733/664
f 665/734/665 656/725/656 668/737/668
f 581/738/581 621/739/621 669/740/669
f 670/741/670 671/742/671 667/736/667
f 667/736/667 617/673/617 670/741/670
f 668/737/668 672/743/672 673/744/673
f 673/744/673 674/745/674 668/737/668
f 621/739/621 627/685/627 675/746/675
f 629/689/629 676/747/676 671/742/671
f 671/742/671 670/741/670 629/689/629
f 677/748/677 627/685/627 631/691/631
f 674/745/674 676/747/676 678/749/678
f 676/747/676 629/689/629 679/750/679
f 678/749/678 680/751/680 674/745/674
f 678/749/678 681/752/681 680/751/680
f 682/753/682 631/691/631 630/690/630
f 683/754/683 631/691/631 682/753/682
f 682/753/682 660/729/660 683/754/683
f 678/749/678 679/750/679 652/721/652
f 679/750/679 684/755/684 652/721/652
f 651/720/651 681/752/681 678/749/678
f 660/729/660 682/753/682 657/726/657
f 677/748/677 683/754/683 685/756/685
f 685/756/685 675/746/675 677/748/677
f 686/757/686 687/758/687 688/759/688
f 689/760/689 690/761/690 691/762/691
f 691/762/691 690/761/690 692/763/692
f 693/764/693 681/752/681 694/765/694
f 686/757/686 681/752/681 693/764/693
f 693/764/693 695/766/695 686/757/686
f 659/728/659 696/767/696 690/761/690
f 690/761/690 689/760/689 659/728/659
f 697/768/697 690/761/690 698/769/698
f 694/765/694 651/720/651 699/770/699
f 699/770/699 700/771/700 694/765/694
f 700/771/700 701/772/701 702/773/702
f 659/728/659 703/774/703 696/767/696
f 704/775/704 705/776/705 706/777/706
f 706/777/706 707/778/707 704/775/704
f 708/779/708 662/731/662 666/735/666
f 651/720/651 662/731/662 708/779/708
f 708/779/708 699/770/699 651/720/651
f 703/774/703 709/780/709 710/781/710
f 710/781/710 711/782/711 707/778/707
f 709/780/709 703/774/703 712/783/712
f 711/782/711 710/781/710 709/780/709
f 669/740/669 675/746/675 713/784/713
f 709/780/709 712/783/712 714/785/714
f 711/782/711 709/780/709 715/786/715
f 704/775/704 716/787/716 717/788/717
f 718/789/718 699/770/699 719/790/719
f 720/791/720 721/792/721 718/789/718
f 722/793/722 720/791/720 719/790/719
f 711/782/711 723/794/723 707/778/707
f 707/778/707 723/794/723 724/795/724
f 725/796/725 726/797/726 727/798/727
f 722/793/722 666/735/666 725/796/725
f 725/796/725 728/799/728 722/793/722
f 711/782/711 729/800/729 723/794/723
f 723/794/723 730/801/730 724/795/724
f 715/786/715 687/758/687 729/800/729
f 729/800/729 731/802/731 730/801/730
f 685/756/685 732/803/732 733/804/733
f 733/804/733 713/784/713 685/756/685
f 734/805/734 735/806/735 687/758/687
f 692/763/692 736/807/736 737/808/737
f 737/808/737 732/803/732 692/763/692
f 734/805/734 695/766/695 738/809/738
f 738/809/738 735/806/735 734/805/734
f 692/763/692 697/768/697 736/807/736
f 697/768/697 739/810/739 736/807/736
f 736/807/736 739/810/739 740/811/740
f 741/812/741 742/813/742 738/809/738
f 705/776/705 717/788/717 739/810/739
f 718/789/718 743/814/743 700/771/700
f 735/806/735 744/815/744 745/816/745
f 746/817/746 747/818/747 737/808/737
f 747/818/747 748/819/748 737/808/737
f 749/820/749 750/821/750 735/806/735
f 742/813/742 741/812/741 751/822/751
f 752/823/752 753/824/753 754/825/754
f 755/826/755 743/814/743 756/827/756
f 741/812/741 743/814/743 755/826/755
f 753/824/753 752/823/752 757/828/757
f 758/829/758 720/791/720 759/830/759
f 721/792/721 720/791/720 758/829/758
f 758/829/758 756/827/756 721/792/721
f 716/787/716 760/831/760 757/828/757
f 760/831/760 716/787/716 724/795/724
f 727/798/727 577/633/577 761/832/761
f 761/832/761 762/833/762 728/799/728
f 730/801/730 731/802/731 745/816/745
f 748/819/748 733/804/733 732/803/732
f 758/829/758 763/834/763 764/835/764
f 764/835/764 765/836/765 758/829/758
f 764/835/764 763/834/763 766/837/766
f 767/838/767 768/839/768 769/840/769
f 759/830/759 762/833/762 763/834/763
f 767/838/767 770/841/770 771/842/771
f 771/842/771 772/843/772 767/838/767
f 771/842/771 773/844/773 774/845/774
f 774/845/774 775/846/775 771/842/771
f 733/804/733 748/819/748 776/847/776
f 776/847/776 777/848/777 733/804/733
f 774/845/774 744/815/744 778/849/778
f 778/849/778 775/846/775 774/845/774
f 778/849/778 750/821/750 779/850/779
f 779/850/779 780/851/780 778/849/778
f 750/821/750 742/813/742 781/852/781
f 782/853/782 779/850/779 783/854/783
f 765/836/765 764/835/764 784/855/784
f 784/855/784 781/852/781 755/826/755
f 784/855/784 785/856/785 781/852/781
f 781/852/781 785/856/785 783/854/783
f 786/857/786 753/824/753 769/840/769
f 769/840/769 768/839/768 786/857/786
f 780/851/780 787/858/787 788/859/788
f 775/846/775 780/851/780 788/859/788
f 789/860/789 790/861/790 788/859/788
f 788/859/788 787/858/787 789/860/789
f 791/862/791 792/863/792 793/864/793
f 782/853/782 794/865/794 787/858/787
f 787/858/787 780/851/780 782/853/782
f 795/866/795 786/857/786 768/839/768
f 796/867/796 797/868/797 795/866/795
f 794/865/794 782/853/782 798/869/798
f 799/870/799 787/858/787 794/865/794
f 768/839/768 767/838/767 772/843/772
f 763/834/763 762/833/762 766/837/766
f 800/871/800 771/842/771 801/872/801
f 801/872/801 802/873/802 800/871/800
f 803/874/803 733/804/733 777/848/777
f 801/872/801 775/846/775 804/875/804
f 804/875/804 802/873/802 801/872/801
f 804/875/804 775/846/775 790/861/790
f 790/861/790 805/876/805 804/875/804
f 806/877/806 776/847/776 747/818/747
f 807/878/807 808/879/808 809/880/809
f 810/881/810 808/879/808 807/878/807
f 777/848/777 776/847/776 811/882/811
f 805/876/805 790/861/790 812/883/812
f 802/873/802 805/876/805 812/883/812
f 813/884/813 810/881/810 812/883/812
f 812/883/812 814/885/814 813/884/813
f 806/877/806 791/862/791 815/886/815
f 806/877/806 816/887/816 811/882/811
f 815/886/815 816/887/816 806/877/806
f 814/885/814 790/861/790 789/860/789
f 814/885/814 817/888/817 818/889/818
f 791/862/791 793/864/793 819/890/819
f 819/890/819 815/886/815 791/862/791
f 787/858/787 820/891/820 789/860/789
f 789/860/789 821/892/821 817/888/817
f 819/890/819 797/868/797 822/893/822
f 822/893/822 823/894/823 815/886/815
f 799/870/799 824/895/824 820/891/820
f 822/893/822 796/867/796 825/896/825
f 798/869/798 766/837/766 826/897/826
f 826/897/826 794/865/794 798/869/798
f 827/898/827 824/895/824 826/897/826
f 828/899/828 800/871/800 809/880/809
f 809/880/809 829/900/829 828/899/828
f 808/879/808 829/900/829 809/880/809
f 816/887/816 815/886/815 830/901/830
f 817/888/817 821/892/821 831/902/831
f 830/901/830 823/894/823 832/903/832
f 833/904/833 834/905/834 830/901/830
f 835/906/835 836/907/836 834/905/834
f 832/903/832 829/900/829 837/908/837
f 838/909/838 839/910/839 835/906/835
f 826/897/826 840/911/840 827/898/827
f 841/912/841 837/908/837 842/913/842
f 842/913/842 843/914/843 844/915/844
f 837/908/837 808/879/808 843/914/843
f 844/915/844 845/916/845 842/913/842
f 843/914/843 810/881/810 846/917/846
f 847/918/847 811/882/811 848/919/848
f 849/920/849 850/921/850 848/919/848
f 846/917/846 810/881/810 813/884/813
f 851/922/851 846/917/846 813/884/813
f 852/923/852 853/924/853 851/922/851
f 849/920/849 816/887/816 830/901/830
f 848/919/848 816/887/816 849/920/849
f 831/902/831 854/925/854 852/923/852
f 855/926/855 856/927/856 857/928/857
f 856/927/856 858/929/858 857/928/857
f 855/930/855 859/931/859 860/932/860
f 857/928/857 851/922/851 861/933/861
f 850/934/850 862/935/862 863/936/863
f 861/933/861 853/924/853 864/937/864
f 864/938/864 865/939/865 861/940/861
f 866/941/866 867/942/867 850/921/850
f 850/921/850 849/920/849 866/941/866
f 864/937/864 854/925/854 868/943/868
f 868/944/868 869/945/869 864/938/864
f 867/942/867 866/941/866 870/946/870
f 867/947/867 871/948/871 872/949/872
f 836/950/836 873/951/873 871/948/871
f 874/952/874 875/953/875 876/954/876
f 877/955/877 821/892/821 874/952/874
f 839/910/839 878/956/878 873/957/873
f 873/957/873 879/958/879 839/910/839
f 873/951/873 878/959/878 880/960/880
f 876/954/876 827/898/827 881/961/881
f 878/956/878 839/910/839 855/926/855
f 839/910/839 838/909/838 855/926/855
f 855/930/855 860/932/860 878/959/878
f 882/962/882 868/944/868 883/963/883
f 883/963/883 884/964/884 882/962/882
f 885/965/885 876/966/876 886/967/886
f 887/968/887 881/969/881 888/970/888
f 886/967/886 876/966/876 887/968/887
f 889/971/889 880/960/880 878/959/878
f 878/959/878 860/932/860 889/971/889
f 859/931/859 890/972/890 860/932/860
f 891/973/891 863/974/863 892/975/892
f 890/972/890 865/939/865 893/976/893
f 869/945/869 868/944/868 882/962/882
f 894/977/894 869/945/869 882/962/882
f 884/964/884 895/978/895 882/962/882
f 863/936/863 542/598/542 892/979/892
f 896/980/896 897/981/897 898/982/898
f 898/982/898 899/983/899 896/980/896
f 900/984/900 898/982/898 893/976/893
f 900/984/900 894/977/894 895/978/895
f 901/985/901 862/935/862 902/986/902
f 903/987/903 904/988/904 905/989/905
f 906/990/906 904/988/904 903/987/903
f 907/991/907 901/985/901 908/992/908
f 906/990/906 886/967/886 909/993/909
f 903/987/903 885/965/885 906/990/906
f 909/993/909 552/608/552 906/990/906
f 910/994/910 888/970/888 911/995/911
f 912/996/912 913/997/913 889/971/889
f 911/995/911 914/998/914 570/626/570
f 570/626/570 914/998/914 915/999/915
f 916/1000/916 889/971/889 897/981/897
f 907/991/907 908/992/908 554/610/554
f 909/993/909 558/614/558 552/608/552
f 552/608/552 558/614/558 553/609/553
f 917/1001/917 913/997/913 912/996/912
f 909/993/909 910/994/910 918/1002/918
f 570/626/570 562/618/562 918/1002/918
f 570/626/570 915/999/915 569/625/569
f 897/981/897 919/1003/919 916/1000/916
f 892/979/892 542/598/542 572/628/572
f 569/625/569 915/999/915 576/1004/576
f 900/984/900 920/1005/920 899/983/899
f 921/1006/921 899/983/899 920/1005/920
f 542/598/542 901/985/901 543/599/543
f 901/985/901 547/603/547 543/599/543
f 922/1007/922 920/1005/920 905/989/905
f 546/602/546 920/1005/920 922/1007/922
f 922/1007/922 549/605/549 546/602/546
f 552/608/552 549/605/549 904/988/904
f 923/1008/923 924/1009/924 925/1010/925
f 926/1011/926 927/1012/927 928/1013/928
f 929/1014/929 930/1015/930 931/1016/931
f 925/1010/925 932/1017/932 933/1018/933
f 933/1018/933 932/1017/932 934/1019/934
f 935/1020/935 936/1021/936 937/1022/937
f 927/1012/927 938/1023/938 939/1024/939
f 931/1016/931 937/1022/937 940/1025/940
f 925/1010/925 924/1009/924 941/1026/941
f 938/1023/938 942/1027/942 939/1024/939
f 929/1014/929 931/1016/931 940/1025/940
f 939/1024/939 942/1027/942 943/1028/943
f 939/1024/939 943/1028/943 944/1029/944
f 945/1030/945 946/1031/946 942/1027/942
f 941/1026/941 947/1032/947 948/1033/948
f 942/1027/942 949/1034/949 943/1028/943
f 929/1014/929 940/1025/940 950/1035/950
f 947/1032/947 951/1036/951 946/1031/946
f 946/1031/946 951/1036/951 952/1037/952
f 941/1026/941 924/1009/924 953/1038/953
f 954/1039/954 955/1040/955 956/1041/956
f 952/1037/952 957/1042/957 958/1043/958
f 947/1032/947 953/1038/953 959/1044/959
f 952/1037/952 958/1043/958 960/1045/960
f 961/1046/961 962/1047/962 963/1048/963
f 953/1038/953 924/1009/924 964/1049/964
f 957/1042/957 965/1050/965 958/1043/958
f 929/1014/929 950/1035/950 966/1051/966
f 965/1050/965 967/1052/967 968/1053/968
f 964/1049/964 969/1054/969 970/1055/970
f 971/1056/971 972/1057/972 973/1058/973
f 974/1059/974 975/1060/975 976/1061/976
f 977/1062/977 978/1063/978 979/1064/979
f 980/1065/980 981/1066/981 982/1067/982
f 983/1068/983 975/1060/975 984/1069/984
f 985/1070/985 986/1071/986 980/1065/980
f 983/1068/983 984/1069/984 987/1072/987
f 988/1073/988 989/1074/989 990/1075/990
f 975/1060/975 991/1076/991 976/1061/976
f 992/1077/992 993/1078/993 986/1071/986
f 994/1079/994 995/1080/995 996/1081/996
f 997/1082/997 995/1080/995 994/1079/994
f 998/1083/998 986/1071/986 996/1081/996
f 999/1084/999 1000/1085/1000 992/1077/992
f 988/1073/988 1001/1086/1001 989/1074/989
f 1002/1087/1002 991/1076/991 1003/1088/1003
f 1004/1089/1004 1005/1090/1005 999/1084/999
f 1006/1091/1006 1007/1092/1007 1005/1090/1005
f 1008/1093/1008 1009/1094/1009 1001/1086/1001
f 991/1076/991 1010/1095/1010 976/1061/976
f 1011/1096/1011 1012/1097/1012 1013/1098/1013
f 988/1073/988 1008/1093/1008 1001/1086/1001
f 1014/1099/1014 1010/1095/1010 991/1076/991
f 1015/1100/1015 1005/1090/1005 1012/1097/1012
f 1006/1091/1006 1014/1099/1014 1007/1092/1007
f 1011/1096/1011 1016/1101/1016 1015/1100/1015
f 1017/1102/1017 1018/1103/1018 1011/1096/1011
f 988/1073/988 1019/1104/1019 1008/1093/1008
f 1020/1105/1020 1010/1095/1010 1021/1106/1021
f 1019/1104/1019 1022/1107/1022 1008/1093/1008
f 1010/1095/1010 1020/1105/1020 976/1061/976
f 62/66/62 5/5/5 17/18/17
f 4/4/4 1/1/1 3/3/3
f 13/15/13 2/2/2 12/1108/12
f 62/66/62 17/18/17 19/20/19
f 12/12/12 7/7/7 9/9/9
f 23/1109/23 15/16/15 13/15/13
f 9/9/9 8/8/8 11/11/11
f 17/18/17 16/17/16 19/20/19
f 13/13/13 9/9/9 14/14/14
f 20/21/20 15/16/15 1023/1110/1023
f 4/4/4 21/22/21 5/5/5
f 1024/1111/1024 20/29/20 28/32/28
f 4/4/4 3/3/3 20/21/20
f 24/25/24 23/24/23 14/14/14
f 21/26/21 1024/1111/1024 1025/1112/1025
f 21/26/21 1025/1112/1025 1026/1113/1026
f 31/35/31 1023/1114/1023 23/24/23
f 21/26/21 1026/1113/1026 25/27/25
f 1027/1115/1027 20/29/20 1023/1114/1023
f 1028/1116/1028 5/28/5 1029/1117/1029
f 5/28/5 25/27/25 1029/1117/1029
f 1030/1118/1030 26/30/26 1027/1115/1027
f 16/17/16 1028/1116/1028 18/19/18
f 25/27/25 1031/1119/1031 1032/1120/1032
f 1029/1117/1029 1032/1120/1032 1033/1121/1033
f 1034/1122/1034 27/31/27 26/30/26
f 1035/1123/1035 1029/1117/1029 1033/1121/1033
f 1036/1124/1036 28/32/28 27/31/27
f 30/34/30 1028/1116/1028 1035/1123/1035
f 1037/1125/1037 1024/1111/1024 28/32/28
f 1038/1126/1038 1024/1111/1024 1039/1127/1039
f 1040/1128/1040 1025/1112/1025 1038/1126/1038
f 11/11/11 29/33/29 24/25/24
f 1031/1119/1031 1026/1113/1026 1040/1128/1040
f 32/36/32 1027/1115/1027 31/35/31
f 1041/1129/1041 1039/1127/1039 1042/1130/1042
f 1043/1131/1043 1038/1126/1038 1041/1129/1041
f 35/39/35 24/25/24 33/37/33
f 1044/1132/1044 1040/1128/1040 1043/1131/1043
f 35/39/35 1030/1118/1030 32/36/32
f 1045/1133/1045 1031/1119/1031 1044/1132/1044
f 1046/1134/1046 1034/1122/1034 1030/1118/1030
f 1047/1135/1047 1032/1120/1032 1045/1133/1045
f 1048/1136/1048 1036/1124/1036 1034/1122/1034
f 1049/1137/1049 1033/1121/1033 1047/1135/1047
f 1050/1138/1050 1037/1125/1037 1036/1124/1036
f 1051/1139/1051 1039/1127/1039 1037/1125/1037
f 30/34/30 1035/1123/1035 1049/1137/1049
f 38/42/38 1048/1136/1048 1046/1134/1046
f 1052/1140/1052 1045/1133/1045 1053/1141/1053
f 1054/1142/1054 1050/1138/1050 1048/1136/1048
f 1052/1140/1052 1049/1137/1049 1047/1135/1047
f 1055/1143/1055 1051/1139/1051 1050/1138/1050
f 1056/1144/1056 1042/1130/1042 1051/1139/1051
f 30/34/30 1049/1137/1049 1057/1145/1057
f 1058/1146/1058 1042/1130/1042 1059/1147/1059
f 1060/1148/1060 1041/1129/1041 1058/1146/1058
f 1061/1149/1061 1043/1131/1043 1060/1148/1060
f 38/42/38 35/39/35 34/38/34
f 1053/1141/1053 1044/1132/1044 1061/1149/1061
f 1062/1150/1062 1059/1147/1059 1063/1151/1063
f 1064/1152/1064 1058/1146/1058 1062/1150/1062
f 1065/1153/1065 1060/1148/1060 1064/1152/1064
f 33/37/33 36/40/36 34/38/34
f 1066/1154/1066 1061/1149/1061 1065/1153/1065
f 37/41/37 1054/1142/1054 38/42/38
f 1067/1155/1067 1053/1141/1053 1066/1154/1066
f 1068/1156/1068 1055/1143/1055 1054/1142/1054
f 1067/1155/1067 1057/1145/1057 1052/1140/1052
f 1069/1157/1069 1056/1144/1056 1055/1143/1055
f 1070/1158/1070 30/34/30 1057/1145/1057
f 1071/1159/1071 1059/1147/1059 1056/1144/1056
f 1072/1160/1072 1066/1154/1066 1073/1161/1073
f 1074/1162/1074 1069/1157/1069 1068/1156/1068
f 1075/1163/1075 1071/1159/1071 1069/1157/1069
f 1070/1158/1070 1067/1155/1067 1072/1160/1072
f 1076/1164/1076 1071/1159/1071 1077/1165/1077
f 1078/1166/1078 1063/1151/1063 1076/1164/1076
f 1079/1167/1079 1062/1150/1062 1078/1166/1078
f 1080/1168/1080 1064/1152/1064 1079/1167/1079
f 37/41/37 40/44/40 1081/1169/1081
f 1073/1161/1073 1065/1153/1065 1080/1168/1080
f 1081/1169/1081 1068/1156/1068 37/41/37
f 1082/1170/1082 1079/1167/1079 1078/1166/1078
f 46/50/46 36/40/36 44/48/44
f 1083/1171/1083 1079/1167/1079 1084/1172/1084
f 1085/1173/1085 40/44/40 46/50/46
f 1086/1174/1086 1080/1168/1080 1083/1171/1083
f 1087/1175/1087 1081/1169/1081 1085/1173/1085
f 1088/1176/1088 1073/1161/1073 1086/1174/1086
f 1087/1175/1087 1075/1163/1075 1074/1162/1074
f 42/46/42 1072/1160/1072 1088/1176/1088
f 1089/1177/1089 1075/1163/1075 1090/1178/1090
f 1091/1179/1091 1077/1165/1077 1089/1177/1089
f 39/43/39 1070/1158/1070 42/46/42
f 1082/1170/1082 1076/1164/1076 1091/1179/1091
f 44/48/44 29/33/29 41/45/41
f 1092/1180/1092 1090/1178/1090 1093/1181/1093
f 1088/1176/1088 1094/1182/1094 42/46/42
f 1095/1183/1095 1089/1177/1089 1092/1180/1092
f 1095/1183/1095 1082/1170/1082 1091/1179/1091
f 1096/1184/1096 1084/1172/1084 1082/1170/1082
f 1097/1185/1097 1083/1171/1083 1084/1172/1084
f 1098/1186/1098 46/50/46 45/49/45
f 1099/1187/1099 1083/1171/1083 1100/1188/1100
f 1101/1189/1101 1085/1173/1085 1098/1186/1098
f 1094/1182/1094 1086/1174/1086 1099/1187/1099
f 1093/1181/1093 1087/1175/1087 1101/1189/1101
f 50/54/50 44/48/44 47/51/47
f 1102/1190/1102 1100/1188/1100 1097/1185/1097
f 1103/1191/1103 45/49/45 50/54/50
f 1104/1192/1104 1100/1188/1100 1105/1193/1105
f 1106/1194/1106 1098/1186/1098 1103/1191/1103
f 1107/1195/1107 1099/1187/1099 1104/1192/1104
f 1108/1196/1108 1101/1189/1101 1106/1194/1106
f 1109/1197/1109 1094/1182/1094 1107/1195/1107
f 1110/1198/1110 1093/1181/1093 1108/1196/1108
f 1111/1199/1111 1092/1180/1092 1110/1198/1110
f 43/47/43 42/46/42 1109/1197/1109
f 1111/1199/1111 1096/1184/1096 1095/1183/1095
f 1112/1200/1112 1097/1185/1097 1096/1184/1096
f 1113/1201/1113 1108/1196/1108 1114/1202/1114
f 48/52/48 1109/1197/1109 1115/1203/1115
f 1116/1204/1116 1110/1198/1110 1113/1201/1113
f 1116/1204/1116 1112/1200/1112 1111/1199/1111
f 1117/1205/1117 1102/1190/1102 1112/1200/1112
f 1118/1206/1118 1105/1193/1105 1102/1190/1102
f 1119/1207/1119 50/54/50 49/53/49
f 1120/1208/1120 1104/1192/1104 1105/1193/1105
f 1121/1209/1121 1103/1191/1103 1119/1207/1119
f 1122/1210/1122 1104/1192/1104 1123/1211/1123
f 1114/1202/1114 1106/1194/1106 1121/1209/1121
f 1115/1203/1115 1107/1195/1107 1122/1210/1122
f 1124/1212/1124 1120/1208/1120 1118/1206/1118
f 1125/1213/1125 49/53/49 55/59/55
f 1126/1214/1126 1123/1211/1123 1120/1208/1120
f 1127/1215/1127 1119/1207/1119 1125/1213/1125
f 1128/1216/1128 1123/1211/1123 1129/1217/1129
f 1130/1218/1130 1121/1209/1121 1127/1215/1127
f 1131/1219/1131 1114/1202/1114 1130/1218/1130
f 1122/1210/1122 1128/1216/1128 1115/1203/1115
f 1132/1220/1132 1113/1201/1113 1131/1219/1131
f 1133/1221/1133 1116/1204/1116 1132/1220/1132
f 51/55/51 47/51/47 41/45/41
f 1133/1221/1133 1118/1206/1118 1117/1205/1117
f 55/59/55 47/51/47 53/57/53
f 52/56/52 1115/1203/1115 1134/1222/1134
f 1135/1223/1135 1131/1219/1131 1136/1224/1136
f 1137/1225/1137 1132/1220/1132 1135/1223/1135
f 1137/1225/1137 1124/1212/1124 1133/1221/1133
f 1138/1226/1138 1126/1214/1126 1124/1212/1124
f 1139/1227/1139 55/59/55 54/58/54
f 1140/1228/1140 1129/1217/1129 1126/1214/1126
f 1141/1229/1141 1125/1213/1125 1139/1227/1139
f 1142/1230/1142 1129/1217/1129 1143/1231/1143
f 1144/1232/1144 1127/1215/1127 1141/1229/1141
f 1134/1222/1134 1128/1216/1128 1142/1230/1142
f 1136/1224/1136 1130/1218/1130 1144/1232/1144
f 57/1233/57 2/2/2 56/60/56
f 12/12/12 57/61/57 7/7/7
f 1145/1234/1145 56/60/56 60/64/60
f 7/7/7 58/62/58 8/8/8
f 19/20/19 61/65/61 62/66/62
f 57/61/57 1145/1235/1145 58/62/58
f 1146/1236/1146 60/69/60 63/68/63
f 67/73/67 1145/1235/1145 1146/1236/1146
f 58/62/58 67/73/67 59/63/59
f 4/1237/4 1147/1238/1147 1/67/1
f 1148/1239/1148 1147/1238/1147 1149/1240/1149
f 1147/1238/1147 1150/1241/1150 1151/1242/1151
f 1151/1242/1151 1149/1240/1149 1147/1238/1147
f 1152/1243/1152 63/68/63 1153/1244/1153
f 1146/1236/1146 1152/1243/1152 67/73/67
f 1154/1245/1154 1150/1241/1150 4/1237/4
f 1153/1244/1153 1/67/1 1155/1246/1155
f 4/1237/4 1156/1247/1156 1154/1245/1154
f 6/1248/6 1157/1249/1157 1156/1247/1156
f 1/67/1 1158/1250/1158 1155/1246/1155
f 1159/1251/1159 1155/1246/1155 1160/1252/1160
f 1/67/1 1148/1239/1148 1158/1250/1158
f 64/70/64 1157/1249/1157 61/65/61
f 1161/1253/1161 1162/1254/1162 1154/1245/1154
f 1156/1247/1156 1161/1253/1161 1154/1245/1154
f 1160/1252/1160 1158/1250/1158 1163/1255/1163
f 1156/1247/1156 70/76/70 1164/1256/1164
f 1163/1255/1163 1148/1239/1148 1165/1257/1165
f 1157/1249/1157 65/71/65 70/76/70
f 1165/1257/1165 1149/1240/1149 1166/1258/1166
f 1149/1240/1149 1167/1259/1167 1166/1258/1166
f 1151/1242/1151 1168/1260/1168 1167/1259/1167
f 66/72/66 1152/1243/1152 1169/1261/1169
f 1150/1241/1150 1162/1254/1162 1168/1260/1168
f 1169/1261/1169 1153/1244/1153 1159/1251/1159
f 1166/1258/1166 1170/1262/1170 1171/1263/1171
f 59/63/59 73/79/73 68/74/68
f 1167/1259/1167 1172/1264/1172 1170/1262/1170
f 66/72/66 74/80/74 73/79/73
f 1168/1260/1168 1173/1265/1173 1172/1264/1172
f 74/80/74 1159/1251/1159 1174/1266/1174
f 1162/1254/1162 1175/1267/1175 1173/1265/1173
f 1174/1266/1174 1160/1252/1160 1176/1268/1176
f 1161/1253/1161 1177/1269/1177 1175/1267/1175
f 1176/1268/1176 1163/1255/1163 1178/1270/1178
f 1164/1256/1164 69/75/69 1177/1269/1177
f 1178/1270/1178 1165/1257/1165 1179/1271/1179
f 1179/1271/1179 1166/1258/1166 1171/1263/1171
f 77/83/77 1176/1268/1176 1180/1272/1180
f 1175/1267/1175 1181/1273/1181 1182/1274/1182
f 1180/1272/1180 1178/1270/1178 1183/1275/1183
f 1181/1273/1181 69/75/69 79/85/79
f 1183/1275/1183 1179/1271/1179 1184/1276/1184
f 79/85/79 65/71/65 71/77/71
f 1184/1276/1184 1171/1263/1171 1185/1277/1185
f 1171/1263/1171 1186/1278/1186 1185/1277/1185
f 1170/1262/1170 1187/1279/1187 1186/1278/1186
f 1172/1264/1172 1188/1280/1188 1187/1279/1187
f 74/80/74 77/83/77 72/78/72
f 1173/1265/1173 1182/1274/1182 1188/1280/1188
f 1185/1277/1185 1189/1281/1189 1190/1282/1190
f 1186/1278/1186 1191/1283/1191 1189/1281/1189
f 1187/1279/1187 1192/1284/1192 1191/1283/1191
f 72/78/72 75/81/75 73/79/73
f 1188/1280/1188 1193/1285/1193 1192/1284/1192
f 76/82/76 1180/1272/1180 1194/1286/1194
f 1182/1274/1182 81/87/81 1193/1285/1193
f 1194/1286/1194 1183/1275/1183 1195/1287/1195
f 81/87/81 79/85/79 78/84/78
f 1195/1287/1195 1184/1276/1184 1196/1288/1196
f 1196/1288/1196 1185/1277/1185 1190/1282/1190
f 1193/1285/1193 80/86/80 1197/1289/1197
f 1198/1290/1198 1195/1287/1195 1199/1291/1199
f 1199/1291/1199 1196/1288/1196 1200/1292/1200
f 1196/1288/1196 1201/1293/1201 1200/1292/1200
f 71/77/71 82/88/82 78/84/78
f 1190/1282/1190 1202/1294/1202 1201/1293/1201
f 1189/1281/1189 1203/1295/1203 1202/1294/1202
f 1191/1283/1191 1204/1296/1204 1203/1295/1203
f 76/82/76 83/89/83 72/78/72
f 1192/1284/1192 1197/1289/1197 1204/1296/1204
f 1205/1297/1205 1194/1286/1194 1198/1290/1198
f 1206/1298/1206 1203/1295/1203 1207/1299/1207
f 75/81/75 89/95/89 88/94/88
f 1203/1295/1203 1208/1300/1208 1207/1299/1207
f 83/89/83 1209/1301/1209 89/95/89
f 1204/1296/1204 1210/1302/1210 1208/1300/1208
f 1205/1297/1205 1211/1303/1211 1209/1301/1209
f 1197/1289/1197 1212/1304/1212 1210/1302/1210
f 1211/1303/1211 1199/1291/1199 1213/1305/1213
f 80/86/80 84/90/84 1212/1304/1212
f 1199/1291/1199 1214/1306/1214 1213/1305/1213
f 1200/1292/1200 1215/1307/1215 1214/1306/1214
f 1201/1293/1201 1206/1298/1206 1215/1307/1215
f 68/74/68 88/94/88 85/91/85
f 1213/1305/1213 1216/1308/1216 1217/1309/1217
f 84/90/84 1218/1310/1218 1212/1304/1212
f 1214/1306/1214 1219/1311/1219 1216/1308/1216
f 82/88/82 86/92/86 84/90/84
f 1219/1311/1219 1206/1298/1206 1220/1312/1220
f 1220/1312/1220 1207/1299/1207 1221/1313/1221
f 1221/1313/1221 1208/1300/1208 1222/1314/1222
f 89/95/89 1223/1315/1223 87/93/87
f 1208/1300/1208 1224/1316/1224 1222/1314/1222
f 1209/1301/1209 1225/1317/1225 1223/1315/1223
f 1210/1302/1210 1218/1310/1218 1224/1316/1224
f 1211/1303/1211 1217/1309/1217 1225/1317/1225
f 87/93/87 91/97/91 88/94/88
f 1226/1318/1226 1222/1314/1222 1227/1319/1227
f 87/93/87 1228/1320/1228 1229/1321/1229
f 1222/1314/1222 1230/1322/1230 1227/1319/1227
f 1223/1315/1223 1231/1323/1231 1228/1320/1228
f 1224/1316/1224 1232/1324/1232 1230/1322/1230
f 1225/1317/1225 1233/1325/1233 1231/1323/1231
f 1218/1310/1218 90/96/90 1232/1324/1232
f 1217/1309/1217 1234/1326/1234 1233/1325/1233
f 1216/1308/1216 1235/1327/1235 1234/1326/1234
f 1235/1327/1235 1220/1312/1220 1236/1328/1236
f 1236/1328/1236 1221/1313/1221 1226/1318/1226
f 1233/1325/1233 1237/1329/1237 1238/1330/1238
f 90/96/90 92/98/92 1239/1331/1239
f 1234/1326/1234 1240/1332/1240 1237/1329/1237
f 1240/1332/1240 1236/1328/1236 1241/1333/1241
f 1241/1333/1241 1226/1318/1226 1242/1334/1242
f 91/97/91 95/101/95 93/99/93
f 1242/1334/1242 1227/1319/1227 1243/1335/1243
f 1229/1321/1229 1244/1336/1244 95/101/95
f 1243/1335/1243 1230/1322/1230 1245/1337/1245
f 1228/1320/1228 1246/1338/1246 1244/1336/1244
f 1230/1322/1230 1247/1339/1247 1245/1337/1245
f 1231/1323/1231 1238/1330/1238 1246/1338/1246
f 1232/1324/1232 1239/1331/1239 1247/1339/1247
f 1248/1340/1248 1243/1335/1243 1249/1341/1249
f 95/101/95 1250/1342/1250 94/100/94
f 1249/1341/1249 1245/1337/1245 1251/1343/1251
f 1244/1336/1244 1252/1344/1252 1250/1342/1250
f 1245/1337/1245 1253/1345/1253 1251/1343/1251
f 1246/1338/1246 1254/1346/1254 1252/1344/1252
f 1238/1330/1238 1255/1347/1255 1254/1346/1254
f 1239/1331/1239 1253/1345/1253 1247/1339/1247
f 1237/1329/1237 1256/1348/1256 1255/1347/1255
f 1240/1332/1240 1257/1349/1257 1256/1348/1256
f 1257/1349/1257 1242/1334/1242 1248/1340/1248
f 1239/1331/1239 52/56/52 1134/1222/1134
f 1255/1347/1255 1135/1223/1135 1136/1224/1136
f 1256/1348/1256 1137/1225/1137 1135/1223/1135
f 1137/1225/1137 1248/1340/1248 1138/1226/1138
f 93/99/93 53/57/53 51/55/51
f 93/99/93 54/58/54 53/57/53
f 1138/1226/1138 1249/1341/1249 1140/1228/1140
f 94/100/94 1139/1227/1139 54/58/54
f 1140/1228/1140 1251/1343/1251 1143/1231/1143
f 1250/1342/1250 1141/1229/1141 1139/1227/1139
f 1251/1343/1251 1142/1230/1142 1143/1231/1143
f 1252/1344/1252 1144/1232/1144 1141/1229/1141
f 1253/1345/1253 1134/1222/1134 1142/1230/1142
f 1254/1346/1254 1136/1224/1136 1144/1232/1144
f 1258/1350/1258 96/102/96 98/104/98
f 98/104/98 1259/1351/1259 1258/1350/1258
f 1260/1352/1260 1259/1351/1259 107/113/107
f 1261/1353/1261 1262/1354/1262 1263/1355/1263
f 109/115/109 1260/1352/1260 107/113/107
f 1264/1356/1264 103/109/103 1261/1353/1261
f 104/110/104 97/103/97 102/108/102
f 107/113/107 1259/1351/1259 98/104/98
f 107/113/107 98/104/98 97/103/97
f 102/108/102 99/105/99 101/107/101
f 108/114/108 1265/1357/1265 109/115/109
f 104/110/104 106/112/106 108/114/108
f 105/111/105 102/108/102 101/107/101
f 106/112/106 105/111/105 1266/1358/1266
f 1266/1358/1266 101/107/101 100/106/100
f 100/106/100 1267/1359/1267 1266/1358/1266
f 96/102/96 1261/1353/1261 103/109/103
f 97/103/97 103/109/103 102/108/102
f 107/113/107 97/103/97 108/114/108
f 1268/1360/1268 1265/1357/1265 1269/1361/1269
f 1265/1357/1265 106/112/106 1269/1361/1269
f 1270/1362/1270 100/106/100 99/105/99
f 1270/1362/1270 99/105/99 1264/1356/1264
f 1263/1355/1263 1264/1356/1264 1261/1353/1261
f 1266/1358/1266 1269/1361/1269 106/112/106
f 1271/1363/1271 114/1364/114 1272/1365/1272
f 1271/1363/1271 110/1366/110 112/1367/112
f 114/1368/114 113/1369/113 1272/1370/1272
f 1273/1371/1273 113/120/113 111/119/111
f 110/116/110 1273/1372/1273 111/117/111
f 118/1373/118 1274/1374/1274 1275/1375/1275
f 123/1376/123 1276/1377/1276 1277/1378/1277
f 115/122/115 1274/1379/1274 116/123/116
f 1278/1380/1278 115/1381/115 117/1382/117
f 117/1382/117 119/1383/119 1278/1380/1278
f 118/125/118 1275/1384/1275 119/126/119
f 1277/1378/1277 121/1385/121 120/1386/120
f 1279/1387/1279 135/1388/135 1280/1389/1280
f 123/1390/123 120/128/120 122/130/122
f 125/1391/125 129/1392/129 126/1393/126
f 128/142/128 130/141/130 129/1394/129
f 126/135/126 130/1395/130 127/136/127
f 133/145/133 132/144/132 1281/1396/1281
f 131/1397/131 1279/1398/1279 132/1399/132
f 139/1400/139 1282/1401/1282 140/1402/140
f 134/146/134 1280/1403/1280 135/147/135
f 1281/1396/1281 134/1404/134 133/145/133
f 1283/1405/1283 137/1406/137 1282/1401/1282
f 1284/1407/1284 149/1408/149 148/1409/148
f 136/154/136 140/153/140 137/1410/137
f 141/1411/141 146/161/146 142/163/142
f 1285/1412/1285 141/155/141 143/157/143
f 143/160/143 145/159/145 1285/1413/1285
f 144/1414/144 1286/1415/1286 145/1416/145
f 146/1417/146 1286/1415/1286 144/1414/144
f 151/170/151 1287/1418/1287 1284/1419/1284
f 151/1420/151 148/167/148 150/169/150
f 156/1421/156 1288/1422/1288 154/1423/154
f 1289/1424/1289 157/180/157 1288/1425/1288
f 206/229/206 163/186/163 166/189/166
f 155/175/155 154/174/154 157/1426/157
f 123/1427/123 1277/1428/1277 120/1429/120
f 151/1430/151 1284/1431/1284 148/1432/148
f 129/1433/129 130/1434/130 126/1435/126
f 137/1436/137 140/1437/140 1282/1438/1282
f 143/1439/143 142/1440/142 144/1441/144
f 131/1442/131 133/1443/133 135/1444/135
f 157/1445/157 154/1446/154 1288/1447/1288
f 118/1448/118 117/1449/117 116/1450/116
f 111/1451/111 114/1452/114 112/1453/112
f 165/188/165 197/220/197 166/189/166
f 163/186/163 170/193/170 164/187/164
f 169/192/169 540/596/540 170/193/170
f 171/194/171 176/199/176 540/596/540
f 172/195/172 169/192/169 206/229/206
f 185/208/185 174/197/174 178/201/178
f 168/191/168 174/197/174 535/591/535
f 173/196/173 172/195/172 179/202/179
f 178/201/178 182/205/182 185/208/185
f 181/204/181 180/203/180 191/214/191
f 188/211/188 195/218/195 182/205/182
f 230/253/230 217/240/217 218/241/218
f 188/211/188 178/201/178 186/209/186
f 188/211/188 187/210/187 195/218/195
f 191/214/191 190/213/190 181/204/181
f 189/212/189 192/215/192 276/315/276
f 189/212/189 276/315/276 1290/1454/1290
f 195/218/195 194/217/194 183/206/183
f 196/219/196 187/210/187 197/220/197
f 162/1455/162 517/570/517 1291/1456/1291
f 165/188/165 164/187/164 193/216/193
f 193/216/193 164/187/164 194/217/194
f 193/216/193 196/219/196 165/188/165
f 1290/1457/1290 275/313/275 274/312/274
f 200/223/200 199/222/199 201/224/201
f 200/223/200 217/240/217 202/225/202
f 235/258/235 202/225/202 230/253/230
f 198/221/198 166/189/166 199/222/199
f 238/261/238 198/221/198 235/258/235
f 203/226/203 175/198/175 167/190/167
f 167/190/167 159/182/159 203/226/203
f 203/226/203 1292/1458/1292 175/198/175
f 204/227/204 206/229/206 166/189/166
f 237/260/237 204/227/204 238/261/238
f 1292/1458/1292 219/242/219 175/198/175
f 205/228/205 172/195/172 206/229/206
f 222/245/222 207/230/207 205/228/205
f 205/228/205 237/260/237 223/246/223
f 208/231/208 175/198/175 219/242/219
f 209/232/209 180/203/180 179/202/179
f 207/230/207 179/202/179 172/195/172
f 263/295/263 213/236/213 225/248/225
f 205/228/205 223/246/223 222/245/222
f 208/231/208 211/234/211 177/200/177
f 212/235/212 191/214/191 180/203/180
f 209/232/209 222/245/222 213/236/213
f 211/234/211 214/237/214 186/209/186
f 192/215/192 191/214/191 212/235/212
f 217/240/217 200/223/200 201/224/201
f 201/224/201 197/220/197 187/210/187
f 217/240/217 214/237/214 216/239/216
f 222/245/222 224/247/224 225/248/225
f 221/244/221 226/249/226 215/238/215
f 162/185/162 293/1459/293 1293/1460/1293
f 215/238/215 227/250/227 216/239/216
f 212/235/212 263/295/263 192/215/192
f 228/251/228 232/255/232 218/241/218
f 228/251/228 241/264/241 232/255/232
f 224/247/224 261/296/261 225/248/225
f 275/314/275 1290/1454/1290 276/315/276
f 230/253/230 218/241/218 232/255/232
f 231/254/231 232/255/232 241/264/241
f 233/256/233 1292/1458/1292 203/226/203
f 233/256/233 162/185/162 1293/1460/1293
f 229/252/229 235/258/235 230/253/230
f 229/252/229 236/259/236 239/262/239
f 1292/1458/1292 240/263/240 219/242/219
f 234/257/234 238/261/238 235/258/235
f 234/257/234 229/252/229 239/262/239
f 237/260/237 239/262/239 255/285/255
f 237/260/237 255/285/255 224/247/224
f 243/272/243 236/259/236 241/264/241
f 243/267/243 242/266/242 247/273/247
f 242/266/242 272/310/272 247/273/247
f 1293/1461/1293 244/268/244 233/270/233
f 246/271/246 239/262/239 236/259/236
f 246/274/246 247/273/247 251/279/251
f 240/263/240 1292/1458/1292 245/275/245
f 1292/1458/1292 233/256/233 245/275/245
f 245/269/245 249/277/249 248/281/248
f 250/280/250 251/279/251 256/286/256
f 248/276/248 257/288/257 220/243/220
f 220/243/220 240/263/240 248/276/248
f 248/281/248 253/283/253 257/289/257
f 250/278/250 255/285/255 239/262/239
f 254/287/254 256/286/256 302/341/302
f 241/265/241 271/309/271 242/266/242
f 254/284/254 224/247/224 255/285/255
f 254/287/254 302/341/302 260/292/260
f 226/249/226 221/244/221 262/294/262
f 262/1462/262 257/289/257 259/291/259
f 259/291/259 266/303/266 262/1462/262
f 259/291/259 267/301/267 266/303/266
f 261/293/261 260/292/260 264/297/264
f 266/300/266 265/299/265 227/250/227
f 227/250/227 226/249/226 266/300/266
f 267/301/267 271/309/271 265/302/265
f 268/304/268 276/315/276 192/215/192
f 268/306/268 269/305/269 333/372/333
f 333/372/333 275/313/275 268/306/268
f 1291/1456/1291 305/344/305 293/332/293
f 1291/1456/1291 433/472/433 305/344/305
f 281/320/281 282/321/282 284/323/284
f 277/316/277 280/319/280 260/292/260
f 260/292/260 302/341/302 277/316/277
f 277/316/277 301/340/301 278/317/278
f 281/320/281 259/291/259 258/290/258
f 247/273/247 295/334/295 251/279/251
f 284/323/284 283/322/283 1294/1463/1294
f 264/297/264 269/305/269 263/298/263
f 264/297/264 260/292/260 280/319/280
f 269/305/269 280/319/280 285/324/285
f 286/325/286 288/327/288 267/301/267
f 288/327/288 271/309/271 267/301/267
f 284/323/284 1294/1463/1294 289/328/289
f 288/327/288 272/310/272 271/309/271
f 287/326/287 272/310/272 288/327/288
f 287/326/287 284/323/284 290/329/290
f 292/331/292 247/273/247 272/310/272
f 290/329/290 292/331/292 272/310/272
f 244/268/244 1293/1461/1293 293/332/293
f 244/268/244 294/333/294 307/346/307
f 251/279/251 303/342/303 256/286/256
f 291/330/291 296/335/296 295/334/295
f 244/268/244 307/346/307 297/336/297
f 297/336/297 307/346/307 298/337/298
f 303/342/303 296/335/296 278/317/278
f 282/321/282 252/282/252 298/337/298
f 1295/1464/1295 304/343/304 252/282/252
f 304/343/304 253/283/253 252/282/252
f 324/363/324 279/318/279 314/353/314
f 301/340/301 277/316/277 302/341/302
f 1295/1464/1295 281/320/281 304/343/304
f 304/343/304 258/290/258 253/283/253
f 282/321/282 300/339/300 283/322/283
f 296/335/296 289/328/289 308/347/308
f 309/348/309 308/347/308 310/349/310
f 307/346/307 306/345/306 312/351/312
f 299/338/299 309/348/309 311/350/311
f 299/338/299 296/335/296 309/348/309
f 311/350/311 316/355/316 299/338/299
f 320/359/320 283/322/283 300/339/300
f 300/339/300 313/352/313 320/359/320
f 315/354/315 324/363/324 314/353/314
f 314/353/314 299/338/299 315/354/315
f 315/354/315 299/338/299 316/355/316
f 315/354/315 318/357/318 324/363/324
f 319/358/319 325/364/325 283/322/283
f 325/364/325 1294/1463/1294 283/322/283
f 279/318/279 278/317/278 314/353/314
f 326/365/326 330/369/330 325/364/325
f 323/362/323 285/324/285 279/318/279
f 326/365/326 322/361/322 331/370/331
f 285/324/285 334/373/334 269/305/269
f 378/417/378 343/382/343 344/383/344
f 285/324/285 328/367/328 334/373/334
f 330/369/330 289/328/289 1294/1463/1294
f 329/368/329 308/347/308 330/369/330
f 273/311/273 333/372/333 335/374/335
f 310/349/310 332/371/332 346/385/346
f 308/347/308 329/368/329 310/349/310
f 336/375/336 322/361/322 321/360/321
f 336/375/336 357/396/357 337/376/337
f 340/379/340 358/397/358 341/380/341
f 349/388/349 294/333/294 347/386/347
f 305/344/305 433/472/433 388/427/388
f 305/344/305 388/427/388 347/386/347
f 346/385/346 378/417/378 348/387/348
f 323/362/323 358/397/358 340/379/340
f 348/387/348 351/390/351 311/350/311
f 311/350/311 310/349/310 348/387/348
f 312/351/312 350/389/350 356/395/356
f 351/390/351 353/392/353 316/355/316
f 316/355/316 311/350/311 351/390/351
f 352/391/352 365/404/365 353/392/353
f 320/359/320 356/395/356 355/394/355
f 317/356/317 316/355/316 353/392/353
f 353/392/353 368/407/368 317/356/317
f 357/396/357 321/360/321 354/393/354
f 354/393/354 321/360/321 320/359/320
f 354/393/354 355/394/355 357/396/357
f 359/398/359 352/391/352 348/387/348
f 358/397/358 317/356/317 370/409/370
f 370/409/370 317/356/317 368/407/368
f 371/410/371 403/442/403 369/408/369
f 362/401/362 350/389/350 380/419/380
f 352/391/352 361/400/361 363/402/363
f 355/394/355 366/405/366 373/412/373
f 368/407/368 353/392/353 365/404/365
f 373/412/373 357/396/357 355/394/355
f 370/409/370 368/407/368 371/410/371
f 371/410/371 367/406/367 404/443/404
f 341/380/341 403/442/403 374/413/374
f 372/411/372 337/376/337 357/396/357
f 342/381/342 345/384/345 339/378/339
f 375/414/375 344/383/344 338/377/338
f 375/414/375 372/411/372 382/421/382
f 382/421/382 379/418/379 375/414/375
f 422/461/422 386/425/386 417/456/417
f 379/418/379 377/416/377 344/383/344
f 335/374/335 423/462/423 274/312/274
f 423/462/423 335/374/335 376/415/376
f 359/398/359 378/417/378 377/416/377
f 377/416/377 360/399/360 359/398/359
f 1296/1465/1296 342/381/342 374/413/374
f 374/413/374 405/444/405 420/459/420
f 374/413/374 420/459/420 1296/1465/1296
f 1296/1465/1296 376/415/376 342/381/342
f 386/425/386 385/424/385 383/422/383
f 383/422/383 381/420/381 386/425/386
f 391/430/391 377/416/377 383/422/383
f 422/461/422 427/466/427 384/423/384
f 385/424/385 389/428/389 391/430/391
f 391/430/391 390/429/390 360/399/360
f 391/430/391 383/422/383 385/424/385
f 427/466/427 389/428/389 384/423/384
f 361/400/361 360/399/360 390/429/390
f 397/436/397 426/465/426 398/437/398
f 389/428/389 397/436/397 394/433/394
f 364/403/364 397/436/397 1297/1466/1297
f 394/433/394 364/403/364 363/402/363
f 1297/1466/1297 399/438/399 413/452/413
f 399/438/399 409/448/409 412/451/412
f 364/403/364 1297/1466/1297 401/440/401
f 402/441/402 382/421/382 372/411/372
f 402/441/402 373/412/373 400/439/400
f 382/421/382 402/441/402 406/445/406
f 406/445/406 418/457/418 381/420/381
f 398/437/398 407/446/407 409/448/409
f 413/452/413 401/440/401 1297/1466/1297
f 400/439/400 395/434/395 396/435/396
f 396/435/396 411/450/411 400/439/400
f 413/452/413 412/451/412 414/453/414
f 406/445/406 400/439/400 411/450/411
f 411/450/411 419/458/419 406/445/406
f 451/490/451 425/464/425 421/460/421
f 418/457/418 417/456/417 381/420/381
f 418/457/418 406/445/406 419/458/419
f 386/425/386 381/420/381 417/456/417
f 424/463/424 376/415/376 1296/1465/1296
f 1296/1465/1296 420/459/420 424/463/424
f 422/461/422 425/464/425 427/466/427
f 425/464/425 407/446/407 426/465/426
f 396/435/396 380/419/380 429/468/429
f 431/470/431 424/463/424 420/459/420
f 429/468/429 476/515/476 441/480/441
f 437/476/437 451/490/451 452/491/452
f 452/491/452 468/507/468 437/476/437
f 387/426/387 388/427/388 433/472/433
f 428/467/428 425/464/425 437/476/437
f 435/474/435 476/515/476 393/432/393
f 436/475/436 407/446/407 428/467/428
f 437/476/437 468/507/468 438/477/438
f 436/475/436 438/477/438 408/447/408
f 409/448/409 445/484/445 412/451/412
f 443/482/443 419/458/419 410/449/410
f 440/479/440 409/448/409 408/447/408
f 429/468/429 443/482/443 410/449/410
f 445/484/445 440/479/440 447/486/447
f 440/479/440 439/478/439 447/486/447
f 442/481/442 492/538/492 457/496/457
f 419/458/419 411/450/411 410/449/410
f 443/482/443 446/485/446 448/487/448
f 444/483/444 414/453/414 412/451/412
f 414/453/414 444/483/444 450/489/450
f 416/455/416 419/458/419 446/485/446
f 430/469/430 420/459/420 401/440/401
f 430/469/430 401/440/401 415/454/415
f 449/488/449 456/495/456 463/502/463
f 492/538/492 458/497/458 457/496/457
f 453/492/453 447/486/447 439/478/439
f 442/481/442 456/495/456 446/485/446
f 455/494/455 442/481/442 457/496/457
f 459/498/459 1298/1467/1298 455/494/455
f 460/499/460 444/483/444 447/486/447
f 1299/1468/1299 464/503/464 471/510/471
f 464/503/464 455/494/455 1298/1467/1298
f 1298/1467/1298 495/545/495 464/503/464
f 450/489/450 461/500/461 466/505/466
f 462/501/462 1299/1468/1299 463/502/463
f 452/491/452 449/488/449 463/502/463
f 471/510/471 495/545/495 469/508/469
f 467/506/467 471/510/471 470/509/470
f 465/504/465 431/470/431 430/469/430
f 467/506/467 463/502/463 1299/1468/1299
f 470/509/470 472/511/472 467/506/467
f 432/471/432 274/312/274 423/462/423
f 474/513/474 438/477/438 472/511/472
f 461/500/461 1300/1469/1300 498/549/498
f 470/509/470 481/520/481 473/512/473
f 435/474/435 387/426/387 434/473/434
f 435/474/435 477/516/477 476/515/476
f 474/513/474 473/512/473 481/520/481
f 438/477/438 474/513/474 478/517/478
f 475/514/475 492/538/492 441/480/441
f 482/544/482 480/519/480 469/508/469
f 469/508/469 481/520/481 470/509/470
f 485/1470/485 274/312/274 432/471/432
f 484/523/484 519/575/519 480/524/480
f 487/529/487 435/474/435 434/473/434
f 477/531/477 487/571/487 489/532/489
f 486/528/486 479/518/479 474/513/474
f 488/535/488 480/524/480 519/575/519
f 519/575/519 490/536/490 488/535/488
f 493/539/493 492/538/492 475/514/475
f 475/533/475 489/532/489 493/1471/493
f 478/517/478 474/513/474 479/518/479
f 490/536/490 503/554/503 491/537/491
f 505/1472/505 458/497/458 493/539/493
f 491/540/491 502/1473/502 454/493/454
f 454/493/454 453/492/453 491/540/491
f 458/541/458 505/556/505 494/542/494
f 502/1473/502 460/499/460 454/493/454
f 494/1474/494 1298/1467/1298 459/498/459
f 496/546/496 495/545/495 1298/1467/1298
f 526/582/526 501/552/501 503/554/503
f 496/548/496 497/547/497 512/565/512
f 498/549/498 499/550/499 466/505/466
f 482/521/482 496/548/496 483/522/483
f 496/548/496 512/565/512 483/522/483
f 498/1475/498 501/552/501 509/560/509
f 504/555/504 494/542/494 505/556/505
f 504/555/504 506/557/506 528/584/528
f 504/555/504 528/584/528 510/561/510
f 516/569/516 534/590/534 522/578/522
f 1300/1476/1300 502/553/502 501/552/501
f 512/565/512 497/547/497 514/567/514
f 497/547/497 510/561/510 514/567/514
f 499/564/499 498/1475/498 509/560/509
f 483/522/483 513/566/513 534/590/534
f 516/569/516 519/575/519 484/523/484
f 485/527/485 465/526/465 515/568/515
f 161/184/161 489/532/489 487/571/487
f 503/554/503 520/576/520 526/582/526
f 509/560/509 529/585/529 537/593/537
f 506/557/506 505/556/505 489/532/489
f 489/532/489 505/556/505 493/1471/493
f 485/527/485 515/568/515 190/213/190
f 161/184/161 487/571/487 517/573/517
f 524/580/524 518/574/518 516/569/516
f 161/184/161 160/183/160 506/557/506
f 525/581/525 530/586/530 526/582/526
f 520/576/520 523/579/523 525/581/525
f 507/558/507 526/582/526 530/586/530
f 528/584/528 527/583/527 531/587/531
f 532/588/532 535/591/535 185/208/185
f 537/593/537 529/585/529 176/199/176
f 511/562/511 509/560/509 537/593/537
f 511/562/511 537/593/537 536/592/536
f 515/568/515 500/563/500 511/562/511
f 536/592/536 173/196/173 179/202/179
f 189/212/189 485/527/485 190/213/190
f 536/592/536 179/202/179 181/204/181
f 532/588/532 513/566/513 510/561/510
f 533/589/533 184/207/184 183/206/183
f 538/594/538 522/578/522 534/590/534
f 538/594/538 534/590/534 533/589/533
f 538/594/538 183/206/183 194/217/194
f 517/570/517 433/472/433 1291/1456/1291
f 485/1470/485 1290/1457/1290 274/312/274
f 557/613/557 550/606/550 553/609/553
f 524/580/524 521/577/521 538/594/538
f 524/580/524 194/217/194 539/595/539
f 539/595/539 164/187/164 170/193/170
f 170/193/170 176/199/176 529/585/529
f 529/585/529 530/586/530 170/193/170
f 546/602/546 545/601/545 921/1006/921
f 544/600/544 546/602/546 551/607/551
f 544/600/544 551/607/551 574/630/574
f 543/599/543 548/604/548 541/597/541
f 551/607/551 550/606/550 582/638/582
f 552/608/552 550/606/550 549/605/549
f 917/1001/917 555/611/555 554/610/554
f 548/604/548 547/603/547 554/610/554
f 566/622/566 560/616/560 917/1001/917
f 555/611/555 561/617/561 556/612/556
f 562/618/562 558/614/558 918/1002/918
f 560/616/560 567/623/567 561/617/561
f 567/623/567 596/652/596 568/624/568
f 573/629/573 564/620/564 545/601/545
f 596/652/596 573/629/573 575/631/575
f 1301/1477/1301 579/635/579 574/630/574
f 571/627/571 921/1006/921 545/601/545
f 573/629/573 544/600/544 575/631/575
f 572/1478/572 581/738/581 669/740/669
f 669/740/669 803/874/803 572/1478/572
f 576/1004/576 578/1479/578 569/625/569
f 600/656/600 1301/1477/1301 614/670/614
f 1302/1480/1302 601/657/601 600/656/600
f 585/641/585 1301/1477/1301 583/639/583
f 600/656/600 614/670/614 1302/1480/1302
f 574/630/574 583/639/583 1301/1477/1301
f 574/630/574 551/607/551 583/639/583
f 579/635/579 599/655/599 597/653/597
f 586/642/586 580/636/580 556/612/556
f 580/636/580 541/597/541 548/604/548
f 582/638/582 557/613/557 584/640/584
f 590/646/590 585/641/585 584/640/584
f 584/640/584 588/644/588 589/645/589
f 557/613/557 559/615/559 588/644/588
f 588/644/588 559/615/559 591/647/591
f 559/615/559 562/618/562 605/661/605
f 605/661/605 591/647/591 559/615/559
f 595/651/595 568/624/568 597/653/597
f 593/649/593 561/617/561 568/624/568
f 595/651/595 598/654/598 593/649/593
f 607/663/607 569/625/569 578/1479/578
f 607/663/607 562/618/562 569/625/569
f 607/663/607 605/661/605 562/618/562
f 579/635/579 596/652/596 575/631/575
f 602/658/602 641/705/641 633/695/633
f 599/655/599 601/657/601 598/654/598
f 1303/1481/1303 600/656/600 599/655/599
f 602/658/602 592/648/592 594/650/594
f 592/648/592 602/658/602 626/683/626
f 602/658/602 633/695/633 626/683/626
f 591/647/591 638/701/638 589/645/589
f 638/701/638 591/647/591 636/699/636
f 610/666/610 594/650/594 598/654/598
f 604/660/604 636/699/636 591/647/591
f 603/659/603 642/706/642 641/705/641
f 601/657/601 610/666/610 598/654/598
f 610/666/610 609/665/609 642/706/642
f 607/663/607 578/1479/578 606/662/606
f 601/657/601 1304/1482/1304 608/664/608
f 608/664/608 1305/1483/1305 609/665/609
f 1304/1482/1304 1305/1483/1305 608/664/608
f 614/670/614 1304/1482/1304 1302/1480/1302
f 611/667/611 580/636/580 586/642/586
f 1304/1482/1304 622/678/622 624/681/624
f 638/701/638 590/646/590 589/645/589
f 613/669/613 590/646/590 615/671/615
f 616/672/616 622/678/622 613/669/613
f 612/668/612 586/642/586 587/643/587
f 592/648/592 626/683/626 612/668/612
f 1305/1483/1305 619/1484/619 618/717/618
f 637/700/637 616/672/616 615/671/615
f 615/671/615 638/701/638 637/700/637
f 637/700/637 628/1485/628 616/672/616
f 617/673/617 620/676/620 670/741/670
f 611/686/611 627/685/627 621/739/621
f 620/680/620 619/1484/619 624/681/624
f 629/689/629 670/741/670 620/676/620
f 620/676/620 623/687/623 629/689/629
f 625/684/625 631/691/631 627/685/627
f 623/679/623 616/672/616 628/1485/628
f 629/689/629 628/688/628 679/750/679
f 626/693/626 630/690/630 625/684/625
f 632/692/632 635/698/635 630/690/630
f 628/688/628 684/755/684 679/750/679
f 653/722/653 657/726/657 654/723/654
f 632/694/632 626/683/626 633/695/633
f 634/697/634 654/723/654 635/698/635
f 636/699/636 640/1486/640 637/700/637
f 639/702/639 684/755/684 640/703/640
f 634/696/634 633/695/633 641/705/641
f 634/697/634 655/724/655 654/723/654
f 642/712/642 655/724/655 634/697/634
f 604/660/604 605/661/605 643/707/643
f 644/1487/644 639/702/639 636/704/636
f 642/712/642 646/711/646 655/724/655
f 645/710/645 649/718/649 646/711/646
f 606/662/606 578/1479/578 648/1488/648
f 606/662/606 643/707/643 605/661/605
f 618/717/618 609/665/609 1305/1483/1305
f 618/674/618 617/673/617 649/718/649
f 650/719/650 639/702/639 663/732/663
f 650/719/650 652/721/652 639/702/639
f 652/721/652 684/755/684 639/702/639
f 643/714/643 663/732/663 644/1487/644
f 656/725/656 660/729/660 657/726/657
f 646/711/646 653/722/653 655/724/655
f 663/732/663 639/702/639 644/1487/644
f 663/732/663 662/731/662 650/719/650
f 646/711/646 649/718/649 664/733/664
f 672/743/672 656/725/656 658/727/658
f 647/713/647 666/735/666 662/731/662
f 648/716/648 726/797/726 666/735/666
f 664/733/664 667/736/667 672/743/672
f 649/718/649 617/673/617 667/736/667
f 672/743/672 658/727/658 664/733/664
f 726/797/726 577/633/577 727/798/727
f 669/740/669 621/739/621 675/746/675
f 665/734/665 674/745/674 680/751/680
f 667/736/667 671/742/671 673/744/673
f 673/744/673 672/743/672 667/736/667
f 697/768/697 705/776/705 739/810/739
f 674/745/674 671/742/671 676/747/676
f 674/745/674 673/744/673 671/742/671
f 677/748/677 675/746/675 627/685/627
f 677/748/677 631/691/631 683/754/683
f 678/749/678 676/747/676 679/750/679
f 680/751/680 681/752/681 688/759/688
f 630/690/630 635/698/635 682/753/682
f 683/754/683 660/729/660 689/760/689
f 652/721/652 651/720/651 678/749/678
f 635/698/635 654/723/654 657/726/657
f 657/726/657 682/753/682 635/698/635
f 659/728/659 689/760/689 660/729/660
f 685/756/685 713/784/713 675/746/675
f 715/786/715 714/785/714 688/759/688
f 714/785/714 680/751/680 688/759/688
f 688/759/688 687/758/687 715/786/715
f 685/756/685 683/754/683 691/762/691
f 683/754/683 689/760/689 691/762/691
f 691/762/691 732/803/732 685/756/685
f 686/757/686 688/759/688 681/752/681
f 686/757/686 734/805/734 687/758/687
f 686/757/686 695/766/695 734/805/734
f 692/763/692 690/761/690 697/768/697
f 702/773/702 693/764/693 694/765/694
f 693/764/693 702/773/702 695/766/695
f 702/773/702 701/772/701 695/766/695
f 690/761/690 696/767/696 698/769/698
f 708/779/708 719/790/719 699/770/699
f 694/765/694 681/752/681 651/720/651
f 694/765/694 700/771/700 702/773/702
f 696/767/696 703/774/703 706/777/706
f 659/728/659 661/730/661 703/774/703
f 706/777/706 698/769/698 696/767/696
f 706/777/706 705/776/705 698/769/698
f 706/777/706 710/781/710 707/778/707
f 666/735/666 722/793/722 708/779/708
f 661/730/661 665/734/665 703/774/703
f 710/781/710 706/777/706 703/774/703
f 712/783/712 703/774/703 665/734/665
f 713/784/713 803/874/803 669/740/669
f 714/785/714 665/734/665 680/751/680
f 714/785/714 712/783/712 665/734/665
f 709/780/709 714/785/714 715/786/715
f 704/775/704 707/778/707 716/787/716
f 701/772/701 738/809/738 695/766/695
f 719/790/719 720/791/720 718/789/718
f 722/793/722 728/799/728 720/791/720
f 724/795/724 716/787/716 707/778/707
f 725/796/725 666/735/666 726/797/726
f 723/794/723 729/800/729 730/801/730
f 715/786/715 729/800/729 711/782/711
f 687/758/687 731/802/731 729/800/729
f 687/758/687 735/806/735 731/802/731
f 692/763/692 732/803/732 691/762/691
f 737/808/737 748/819/748 732/803/732
f 738/809/738 749/820/749 735/806/735
f 738/809/738 742/813/742 749/820/749
f 740/811/740 739/810/739 752/823/752
f 741/812/741 701/772/701 1306/1489/1306
f 760/831/760 730/801/730 1307/1490/1307
f 705/776/705 704/775/704 717/788/717
f 717/788/717 752/823/752 739/810/739
f 718/789/718 700/771/700 699/770/699
f 1306/1489/1306 701/772/701 700/771/700
f 700/771/700 743/814/743 1306/1489/1306
f 1306/1489/1306 743/814/743 741/812/741
f 718/789/718 721/792/721 743/814/743
f 745/816/745 731/802/731 735/806/735
f 735/806/735 750/821/750 744/815/744
f 737/808/737 736/807/736 746/817/746
f 749/820/749 742/813/742 750/821/750
f 740/811/740 746/817/746 736/807/736
f 756/827/756 743/814/743 721/792/721
f 751/822/751 741/812/741 755/826/755
f 756/827/756 765/836/765 755/826/755
f 717/788/717 716/787/716 757/828/757
f 757/828/757 752/823/752 717/788/717
f 759/830/759 720/791/720 728/799/728
f 758/829/758 765/836/765 756/827/756
f 1308/1491/1308 753/824/753 757/828/757
f 757/828/757 760/831/760 1308/1491/1308
f 728/799/728 725/796/725 727/798/727
f 728/799/728 762/833/762 759/830/759
f 770/841/770 1307/1490/1307 773/844/773
f 760/831/760 770/841/770 1308/1491/1308
f 773/844/773 745/816/745 744/815/744
f 727/798/727 761/832/761 728/799/728
f 1307/1490/1307 730/801/730 745/816/745
f 781/852/781 779/850/779 750/821/750
f 758/829/758 759/830/759 763/834/763
f 766/837/766 785/856/785 764/835/764
f 769/840/769 753/824/753 1308/1491/1308
f 767/838/767 769/840/769 770/841/770
f 769/840/769 1308/1491/1308 770/841/770
f 803/874/803 713/784/713 733/804/733
f 774/845/774 773/844/773 744/815/744
f 771/842/771 770/841/770 773/844/773
f 776/847/776 748/819/748 747/818/747
f 778/849/778 744/815/744 750/821/750
f 792/863/792 746/817/746 1309/1492/1309
f 778/849/778 780/851/780 775/846/775
f 779/850/779 782/853/782 780/851/780
f 1309/1492/1309 740/811/740 752/823/752
f 1309/1492/1309 752/823/752 754/825/754
f 1309/1492/1309 746/817/746 740/811/740
f 1309/1492/1309 1310/1493/1310 792/863/792
f 754/825/754 1310/1493/1310 1309/1492/1309
f 781/852/781 742/813/742 751/822/751
f 828/899/828 772/843/772 800/871/800
f 786/857/786 754/825/754 753/824/753
f 754/825/754 786/857/786 1310/1493/1310
f 755/826/755 765/836/765 784/855/784
f 755/826/755 781/852/781 751/822/751
f 784/855/784 764/835/764 785/856/785
f 790/861/790 775/846/775 788/859/788
f 793/864/793 792/863/792 1310/1493/1310
f 1310/1493/1310 795/866/795 793/864/793
f 795/866/795 819/890/819 793/864/793
f 795/866/795 1310/1493/1310 786/857/786
f 795/866/795 797/868/797 819/890/819
f 768/839/768 796/867/796 795/866/795
f 783/854/783 785/856/785 798/869/798
f 798/869/798 782/853/782 783/854/783
f 768/839/768 828/899/828 796/867/796
f 766/837/766 798/869/798 785/856/785
f 762/833/762 1311/1494/1311 1312/1495/1312
f 800/871/800 772/843/772 771/842/771
f 800/871/800 802/873/802 809/880/809
f 792/863/792 806/877/806 746/817/746
f 801/872/801 771/842/771 775/846/775
f 804/875/804 805/876/805 802/873/802
f 841/912/841 832/903/832 837/908/837
f 806/877/806 747/818/747 746/817/746
f 766/837/766 762/833/762 1312/1495/1312
f 1312/1495/1312 826/897/826 766/837/766
f 807/878/807 809/880/809 802/873/802
f 1313/1496/1313 803/874/803 777/848/777
f 847/918/847 777/848/777 811/882/811
f 1313/1496/1313 777/848/777 847/918/847
f 812/883/812 790/861/790 814/885/814
f 812/883/812 807/878/807 802/873/802
f 812/883/812 810/881/810 807/878/807
f 811/882/811 776/847/776 806/877/806
f 814/885/814 789/860/789 817/888/817
f 787/858/787 799/870/799 820/891/820
f 789/860/789 820/891/820 821/892/821
f 819/890/819 822/893/822 815/886/815
f 822/893/822 825/896/825 823/894/823
f 799/870/799 794/865/794 824/895/824
f 825/896/825 796/867/796 828/899/828
f 822/893/822 797/868/797 796/867/796
f 828/899/828 829/900/829 825/896/825
f 826/897/826 824/895/824 794/865/794
f 830/901/830 815/886/815 823/894/823
f 830/901/830 870/946/870 866/941/866
f 830/901/830 834/905/834 870/946/870
f 833/904/833 830/901/830 832/903/832
f 832/903/832 823/894/823 825/896/825
f 833/904/833 835/906/835 834/905/834
f 835/906/835 879/958/879 836/907/836
f 875/953/875 821/892/821 820/891/820
f 820/891/820 824/895/824 875/953/875
f 832/903/832 825/896/825 829/900/829
f 835/906/835 841/912/841 838/909/838
f 835/906/835 839/910/839 879/958/879
f 838/909/838 842/913/842 845/916/845
f 827/898/827 875/953/875 824/895/824
f 837/908/837 829/900/829 808/879/808
f 845/916/845 858/929/858 856/927/856
f 845/916/845 856/927/856 838/909/838
f 1312/1495/1312 840/911/840 826/897/826
f 843/914/843 808/879/808 810/881/810
f 842/913/842 837/908/837 843/914/843
f 1313/1496/1313 892/975/892 803/874/803
f 1313/1496/1313 863/1497/863 891/973/891
f 1311/1494/1311 761/832/761 915/1498/915
f 761/832/761 577/633/577 915/1498/915
f 844/915/844 843/914/843 846/917/846
f 844/915/844 851/922/851 858/929/858
f 863/1497/863 848/919/848 850/921/850
f 852/923/852 813/884/813 818/889/818
f 813/884/813 814/885/814 818/889/818
f 846/917/846 851/922/851 844/915/844
f 1311/1494/1311 914/1499/914 1312/1495/1312
f 848/919/848 811/882/811 816/887/816
f 830/901/830 866/941/866 849/920/849
f 818/889/818 817/888/817 831/902/831
f 818/889/818 831/902/831 852/923/852
f 855/930/855 857/1500/857 859/931/859
f 859/931/859 861/940/861 865/939/865
f 857/928/857 858/929/858 851/922/851
f 874/1501/874 883/963/883 877/1502/877
f 861/933/861 851/922/851 853/924/853
f 864/938/864 869/945/869 865/939/865
f 850/934/850 867/947/867 872/949/872
f 850/934/850 872/949/872 862/935/862
f 864/937/864 853/924/853 854/925/854
f 853/924/853 852/923/852 854/925/854
f 870/946/870 834/905/834 867/942/867
f 867/942/867 834/905/834 871/1503/871
f 868/943/868 831/902/831 877/955/877
f 877/955/877 831/902/831 821/892/821
f 868/943/868 854/925/854 831/902/831
f 836/907/836 879/958/879 873/957/873
f 836/907/836 871/1503/871 834/905/834
f 874/952/874 821/892/821 875/953/875
f 880/960/880 1314/1504/1314 873/951/873
f 881/961/881 827/898/827 840/911/840
f 876/954/876 875/953/875 827/898/827
f 855/926/855 838/909/838 856/927/856
f 914/1499/914 840/911/840 1312/1495/1312
f 840/1505/840 888/970/888 881/969/881
f 883/963/883 868/944/868 877/1502/877
f 883/963/883 885/965/885 884/964/884
f 871/948/871 873/951/873 1314/1504/1314
f 1314/1504/1314 902/986/902 871/948/871
f 902/986/902 1314/1504/1314 1315/1506/1315
f 885/965/885 874/1501/874 876/966/876
f 897/981/897 890/972/890 898/982/898
f 1314/1504/1314 880/960/880 1315/1506/1315
f 887/968/887 876/966/876 881/969/881
f 889/971/889 1315/1506/1315 880/960/880
f 889/971/889 860/932/860 897/981/897
f 888/970/888 840/1505/840 914/998/914
f 869/945/869 893/976/893 865/939/865
f 890/972/890 859/931/859 865/939/865
f 890/972/890 893/976/893 898/982/898
f 911/995/911 918/1002/918 910/994/910
f 882/962/882 895/978/895 894/977/894
f 872/949/872 871/948/871 902/986/902
f 902/986/902 862/935/862 872/949/872
f 572/1478/572 803/874/803 892/975/892
f 862/935/862 542/598/542 863/936/863
f 900/984/900 893/976/893 894/977/894
f 900/984/900 899/983/899 898/982/898
f 901/985/901 542/598/542 862/935/862
f 905/989/905 895/978/895 884/964/884
f 905/989/905 920/1005/920 895/978/895
f 895/978/895 920/1005/920 900/984/900
f 907/991/907 547/603/547 901/985/901
f 903/987/903 884/964/884 885/965/885
f 905/989/905 884/964/884 903/987/903
f 905/989/905 904/988/904 922/1007/922
f 902/986/902 1315/1506/1315 908/992/908
f 908/992/908 901/985/901 902/986/902
f 906/990/906 885/965/885 886/967/886
f 906/990/906 552/608/552 904/988/904
f 913/997/913 908/992/908 1315/1506/1315
f 913/997/913 917/1001/917 908/992/908
f 910/994/910 887/968/887 888/970/888
f 909/993/909 887/968/887 910/994/910
f 909/993/909 886/967/886 887/968/887
f 889/971/889 913/997/913 1315/1506/1315
f 911/995/911 888/970/888 914/998/914
f 907/991/907 554/610/554 547/603/547
f 554/610/554 908/992/908 917/1001/917
f 896/980/896 919/1003/919 897/981/897
f 909/993/909 918/1002/918 558/614/558
f 912/996/912 889/971/889 916/1000/916
f 912/996/912 566/622/566 917/1001/917
f 912/996/912 916/1000/916 566/622/566
f 571/627/571 566/622/566 916/1000/916
f 916/1000/916 919/1003/919 571/627/571
f 576/632/576 915/1498/915 577/633/577
f 921/1006/921 919/1003/919 899/983/899
f 1316/1507/1316 1317/1508/1317 1318/1509/1318
f 921/1006/921 920/1005/920 546/602/546
f 904/988/904 549/605/549 922/1007/922
f 930/1015/930 1319/1510/1319 935/1020/935
f 934/1019/934 926/1011/926 1320/1511/1320
f 1319/1510/1319 1318/1509/1318 935/1020/935
f 930/1015/930 935/1020/935 931/1016/931
f 1321/1512/1321 1316/1507/1316 1318/1509/1318
f 923/1008/923 925/1010/925 933/1018/933
f 1317/1508/1317 928/1013/928 927/1012/927
f 1320/1511/1320 933/1018/933 934/1019/934
f 936/1021/936 1318/1509/1318 944/1029/944
f 944/1029/944 1317/1508/1317 939/1024/939
f 1317/1508/1317 927/1012/927 939/1024/939
f 938/1023/938 934/1019/934 932/1017/932
f 948/1033/948 925/1010/925 941/1026/941
f 931/1016/931 935/1020/935 937/1022/937
f 944/1029/944 943/1028/943 1322/1513/1322
f 945/1030/945 938/1023/938 932/1017/932
f 936/1021/936 944/1029/944 1322/1513/1322
f 932/1017/932 948/1033/948 945/1030/945
f 937/1022/937 936/1021/936 1322/1513/1322
f 946/1031/946 948/1033/948 947/1032/947
f 1323/1514/1323 1322/1513/1322 956/1041/956
f 954/1039/954 1322/1513/1322 943/1028/943
f 943/1028/943 949/1034/949 954/1039/954
f 940/1025/940 937/1022/937 1323/1514/1323
f 1324/1515/1324 1323/1514/1323 956/1041/956
f 942/1027/942 946/1031/946 949/1034/949
f 947/1032/947 941/1026/941 953/1038/953
f 956/1041/956 955/1040/955 1324/1515/1324
f 949/1034/949 952/1037/952 960/1045/960
f 960/1045/960 954/1039/954 949/1034/949
f 950/1035/950 1323/1514/1323 963/1048/963
f 957/1042/957 951/1036/951 959/1044/959
f 949/1034/949 946/1031/946 952/1037/952
f 961/1046/961 955/1040/955 1325/1516/1325
f 1325/1516/1325 960/1045/960 958/1043/958
f 951/1036/951 947/1032/947 959/1044/959
f 1324/1515/1324 961/1046/961 963/1048/963
f 1326/1517/1326 1325/1516/1325 958/1043/958
f 970/1055/970 957/1042/957 959/1044/959
f 950/1035/950 962/1047/962 966/1051/966
f 970/1055/970 953/1038/953 964/1049/964
f 961/1046/961 1327/1518/1327 962/1047/962
f 1328/1519/1328 1327/1518/1327 1329/1520/1329
f 958/1043/958 965/1050/965 1326/1517/1326
f 1326/1517/1326 968/1053/968 1330/1521/1330
f 1331/1522/1331 1326/1517/1326 1330/1521/1330
f 970/1055/970 969/1054/969 1332/1523/1332
f 962/1047/962 1328/1519/1328 1333/1524/1333
f 965/1050/965 1332/1523/1332 967/1052/967
f 979/1064/979 985/1070/985 1334/1525/1334
f 962/1047/962 1333/1524/1333 966/1051/966
f 1327/1518/1327 1331/1522/1331 1329/1520/1329
f 987/1072/987 981/1066/981 980/1065/980
f 973/1058/973 978/1063/978 977/1062/977
f 990/1075/990 972/1057/972 971/1056/971
f 984/1069/984 975/1060/975 974/1059/974
f 982/1067/982 985/1070/985 980/1065/980
f 1335/1526/1335 984/1069/984 974/1059/974
f 978/1063/978 994/1079/994 996/1081/996
f 985/1070/985 996/1081/996 986/1071/986
f 972/1057/972 997/1082/997 994/1079/994
f 987/1072/987 993/1078/993 983/1068/983
f 972/1057/972 989/1074/989 997/1082/997
f 975/1060/975 1003/1088/1003 991/1076/991
f 980/1065/980 986/1071/986 993/1078/993
f 996/1081/996 995/1080/995 998/1083/998
f 1000/1085/1000 993/1078/993 992/1077/992
f 986/1071/986 998/1083/998 992/1077/992
f 983/1068/983 1000/1085/1000 1003/1088/1003
f 1000/1085/1000 1002/1087/1002 1003/1088/1003
f 995/1080/995 1336/1527/1336 1337/1528/1337
f 1336/1527/1336 989/1074/989 1001/1086/1001
f 1338/1529/1338 995/1080/995 1337/1528/1337
f 1004/1089/1004 998/1083/998 1338/1529/1338
f 1004/1089/1004 999/1084/999 992/1077/992
f 1004/1089/1004 1012/1097/1012 1005/1090/1005
f 1002/1087/1002 1014/1099/1014 991/1076/991
f 1002/1087/1002 1007/1092/1007 1014/1099/1014
f 1013/1098/1013 1336/1527/1336 1009/1094/1009
f 1338/1529/1338 1013/1098/1013 1012/1097/1012
f 999/1084/999 1005/1090/1005 1007/1092/1007
f 1001/1086/1001 1009/1094/1009 1336/1527/1336
f 1021/1106/1021 1006/1091/1006 1339/1530/1339
f 1005/1090/1005 1015/1100/1015 1006/1091/1006
f 1017/1102/1017 1011/1096/1011 1013/1098/1013
f 1009/1094/1009 1017/1102/1017 1013/1098/1013
f 1011/1096/1011 1015/1100/1015 1012/1097/1012
f 1017/1102/1017 1022/1107/1022 1018/1103/1018
f 1006/1091/1006 1340/1531/1340 1339/1530/1339
f 1008/1093/1008 1022/1107/1022 1009/1094/1009
f 1011/1096/1011 1018/1103/1018 1016/1101/1016
f 1341/1532/1341 1340/1531/1340 1342/1533/1342
f 1014/1099/1014 1021/1106/1021 1010/1095/1010
f 1016/1101/1016 1340/1531/1340 1015/1100/1015
f 1340/1531/1340 1343/1534/1343 1342/1533/1342
f 1344/1535/1344 1345/1536/1345 1018/1103/1018
f 1021/1106/1021 1346/1537/1346 1020/1105/1020
f 1022/1107/1022 1344/1535/1344 1018/1103/1018
f 1016/1101/1016 1345/1536/1345 1347/1538/1347
f 1016/1101/1016 1347/1538/1347 1343/1534/1343
f 1341/1532/1341 1346/1537/1346 1339/1530/1339
f 1348/1539/1348 1349/1540/1349 1350/1541/1350
f 1351/1542/1351 1352/1543/1352 1353/1544/1353
f 1354/1545/1354 1349/1540/1349 1355/1546/1355
f 1353/1544/1353 1356/1547/1356 1357/1548/1357
f 1358/1549/1358 1359/1550/1359 1354/1545/1354
f 1360/1551/1360 1361/1552/1361 1362/1553/1362
f 1357/1548/1357 1363/1554/1363 1364/1555/1364
f 1365/1556/1365 1366/1557/1366 1358/1549/1358
f 1362/1553/1362 1367/1558/1367 1368/1559/1368
f 1369/1560/1369 1370/1561/1370 1365/1556/1365
f 1368/1559/1368 1371/1562/1371 1372/1563/1372
f 1369/1560/1369 1373/1564/1373 1374/1565/1374
f 1372/1563/1372 1375/1566/1375 1376/1567/1376
f 1377/1568/1377 1378/1569/1378 1360/1551/1360
f 1379/1570/1379 1380/1571/1380 1373/1564/1373
f 1376/1567/1376 1381/1572/1381 1382/1573/1382
f 1383/1574/1383 1384/1575/1384 1380/1571/1380
f 1385/1576/1385 1381/1572/1381 1386/1577/1386
f 1387/1578/1387 1388/1579/1388 1384/1575/1384
f 1389/1580/1389 1386/1577/1386 1390/1581/1390
f 1391/1582/1391 1392/1583/1392 1393/1584/1393
f 1394/1585/1394 1363/1554/1363 1388/1579/1388
f 1395/1586/1395 1390/1581/1390 1396/1587/1396
f 1397/1588/1397 1398/1589/1398 1392/1583/1392
f 1399/1590/1399 1396/1587/1396 1400/1591/1400
f 1401/1592/1401 1402/1593/1402 1398/1589/1398
f 1377/1594/1377 1393/1584/1393 1403/1595/1403
f 1404/1596/1404 1400/1591/1400 1405/1597/1405
f 1406/1598/1406 1407/1599/1407 1402/1593/1402
f 1404/1596/1404 1408/1600/1408 1409/1601/1409
f 1410/1602/1410 1350/1541/1350 1407/1599/1407
f 1409/1601/1409 1411/1603/1411 1351/1542/1351
f 1412/1604/1412 1413/1605/1413 1414/1606/1414
f 1415/1607/1415 1416/1608/1416 1413/1605/1413
f 1417/1609/1417 1418/1610/1418 1416/1608/1416
f 1419/1611/1419 1420/1612/1420 1418/1610/1418
f 1421/1613/1421 1422/1614/1422 1420/1612/1420
f 1422/1614/1422 1423/1615/1423 1424/1616/1424
f 1424/1616/1424 1425/1617/1425 1426/1618/1426
f 1426/1618/1426 1427/1619/1427 1428/1620/1428
f 1428/1620/1428 1429/1621/1429 1430/1622/1430
f 1430/1622/1430 1431/1623/1431 1432/1624/1432
f 1432/1624/1432 1433/1625/1433 1434/1626/1434
f 1434/1626/1434 1409/1601/1409 1351/1542/1351
f 1435/1627/1435 1436/1628/1436 1437/1629/1437
f 1437/1629/1437 1438/1630/1438 1439/1631/1439
f 1439/1631/1439 1440/1632/1440 1441/1633/1441
f 1440/1632/1440 1442/1634/1442 1441/1633/1441
f 1442/1634/1442 1443/1635/1443 1444/1636/1444
f 1443/1635/1443 1445/1637/1445 1444/1636/1444
f 1446/1638/1446 1447/1639/1447 1445/1637/1445
f 1448/1640/1448 1449/1641/1449 1447/1639/1447
f 1450/1642/1450 1451/1643/1451 1449/1641/1449
f 1452/1644/1452 1453/1645/1453 1451/1643/1451
f 1454/1646/1454 1455/1647/1455 1453/1645/1453
f 1455/1647/1455 1348/1539/1348 1410/1602/1410
f 1456/1648/1456 1415/1607/1415 1412/1604/1412
f 1457/1649/1457 1417/1609/1417 1415/1607/1415
f 1458/1650/1458 1419/1611/1419 1417/1609/1417
f 1459/1651/1459 1421/1613/1421 1419/1611/1419
f 1460/1652/1460 1461/1653/1461 1421/1613/1421
f 1462/1654/1462 1423/1615/1423 1461/1653/1461
f 1463/1655/1463 1425/1617/1425 1423/1615/1423
f 1464/1656/1464 1427/1619/1427 1425/1617/1425
f 1465/1657/1465 1429/1621/1429 1427/1619/1427
f 1466/1658/1466 1431/1623/1431 1429/1621/1429
f 1467/1659/1467 1433/1625/1433 1431/1623/1431
f 1468/1660/1468 1409/1601/1409 1433/1625/1433
f 1469/1661/1469 1437/1629/1437 1470/1662/1470
f 1470/1662/1470 1439/1631/1439 1471/1663/1471
f 1471/1663/1471 1441/1633/1441 1472/1664/1472
f 1441/1633/1441 1473/1665/1473 1472/1664/1472
f 1473/1665/1473 1444/1636/1444 1474/1666/1474
f 1444/1636/1444 1475/1667/1475 1474/1666/1474
f 1445/1637/1445 1476/1668/1476 1475/1667/1475
f 1447/1639/1447 1477/1669/1477 1476/1668/1476
f 1449/1641/1449 1478/1670/1478 1477/1669/1477
f 1451/1643/1451 1479/1671/1479 1478/1670/1478
f 1453/1645/1453 1480/1672/1480 1479/1671/1479
f 1480/1672/1480 1410/1602/1410 1406/1598/1406
f 1481/1673/1481 1457/1649/1457 1456/1648/1456
f 1482/1674/1482 1458/1650/1458 1457/1649/1457
f 1483/1675/1483 1459/1651/1459 1458/1650/1458
f 1484/1676/1484 1460/1652/1460 1459/1651/1459
f 1485/1677/1485 1462/1654/1462 1460/1652/1460
f 1486/1678/1486 1463/1655/1463 1462/1654/1462
f 1487/1679/1487 1464/1656/1464 1463/1655/1463
f 1488/1680/1488 1465/1657/1465 1464/1656/1464
f 1489/1681/1489 1466/1658/1466 1465/1657/1465
f 1490/1682/1490 1467/1659/1467 1466/1658/1466
f 1491/1683/1491 1468/1660/1468 1467/1659/1467
f 1468/1660/1468 1399/1590/1399 1404/1596/1404
f 1492/1684/1492 1493/1685/1493 1494/1686/1494
f 1494/1686/1494 1495/1687/1495 1496/1688/1496
f 1495/1687/1495 1497/1689/1497 1496/1688/1496
f 1498/1690/1498 1499/1691/1499 1497/1689/1497
f 1500/1692/1500 1501/1693/1501 1499/1691/1499
f 1502/1694/1502 1503/1695/1503 1501/1693/1501
f 1504/1696/1504 1505/1697/1505 1503/1695/1503
f 1506/1698/1506 1507/1699/1507 1505/1697/1505
f 1508/1700/1508 1509/1701/1509 1507/1699/1507
f 1510/1702/1510 1511/1703/1511 1509/1701/1509
f 1512/1704/1512 1513/1705/1513 1511/1703/1511
f 1514/1706/1514 1377/1594/1377 1513/1705/1513
f 1515/1707/1515 1470/1662/1470 1516/1708/1516
f 1516/1708/1516 1471/1663/1471 1517/1709/1517
f 1471/1663/1471 1518/1710/1518 1517/1709/1517
f 1472/1664/1472 1519/1711/1519 1518/1710/1518
f 1473/1665/1473 1520/1712/1520 1519/1711/1519
f 1474/1666/1474 1521/1713/1521 1520/1712/1520
f 1475/1667/1475 1522/1714/1522 1521/1713/1521
f 1476/1668/1476 1523/1715/1523 1522/1714/1522
f 1477/1669/1477 1524/1716/1524 1523/1715/1523
f 1478/1670/1478 1525/1717/1525 1524/1716/1524
f 1479/1671/1479 1526/1718/1526 1525/1717/1525
f 1526/1718/1526 1406/1598/1406 1401/1592/1401
f 1527/1719/1527 1482/1674/1482 1481/1673/1481
f 1528/1720/1528 1483/1675/1483 1482/1674/1482
f 1529/1721/1529 1484/1676/1484 1483/1675/1483
f 1530/1722/1530 1485/1677/1485 1484/1676/1484
f 1531/1723/1531 1486/1678/1486 1485/1677/1485
f 1532/1724/1532 1487/1679/1487 1486/1678/1486
f 1533/1725/1533 1488/1680/1488 1487/1679/1487
f 1534/1726/1534 1489/1681/1489 1488/1680/1488
f 1535/1727/1535 1490/1682/1490 1489/1681/1489
f 1536/1728/1536 1491/1683/1491 1490/1682/1490
f 1537/1729/1537 1538/1730/1538 1491/1683/1491
f 1538/1730/1538 1395/1586/1395 1399/1590/1399
f 1539/1731/1539 1516/1708/1516 1540/1732/1540
f 1540/1732/1540 1517/1709/1517 1541/1733/1541
f 1517/1709/1517 1542/1734/1542 1541/1733/1541
f 1518/1710/1518 1543/1735/1543 1542/1734/1542
f 1519/1711/1519 1544/1736/1544 1543/1735/1543
f 1520/1712/1520 1545/1737/1545 1544/1736/1544
f 1521/1713/1521 1546/1738/1546 1545/1737/1545
f 1522/1714/1522 1547/1739/1547 1546/1738/1546
f 1523/1715/1523 1548/1740/1548 1547/1739/1547
f 1524/1716/1524 1549/1741/1549 1548/1740/1548
f 1525/1717/1525 1550/1742/1550 1549/1741/1549
f 1550/1742/1550 1401/1592/1401 1397/1588/1397
f 1551/1743/1551 1528/1720/1528 1527/1719/1527
f 1552/1744/1552 1529/1721/1529 1528/1720/1528
f 1553/1745/1553 1530/1722/1530 1529/1721/1529
f 1554/1746/1554 1531/1723/1531 1530/1722/1530
f 1555/1747/1555 1532/1724/1532 1531/1723/1531
f 1556/1748/1556 1533/1725/1533 1532/1724/1532
f 1557/1749/1557 1534/1726/1534 1533/1725/1533
f 1558/1750/1558 1535/1727/1535 1534/1726/1534
f 1559/1751/1559 1536/1728/1536 1535/1727/1535
f 1560/1752/1560 1537/1729/1537 1536/1728/1536
f 1561/1753/1561 1562/1754/1562 1537/1729/1537
f 1562/1754/1562 1389/1580/1389 1395/1586/1395
f 1563/1755/1563 1564/1756/1564 1565/1757/1565
f 1566/1758/1566 1567/1759/1567 1564/1756/1564
f 1567/1759/1567 1568/1760/1568 1569/1761/1569
f 1569/1761/1569 1570/1762/1570 1571/1763/1571
f 1571/1763/1571 1572/1764/1572 1573/1765/1573
f 1573/1765/1573 1574/1766/1574 1575/1767/1575
f 1574/1766/1574 1576/1768/1576 1575/1767/1575
f 1577/1769/1577 1578/1770/1578 1576/1768/1576
f 1579/1771/1579 1580/1772/1580 1578/1770/1578
f 1581/1773/1581 1582/1774/1582 1580/1772/1580
f 1583/1775/1583 1584/1776/1584 1582/1774/1582
f 1584/1776/1584 1364/1555/1364 1394/1585/1394
f 1585/1777/1585 1540/1732/1540 1493/1685/1493
f 1493/1685/1493 1541/1733/1541 1495/1687/1495
f 1541/1733/1541 1498/1690/1498 1495/1687/1495
f 1542/1734/1542 1500/1692/1500 1498/1690/1498
f 1543/1735/1543 1502/1694/1502 1500/1692/1500
f 1544/1736/1544 1504/1696/1504 1502/1694/1502
f 1545/1737/1545 1506/1698/1506 1504/1696/1504
f 1546/1738/1546 1508/1700/1508 1506/1698/1506
f 1547/1739/1547 1510/1702/1510 1508/1700/1508
f 1548/1740/1548 1512/1704/1512 1510/1702/1510
f 1549/1741/1549 1514/1706/1514 1512/1704/1512
f 1514/1706/1514 1397/1588/1397 1391/1582/1391
f 1551/1743/1551 1586/1778/1586 1552/1744/1552
f 1552/1744/1552 1587/1779/1587 1553/1745/1553
f 1553/1745/1553 1588/1780/1588 1554/1746/1554
f 1554/1746/1554 1589/1781/1589 1555/1747/1555
f 1555/1747/1555 1590/1782/1590 1556/1748/1556
f 1590/1782/1590 1557/1749/1557 1556/1748/1556
f 1591/1783/1591 1558/1750/1558 1557/1749/1557
f 1592/1784/1592 1559/1751/1559 1558/1750/1558
f 1593/1785/1593 1560/1752/1560 1559/1751/1559
f 1594/1786/1594 1561/1753/1561 1560/1752/1560
f 1595/1787/1595 1596/1788/1596 1561/1753/1561
f 1596/1788/1596 1385/1576/1385 1389/1580/1389
f 1565/1757/1565 1597/1789/1597 1598/1790/1598
f 1564/1756/1564 1599/1791/1599 1597/1789/1597
f 1567/1759/1567 1600/1792/1600 1599/1791/1599
f 1600/1792/1600 1571/1763/1571 1601/1793/1601
f 1571/1763/1571 1602/1794/1602 1601/1793/1601
f 1602/1794/1602 1575/1767/1575 1603/1795/1603
f 1575/1767/1575 1604/1796/1604 1603/1795/1603
f 1576/1768/1576 1605/1797/1605 1604/1796/1604
f 1578/1770/1578 1606/1798/1606 1605/1797/1605
f 1580/1772/1580 1607/1799/1607 1606/1798/1606
f 1582/1774/1582 1608/1800/1608 1607/1799/1607
f 1608/1800/1608 1394/1585/1394 1387/1578/1387
f 1609/1801/1609 1610/1802/1610 1586/1778/1586
f 1586/1778/1586 1611/1803/1611 1587/1779/1587
f 1587/1779/1587 1612/1804/1612 1588/1780/1588
f 1612/1804/1612 1589/1781/1589 1588/1780/1588
f 1589/1781/1589 1613/1805/1613 1590/1782/1590
f 1613/1805/1613 1591/1783/1591 1590/1782/1590
f 1614/1806/1614 1592/1784/1592 1591/1783/1591
f 1615/1807/1615 1593/1785/1593 1592/1784/1592
f 1616/1808/1616 1594/1786/1594 1593/1785/1593
f 1617/1809/1617 1595/1787/1595 1594/1786/1594
f 1618/1810/1618 1619/1811/1619 1595/1787/1595
f 1619/1811/1619 1382/1573/1382 1385/1576/1385
f 1598/1790/1598 1620/1812/1620 1621/1813/1621
f 1597/1789/1597 1622/1814/1622 1620/1812/1620
f 1599/1791/1599 1623/1815/1623 1622/1814/1622
f 1623/1815/1623 1601/1793/1601 1624/1816/1624
f 1601/1793/1601 1625/1817/1625 1624/1816/1624
f 1602/1794/1602 1626/1818/1626 1625/1817/1625
f 1603/1795/1603 1627/1819/1627 1626/1818/1626
f 1604/1796/1604 1628/1820/1628 1627/1819/1627
f 1605/1797/1605 1629/1821/1629 1628/1820/1628
f 1606/1798/1606 1630/1822/1630 1629/1821/1629
f 1607/1799/1607 1631/1823/1631 1630/1822/1630
f 1631/1823/1631 1387/1578/1387 1383/1574/1383
f 1632/1824/1632 1633/1825/1633 1610/1802/1610
f 1610/1802/1610 1634/1826/1634 1611/1803/1611
f 1634/1826/1634 1612/1804/1612 1611/1803/1611
f 1635/1827/1635 1636/1828/1636 1612/1804/1612
f 1637/1829/1637 1613/1805/1613 1636/1828/1636
f 1638/1830/1638 1614/1806/1614 1613/1805/1613
f 1614/1806/1614 1639/1831/1639 1615/1807/1615
f 1615/1807/1615 1640/1832/1640 1616/1808/1616
f 1616/1808/1616 1641/1833/1641 1617/1809/1617
f 1617/1809/1617 1642/1834/1642 1618/1810/1618
f 1618/1810/1618 1643/1835/1643 1644/1836/1644
f 1643/1835/1643 1382/1573/1382 1644/1836/1644
f 1645/1837/1645 1620/1812/1620 1646/1838/1646
f 1620/1812/1620 1647/1839/1647 1646/1838/1646
f 1647/1839/1647 1623/1815/1623 1648/1840/1648
f 1648/1840/1648 1624/1816/1624 1649/1841/1649
f 1649/1841/1649 1625/1817/1625 1650/1842/1650
f 1650/1842/1650 1626/1818/1626 1651/1843/1651
f 1626/1818/1626 1652/1844/1652 1651/1843/1651
f 1627/1819/1627 1653/1845/1653 1652/1844/1652
f 1628/1820/1628 1654/1846/1654 1653/1845/1653
f 1629/1821/1629 1655/1847/1655 1654/1846/1654
f 1630/1822/1630 1656/1848/1656 1655/1847/1655
f 1631/1823/1631 1379/1570/1379 1656/1848/1656
f 1657/1849/1657 1494/1850/1494 1658/1851/1658
f 1658/1851/1658 1496/1852/1496 1659/1853/1659
f 1659/1853/1659 1497/1854/1497 1660/1855/1660
f 1660/1855/1660 1499/1856/1499 1661/1857/1661
f 1661/1857/1661 1501/1858/1501 1662/1859/1662
f 1662/1859/1662 1503/1860/1503 1663/1861/1663
f 1663/1861/1663 1505/1862/1505 1664/1863/1664
f 1664/1863/1664 1507/1864/1507 1665/1865/1665
f 1665/1865/1665 1509/1866/1509 1666/1867/1666
f 1666/1867/1666 1511/1868/1511 1667/1869/1667
f 1667/1869/1667 1513/1870/1513 1668/1871/1668
f 1668/1871/1668 1377/1568/1377 1360/1551/1360
f 1669/1872/1669 1670/1873/1670 1633/1825/1633
f 1633/1825/1633 1671/1874/1671 1634/1826/1634
f 1671/1874/1671 1635/1827/1635 1634/1826/1634
f 1672/1875/1672 1637/1829/1637 1635/1827/1635
f 1673/1876/1673 1638/1830/1638 1637/1829/1637
f 1674/1877/1674 1675/1878/1675 1638/1830/1638
f 1675/1878/1675 1676/1879/1676 1639/1831/1639
f 1639/1831/1639 1677/1880/1677 1640/1832/1640
f 1640/1832/1640 1678/1881/1678 1641/1833/1641
f 1641/1833/1641 1679/1882/1679 1642/1834/1642
f 1642/1834/1642 1680/1883/1680 1643/1835/1643
f 1680/1883/1680 1376/1567/1376 1643/1835/1643
f 1681/1884/1681 1646/1838/1646 1682/1885/1682
f 1646/1838/1646 1683/1886/1683 1682/1885/1682
f 1683/1886/1683 1648/1840/1648 1684/1887/1684
f 1684/1887/1684 1649/1841/1649 1685/1888/1685
f 1685/1888/1685 1650/1842/1650 1686/1889/1686
f 1686/1889/1686 1651/1843/1651 1687/1890/1687
f 1687/1890/1687 1652/1844/1652 1688/1891/1688
f 1688/1891/1688 1653/1845/1653 1689/1892/1689
f 1689/1892/1689 1654/1846/1654 1690/1893/1690
f 1690/1893/1690 1655/1847/1655 1691/1894/1691
f 1691/1894/1691 1656/1848/1656 1692/1895/1692
f 1692/1895/1692 1379/1570/1379 1369/1560/1369
f 1693/1896/1693 1694/1897/1694 1670/1873/1670
f 1670/1873/1670 1695/1898/1695 1671/1874/1671
f 1671/1874/1671 1696/1899/1696 1672/1875/1672
f 1696/1899/1696 1673/1876/1673 1672/1875/1672
f 1673/1876/1673 1697/1900/1697 1674/1877/1674
f 1697/1900/1697 1698/1901/1698 1674/1877/1674
f 1698/1901/1698 1699/1902/1699 1676/1879/1676
f 1676/1879/1676 1700/1903/1700 1677/1880/1677
f 1677/1880/1677 1701/1904/1701 1678/1881/1678
f 1678/1881/1678 1702/1905/1702 1679/1882/1679
f 1679/1882/1679 1703/1906/1703 1680/1883/1680
f 1703/1906/1703 1372/1563/1372 1680/1883/1680
f 1704/1907/1704 1682/1885/1682 1705/1908/1705
f 1682/1885/1682 1706/1909/1706 1705/1908/1705
f 1706/1909/1706 1684/1887/1684 1707/1910/1707
f 1707/1910/1707 1685/1888/1685 1708/1911/1708
f 1708/1911/1708 1686/1889/1686 1709/1912/1709
f 1709/1912/1709 1687/1890/1687 1710/1913/1710
f 1710/1913/1710 1688/1891/1688 1711/1914/1711
f 1711/1914/1711 1689/1892/1689 1712/1915/1712
f 1712/1915/1712 1690/1893/1690 1713/1916/1713
f 1713/1916/1713 1691/1894/1691 1714/1917/1714
f 1714/1917/1714 1692/1895/1692 1715/1918/1715
f 1692/1895/1692 1365/1556/1365 1715/1918/1715
f 1716/1919/1716 1717/1920/1717 1694/1897/1694
f 1694/1897/1694 1718/1921/1718 1695/1898/1695
f 1695/1898/1695 1719/1922/1719 1696/1899/1696
f 1719/1922/1719 1720/1923/1720 1696/1899/1696
f 1720/1923/1720 1721/1924/1721 1697/1900/1697
f 1721/1924/1721 1722/1925/1722 1697/1900/1697
f 1722/1925/1722 1723/1926/1723 1699/1902/1699
f 1699/1902/1699 1724/1927/1724 1700/1903/1700
f 1700/1903/1700 1725/1928/1725 1701/1904/1701
f 1701/1904/1701 1726/1929/1726 1702/1905/1702
f 1702/1905/1702 1727/1930/1727 1703/1906/1703
f 1727/1930/1727 1368/1559/1368 1703/1906/1703
f 1728/1931/1728 1705/1908/1705 1729/1932/1729
f 1705/1908/1705 1730/1933/1730 1729/1932/1729
f 1730/1933/1730 1707/1910/1707 1731/1934/1731
f 1731/1934/1731 1708/1911/1708 1732/1935/1732
f 1732/1935/1732 1709/1912/1709 1733/1936/1733
f 1733/1936/1733 1710/1913/1710 1734/1937/1734
f 1734/1937/1734 1711/1914/1711 1735/1938/1735
f 1735/1938/1735 1712/1915/1712 1736/1939/1736
f 1736/1939/1736 1713/1916/1713 1737/1940/1737
f 1737/1940/1737 1714/1917/1714 1738/1941/1738
f 1738/1941/1738 1715/1918/1715 1739/1942/1739
f 1715/1918/1715 1358/1549/1358 1739/1942/1739
f 1740/1943/1740 1566/1758/1566 1563/1755/1563
f 1741/1944/1741 1742/1945/1742 1566/1758/1566
f 1743/1946/1743 1568/1760/1568 1742/1945/1742
f 1568/1760/1568 1744/1947/1744 1570/1762/1570
f 1744/1947/1744 1572/1764/1572 1570/1762/1570
f 1572/1764/1572 1745/1948/1745 1574/1766/1574
f 1574/1766/1574 1746/1949/1746 1577/1769/1577
f 1577/1769/1577 1747/1950/1747 1579/1771/1579
f 1579/1771/1579 1748/1951/1748 1581/1773/1581
f 1581/1773/1581 1749/1952/1749 1583/1775/1583
f 1583/1775/1583 1750/1953/1750 1751/1954/1751
f 1750/1953/1750 1364/1555/1364 1751/1954/1751
f 1752/1955/1752 1658/1851/1658 1717/1920/1717
f 1717/1920/1717 1659/1853/1659 1718/1921/1718
f 1718/1921/1718 1660/1855/1660 1719/1922/1719
f 1719/1922/1719 1661/1857/1661 1753/1956/1753
f 1753/1956/1753 1662/1859/1662 1721/1924/1721
f 1721/1924/1721 1663/1861/1663 1754/1957/1754
f 1754/1957/1754 1664/1863/1664 1723/1926/1723
f 1723/1926/1723 1665/1865/1665 1724/1927/1724
f 1724/1927/1724 1666/1867/1666 1725/1928/1725
f 1725/1928/1725 1667/1869/1667 1726/1929/1726
f 1726/1929/1726 1668/1871/1668 1727/1930/1727
f 1668/1871/1668 1362/1553/1362 1727/1930/1727
f 1755/1958/1755 1729/1932/1729 1756/1959/1756
f 1729/1932/1729 1757/1960/1757 1756/1959/1756
f 1757/1960/1757 1731/1934/1731 1758/1961/1758
f 1758/1961/1758 1732/1935/1732 1759/1962/1759
f 1759/1962/1759 1733/1936/1733 1760/1963/1760
f 1760/1963/1760 1734/1937/1734 1761/1964/1761
f 1761/1964/1761 1735/1938/1735 1762/1965/1762
f 1762/1965/1762 1736/1939/1736 1763/1966/1763
f 1763/1966/1763 1737/1940/1737 1764/1967/1764
f 1764/1967/1764 1738/1941/1738 1765/1968/1765
f 1765/1968/1765 1739/1942/1739 1766/1969/1766
f 1739/1942/1739 1354/1545/1354 1766/1969/1766
f 1767/1970/1767 1741/1944/1741 1740/1943/1740
f 1768/1971/1768 1743/1946/1743 1741/1944/1741
f 1743/1946/1743 1769/1972/1769 1770/1973/1770
f 1770/1973/1770 1771/1974/1771 1744/1947/1744
f 1744/1947/1744 1772/1975/1772 1773/1976/1773
f 1773/1976/1773 1774/1977/1774 1745/1948/1745
f 1745/1948/1745 1775/1978/1775 1746/1949/1746
f 1746/1949/1746 1776/1979/1776 1747/1950/1747
f 1747/1950/1747 1777/1980/1777 1748/1951/1748
f 1748/1951/1748 1778/1981/1778 1749/1952/1749
f 1749/1952/1749 1779/1982/1779 1750/1953/1750
f 1779/1982/1779 1357/1548/1357 1750/1953/1750
f 1780/1983/1780 1756/1959/1756 1781/1984/1781
f 1781/1984/1781 1757/1960/1757 1782/1985/1782
f 1757/1960/1757 1783/1986/1783 1782/1985/1782
f 1758/1961/1758 1784/1987/1784 1783/1986/1783
f 1759/1962/1759 1785/1988/1785 1784/1987/1784
f 1760/1963/1760 1786/1989/1786 1785/1988/1785
f 1786/1989/1786 1762/1965/1762 1787/1990/1787
f 1787/1990/1787 1763/1966/1763 1788/1991/1788
f 1788/1991/1788 1764/1967/1764 1789/1992/1789
f 1789/1992/1789 1765/1968/1765 1790/1993/1790
f 1790/1993/1790 1766/1969/1766 1791/1994/1791
f 1766/1969/1766 1355/1546/1355 1791/1994/1791
f 1414/1606/1414 1768/1971/1768 1767/1970/1767
f 1413/1605/1413 1792/1995/1792 1768/1971/1768
f 1792/1995/1792 1418/1610/1418 1769/1972/1769
f 1769/1972/1769 1420/1612/1420 1771/1974/1771
f 1771/1974/1771 1422/1614/1422 1772/1975/1772
f 1772/1975/1772 1424/1616/1424 1774/1977/1774
f 1774/1977/1774 1426/1618/1426 1775/1978/1775
f 1775/1978/1775 1428/1620/1428 1776/1979/1776
f 1776/1979/1776 1430/1622/1430 1777/1980/1777
f 1777/1980/1777 1432/1624/1432 1778/1981/1778
f 1778/1981/1778 1434/1626/1434 1779/1982/1779
f 1434/1626/1434 1353/1544/1353 1779/1982/1779
f 1793/1996/1793 1781/1984/1781 1436/1628/1436
f 1436/1628/1436 1782/1985/1782 1438/1630/1438
f 1782/1985/1782 1440/1632/1440 1438/1630/1438
f 1783/1986/1783 1794/1997/1794 1440/1632/1440
f 1784/1987/1784 1443/1635/1443 1794/1997/1794
f 1785/1988/1785 1446/1638/1446 1443/1635/1443
f 1446/1638/1446 1787/1990/1787 1448/1640/1448
f 1448/1640/1448 1788/1991/1788 1450/1642/1450
f 1450/1642/1450 1789/1992/1789 1452/1644/1452
f 1452/1644/1452 1790/1993/1790 1454/1646/1454
f 1454/1646/1454 1791/1994/1791 1795/1998/1795
f 1795/1998/1795 1355/1546/1355 1348/1539/1348
f 1796/1999/1796 1378/1569/1378 1797/2000/1797
f 1798/2001/1798 1361/1552/1361 1796/1999/1796
f 1798/2001/1798 1371/1562/1371 1367/1558/1367
f 1799/2002/1799 1371/1562/1371 1800/2003/1800
f 1801/2004/1801 1375/1566/1375 1799/2002/1799
f 1801/2004/1801 1386/1577/1386 1381/1572/1381
f 1802/2005/1802 1390/1581/1390 1386/1577/1386
f 1803/2006/1803 1396/1587/1396 1390/1581/1390
f 1804/2007/1804 1400/1591/1400 1396/1587/1396
f 1805/2008/1805 1405/1597/1405 1400/1591/1400
f 1806/2009/1806 1405/1597/1405 1807/2010/1807
f 1806/2009/1806 1411/1603/1411 1408/1600/1408
f 1808/2011/1808 1352/1543/1352 1411/1603/1411
f 1809/2012/1809 1352/1543/1352 1810/2013/1810
f 1811/2014/1811 1356/1547/1356 1809/2012/1809
f 1812/2015/1812 1378/1569/1378 1403/2016/1403
f 1813/2017/1813 1393/1584/1393 1392/1583/1392
f 1814/2018/1814 1392/1583/1392 1398/1589/1398
f 1814/2018/1814 1402/1593/1402 1815/2019/1815
f 1816/2020/1816 1402/1593/1402 1407/1599/1407
f 1817/2021/1817 1407/1599/1407 1350/1541/1350
f 1817/2021/1817 1349/1540/1349 1818/2022/1818
f 1818/2022/1818 1359/1550/1359 1819/2023/1819
f 1819/2023/1819 1366/1557/1366 1820/2024/1820
f 1820/2024/1820 1370/1561/1370 1821/2025/1821
f 1822/2026/1822 1370/1561/1370 1374/1565/1374
f 1823/2027/1823 1374/1565/1374 1373/1564/1373
f 1823/2027/1823 1380/1571/1380 1824/2028/1824
f 1824/2028/1824 1384/1575/1384 1825/2029/1825
f 1826/2030/1826 1384/1575/1384 1388/1579/1388
f 1811/2014/1811 1388/1579/1388 1363/1554/1363
f 1812/2031/1812 1393/1584/1393 1827/2032/1827
f 1828/2033/1828 1797/2000/1797 1829/2034/1829
f 1830/2035/1830 1796/1999/1796 1828/2033/1828
f 1830/2035/1830 1800/2003/1800 1798/2001/1798
f 1831/2036/1831 1800/2003/1800 1832/2037/1832
f 1833/2038/1833 1799/2002/1799 1831/2036/1831
f 1833/2038/1833 1802/2005/1802 1801/2004/1801
f 1834/2039/1834 1803/2006/1803 1802/2005/1802
f 1835/2040/1835 1804/2007/1804 1803/2006/1803
f 1836/2041/1836 1805/2008/1805 1804/2007/1804
f 1837/2042/1837 1807/2010/1807 1805/2008/1805
f 1838/2043/1838 1807/2010/1807 1839/2044/1839
f 1838/2043/1838 1808/2011/1808 1806/2009/1806
f 1840/2045/1840 1810/2013/1810 1808/2011/1808
f 1841/2046/1841 1810/2013/1810 1842/2047/1842
f 1843/2048/1843 1809/2012/1809 1841/2046/1841
f 1844/2049/1844 1797/2000/1797 1812/2015/1812
f 1845/2050/1845 1827/2032/1827 1813/2017/1813
f 1846/2051/1846 1813/2017/1813 1814/2018/1814
f 1846/2051/1846 1815/2019/1815 1847/2052/1847
f 1848/2053/1848 1815/2019/1815 1816/2020/1816
f 1849/2054/1849 1816/2020/1816 1817/2021/1817
f 1849/2054/1849 1818/2022/1818 1850/2055/1850
f 1850/2055/1850 1819/2023/1819 1851/2056/1851
f 1851/2056/1851 1820/2024/1820 1852/2057/1852
f 1852/2057/1852 1821/2025/1821 1853/2058/1853
f 1853/2058/1853 1822/2026/1822 1854/2059/1854
f 1855/2060/1855 1822/2026/1822 1823/2027/1823
f 1855/2060/1855 1824/2028/1824 1856/2061/1856
f 1856/2061/1856 1825/2029/1825 1857/2062/1857
f 1858/2063/1858 1825/2029/1825 1826/2030/1826
f 1843/2048/1843 1826/2030/1826 1811/2014/1811
f 1844/2064/1844 1827/2032/1827 1859/2065/1859
f 1829/2034/1829 1844/2049/1844 1860/2066/1860
f 1844/2064/1844 1859/2065/1859 1860/2066/1860
f 1859/2065/1859 1845/2050/1845 1860/2066/1860
f 1845/2050/1845 1846/2051/1846 1860/2066/1860
f 1846/2051/1846 1847/2052/1847 1860/2066/1860
f 1847/2052/1847 1848/2053/1848 1860/2066/1860
f 1848/2053/1848 1849/2054/1849 1860/2066/1860
f 1849/2054/1849 1850/2055/1850 1860/2066/1860
f 1850/2055/1850 1851/2056/1851 1860/2066/1860
f 1851/2056/1851 1852/2057/1852 1860/2066/1860
f 1852/2057/1852 1853/2058/1853 1860/2066/1860
f 1853/2058/1853 1854/2059/1854 1860/2066/1860
f 1854/2059/1854 1855/2060/1855 1860/2066/1860
f 1855/2060/1855 1856/2061/1856 1860/2066/1860
f 1856/2061/1856 1857/2062/1857 1860/2066/1860
f 1857/2062/1857 1858/2063/1858 1860/2066/1860
f 1858/2063/1858 1843/2048/1843 1860/2066/1860
f 1843/2048/1843 1841/2046/1841 1860/2066/1860
f 1841/2046/1841 1842/2047/1842 1860/2066/1860
f 1842/2047/1842 1840/2045/1840 1860/2066/1860
f 1840/2045/1840 1838/2043/1838 1860/2066/1860
f 1838/2043/1838 1839/2044/1839 1860/2066/1860
f 1839/2044/1839 1837/2042/1837 1860/2066/1860
f 1837/2042/1837 1836/2041/1836 1860/2066/1860
f 1836/2041/1836 1835/2040/1835 1860/2066/1860
f 1835/2040/1835 1834/2039/1834 1860/2066/1860
f 1834/2039/1834 1833/2038/1833 1860/2066/1860
f 1833/2038/1833 1831/2036/1831 1860/2066/1860
f 1831/2036/1831 1832/2037/1832 1860/2066/1860
f 1832/2037/1832 1830/2035/1830 1860/2066/1860
f 1830/2035/1830 1828/2033/1828 1860/2066/1860
f 1828/2033/1828 1829/2034/1829 1860/2066/1860
f 62/66/62 6/6/6 5/5/5
f 13/15/13 3/3/3 2/2/2
f 23/1109/23 1023/1110/1023 15/16/15
f 20/21/20 3/3/3 15/16/15
f 1024/1111/1024 21/26/21 20/29/20
f 24/25/24 31/35/31 23/24/23
f 31/35/31 1027/1115/1027 1023/1114/1023
f 1027/1115/1027 26/30/26 20/29/20
f 1028/1116/1028 16/17/16 5/28/5
f 1030/1118/1030 1034/1122/1034 26/30/26
f 1029/1117/1029 25/27/25 1032/1120/1032
f 1034/1122/1034 1036/1124/1036 27/31/27
f 1035/1123/1035 1028/1116/1028 1029/1117/1029
f 1036/1124/1036 1037/1125/1037 28/32/28
f 30/34/30 18/19/18 1028/1116/1028
f 1037/1125/1037 1039/1127/1039 1024/1111/1024
f 1038/1126/1038 1025/1112/1025 1024/1111/1024
f 1040/1128/1040 1026/1113/1026 1025/1112/1025
f 1031/1119/1031 25/27/25 1026/1113/1026
f 32/36/32 1030/1118/1030 1027/1115/1027
f 1041/1129/1041 1038/1126/1038 1039/1127/1039
f 1043/1131/1043 1040/1128/1040 1038/1126/1038
f 35/39/35 32/36/32 24/25/24
f 1044/1132/1044 1031/1119/1031 1040/1128/1040
f 35/39/35 1046/1134/1046 1030/1118/1030
f 1045/1133/1045 1032/1120/1032 1031/1119/1031
f 1046/1134/1046 1048/1136/1048 1034/1122/1034
f 1047/1135/1047 1033/1121/1033 1032/1120/1032
f 1048/1136/1048 1050/1138/1050 1036/1124/1036
f 1049/1137/1049 1035/1123/1035 1033/1121/1033
f 1050/1138/1050 1051/1139/1051 1037/1125/1037
f 1051/1139/1051 1042/1130/1042 1039/1127/1039
f 38/42/38 1054/1142/1054 1048/1136/1048
f 1052/1140/1052 1047/1135/1047 1045/1133/1045
f 1054/1142/1054 1055/1143/1055 1050/1138/1050
f 1052/1140/1052 1057/1145/1057 1049/1137/1049
f 1055/1143/1055 1056/1144/1056 1051/1139/1051
f 1056/1144/1056 1059/1147/1059 1042/1130/1042
f 1058/1146/1058 1041/1129/1041 1042/1130/1042
f 1060/1148/1060 1043/1131/1043 1041/1129/1041
f 1061/1149/1061 1044/1132/1044 1043/1131/1043
f 38/42/38 1046/1134/1046 35/39/35
f 1053/1141/1053 1045/1133/1045 1044/1132/1044
f 1062/1150/1062 1058/1146/1058 1059/1147/1059
f 1064/1152/1064 1060/1148/1060 1058/1146/1058
f 1065/1153/1065 1061/1149/1061 1060/1148/1060
f 1066/1154/1066 1053/1141/1053 1061/1149/1061
f 37/41/37 1068/1156/1068 1054/1142/1054
f 1067/1155/1067 1052/1140/1052 1053/1141/1053
f 1068/1156/1068 1069/1157/1069 1055/1143/1055
f 1067/1155/1067 1070/1158/1070 1057/1145/1057
f 1069/1157/1069 1071/1159/1071 1056/1144/1056
f 1070/1158/1070 39/43/39 30/34/30
f 1071/1159/1071 1063/1151/1063 1059/1147/1059
f 1072/1160/1072 1067/1155/1067 1066/1154/1066
f 1074/1162/1074 1075/1163/1075 1069/1157/1069
f 1075/1163/1075 1077/1165/1077 1071/1159/1071
f 1076/1164/1076 1063/1151/1063 1071/1159/1071
f 1078/1166/1078 1062/1150/1062 1063/1151/1063
f 1079/1167/1079 1064/1152/1064 1062/1150/1062
f 1080/1168/1080 1065/1153/1065 1064/1152/1064
f 37/41/37 34/38/34 40/44/40
f 1073/1161/1073 1066/1154/1066 1065/1153/1065
f 1081/1169/1081 1074/1162/1074 1068/1156/1068
f 1082/1170/1082 1084/1172/1084 1079/1167/1079
f 46/50/46 40/44/40 36/40/36
f 1083/1171/1083 1080/1168/1080 1079/1167/1079
f 1085/1173/1085 1081/1169/1081 40/44/40
f 1086/1174/1086 1073/1161/1073 1080/1168/1080
f 1087/1175/1087 1074/1162/1074 1081/1169/1081
f 1088/1176/1088 1072/1160/1072 1073/1161/1073
f 1087/1175/1087 1090/1178/1090 1075/1163/1075
f 42/46/42 1070/1158/1070 1072/1160/1072
f 1089/1177/1089 1077/1165/1077 1075/1163/1075
f 1091/1179/1091 1076/1164/1076 1077/1165/1077
f 1082/1170/1082 1078/1166/1078 1076/1164/1076
f 44/48/44 36/40/36 29/33/29
f 1092/1180/1092 1089/1177/1089 1090/1178/1090
f 1095/1183/1095 1091/1179/1091 1089/1177/1089
f 1095/1183/1095 1096/1184/1096 1082/1170/1082
f 1096/1184/1096 1097/1185/1097 1084/1172/1084
f 1097/1185/1097 1100/1188/1100 1083/1171/1083
f 1098/1186/1098 1085/1173/1085 46/50/46
f 1099/1187/1099 1086/1174/1086 1083/1171/1083
f 1101/1189/1101 1087/1175/1087 1085/1173/1085
f 1094/1182/1094 1088/1176/1088 1086/1174/1086
f 1093/1181/1093 1090/1178/1090 1087/1175/1087
f 50/54/50 45/49/45 44/48/44
f 1102/1190/1102 1105/1193/1105 1100/1188/1100
f 1103/1191/1103 1098/1186/1098 45/49/45
f 1104/1192/1104 1099/1187/1099 1100/1188/1100
f 1106/1194/1106 1101/1189/1101 1098/1186/1098
f 1107/1195/1107 1094/1182/1094 1099/1187/1099
f 1108/1196/1108 1093/1181/1093 1101/1189/1101
f 1109/1197/1109 42/46/42 1094/1182/1094
f 1110/1198/1110 1092/1180/1092 1093/1181/1093
f 1111/1199/1111 1095/1183/1095 1092/1180/1092
f 1111/1199/1111 1112/1200/1112 1096/1184/1096
f 1112/1200/1112 1102/1190/1102 1097/1185/1097
f 1113/1201/1113 1110/1198/1110 1108/1196/1108
f 48/52/48 43/47/43 1109/1197/1109
f 1116/1204/1116 1111/1199/1111 1110/1198/1110
f 1116/1204/1116 1117/1205/1117 1112/1200/1112
f 1117/1205/1117 1118/1206/1118 1102/1190/1102
f 1118/1206/1118 1120/1208/1120 1105/1193/1105
f 1119/1207/1119 1103/1191/1103 50/54/50
f 1120/1208/1120 1123/1211/1123 1104/1192/1104
f 1121/1209/1121 1106/1194/1106 1103/1191/1103
f 1122/1210/1122 1107/1195/1107 1104/1192/1104
f 1114/1202/1114 1108/1196/1108 1106/1194/1106
f 1115/1203/1115 1109/1197/1109 1107/1195/1107
f 1124/1212/1124 1126/1214/1126 1120/1208/1120
f 1125/1213/1125 1119/1207/1119 49/53/49
f 1126/1214/1126 1129/1217/1129 1123/1211/1123
f 1127/1215/1127 1121/1209/1121 1119/1207/1119
f 1128/1216/1128 1122/1210/1122 1123/1211/1123
f 1130/1218/1130 1114/1202/1114 1121/1209/1121
f 1131/1219/1131 1113/1201/1113 1114/1202/1114
f 1132/1220/1132 1116/1204/1116 1113/1201/1113
f 1133/1221/1133 1117/1205/1117 1116/1204/1116
f 51/55/51 53/57/53 47/51/47
f 1133/1221/1133 1124/1212/1124 1118/1206/1118
f 55/59/55 49/53/49 47/51/47
f 52/56/52 48/52/48 1115/1203/1115
f 1135/1223/1135 1132/1220/1132 1131/1219/1131
f 1137/1225/1137 1133/1221/1133 1132/1220/1132
f 1137/1225/1137 1138/1226/1138 1124/1212/1124
f 1138/1226/1138 1140/1228/1140 1126/1214/1126
f 1139/1227/1139 1125/1213/1125 55/59/55
f 1140/1228/1140 1143/1231/1143 1129/1217/1129
f 1141/1229/1141 1127/1215/1127 1125/1213/1125
f 1142/1230/1142 1128/1216/1128 1129/1217/1129
f 1144/1232/1144 1130/1218/1130 1127/1215/1127
f 1134/1222/1134 1115/1203/1115 1128/1216/1128
f 1136/1224/1136 1131/1219/1131 1130/1218/1130
f 57/1233/57 12/1108/12 2/2/2
f 1145/1234/1145 57/1233/57 56/60/56
f 1146/1236/1146 1145/1235/1145 60/69/60
f 67/73/67 58/62/58 1145/1235/1145
f 1148/1239/1148 1/67/1 1147/1238/1147
f 1147/1238/1147 4/1237/4 1150/1241/1150
f 1152/1243/1152 1146/1236/1146 63/68/63
f 1153/1244/1153 63/68/63 1/67/1
f 4/1237/4 6/1248/6 1156/1247/1156
f 6/1248/6 61/65/61 1157/1249/1157
f 1159/1251/1159 1153/1244/1153 1155/1246/1155
f 1156/1247/1156 1164/1256/1164 1161/1253/1161
f 1160/1252/1160 1155/1246/1155 1158/1250/1158
f 1156/1247/1156 1157/1249/1157 70/76/70
f 1163/1255/1163 1158/1250/1158 1148/1239/1148
f 1157/1249/1157 64/70/64 65/71/65
f 1165/1257/1165 1148/1239/1148 1149/1240/1149
f 1149/1240/1149 1151/1242/1151 1167/1259/1167
f 1151/1242/1151 1150/1241/1150 1168/1260/1168
f 66/72/66 67/73/67 1152/1243/1152
f 1150/1241/1150 1154/1245/1154 1162/1254/1162
f 1169/1261/1169 1152/1243/1152 1153/1244/1153
f 1166/1258/1166 1167/1259/1167 1170/1262/1170
f 59/63/59 66/72/66 73/79/73
f 1167/1259/1167 1168/1260/1168 1172/1264/1172
f 66/72/66 1169/1261/1169 74/80/74
f 1168/1260/1168 1162/1254/1162 1173/1265/1173
f 74/80/74 1169/1261/1169 1159/1251/1159
f 1162/1254/1162 1161/1253/1161 1175/1267/1175
f 1174/1266/1174 1159/1251/1159 1160/1252/1160
f 1161/1253/1161 1164/1256/1164 1177/1269/1177
f 1176/1268/1176 1160/1252/1160 1163/1255/1163
f 1164/1256/1164 70/76/70 69/75/69
f 1178/1270/1178 1163/1255/1163 1165/1257/1165
f 1179/1271/1179 1165/1257/1165 1166/1258/1166
f 77/83/77 1174/1266/1174 1176/1268/1176
f 1175/1267/1175 1177/1269/1177 1181/1273/1181
f 1180/1272/1180 1176/1268/1176 1178/1270/1178
f 1181/1273/1181 1177/1269/1177 69/75/69
f 1183/1275/1183 1178/1270/1178 1179/1271/1179
f 79/85/79 69/75/69 65/71/65
f 1184/1276/1184 1179/1271/1179 1171/1263/1171
f 1171/1263/1171 1170/1262/1170 1186/1278/1186
f 1170/1262/1170 1172/1264/1172 1187/1279/1187
f 1172/1264/1172 1173/1265/1173 1188/1280/1188
f 74/80/74 1174/1266/1174 77/83/77
f 1173/1265/1173 1175/1267/1175 1182/1274/1182
f 1185/1277/1185 1186/1278/1186 1189/1281/1189
f 1186/1278/1186 1187/1279/1187 1191/1283/1191
f 1187/1279/1187 1188/1280/1188 1192/1284/1192
f 1188/1280/1188 1182/1274/1182 1193/1285/1193
f 76/82/76 77/83/77 1180/1272/1180
f 1182/1274/1182 1181/1273/1181 81/87/81
f 1194/1286/1194 1180/1272/1180 1183/1275/1183
f 81/87/81 1181/1273/1181 79/85/79
f 1195/1287/1195 1183/1275/1183 1184/1276/1184
f 1196/1288/1196 1184/1276/1184 1185/1277/1185
f 1193/1285/1193 81/87/81 80/86/80
f 1198/1290/1198 1194/1286/1194 1195/1287/1195
f 1199/1291/1199 1195/1287/1195 1196/1288/1196
f 1196/1288/1196 1190/1282/1190 1201/1293/1201
f 1190/1282/1190 1189/1281/1189 1202/1294/1202
f 1189/1281/1189 1191/1283/1191 1203/1295/1203
f 1191/1283/1191 1192/1284/1192 1204/1296/1204
f 76/82/76 1205/1297/1205 83/89/83
f 1192/1284/1192 1193/1285/1193 1197/1289/1197
f 1205/1297/1205 76/82/76 1194/1286/1194
f 1206/1298/1206 1202/1294/1202 1203/1295/1203
f 75/81/75 83/89/83 89/95/89
f 1203/1295/1203 1204/1296/1204 1208/1300/1208
f 83/89/83 1205/1297/1205 1209/1301/1209
f 1204/1296/1204 1197/1289/1197 1210/1302/1210
f 1205/1297/1205 1198/1290/1198 1211/1303/1211
f 1197/1289/1197 80/86/80 1212/1304/1212
f 1211/1303/1211 1198/1290/1198 1199/1291/1199
f 80/86/80 78/84/78 84/90/84
f 1199/1291/1199 1200/1292/1200 1214/1306/1214
f 1200/1292/1200 1201/1293/1201 1215/1307/1215
f 1201/1293/1201 1202/1294/1202 1206/1298/1206
f 68/74/68 75/81/75 88/94/88
f 1213/1305/1213 1214/1306/1214 1216/1308/1216
f 1214/1306/1214 1215/1307/1215 1219/1311/1219
f 1219/1311/1219 1215/1307/1215 1206/1298/1206
f 1220/1312/1220 1206/1298/1206 1207/1299/1207
f 1221/1313/1221 1207/1299/1207 1208/1300/1208
f 89/95/89 1209/1301/1209 1223/1315/1223
f 1208/1300/1208 1210/1302/1210 1224/1316/1224
f 1209/1301/1209 1211/1303/1211 1225/1317/1225
f 1210/1302/1210 1212/1304/1212 1218/1310/1218
f 1211/1303/1211 1213/1305/1213 1217/1309/1217
f 87/93/87 1229/1321/1229 91/97/91
f 1226/1318/1226 1221/1313/1221 1222/1314/1222
f 87/93/87 1223/1315/1223 1228/1320/1228
f 1222/1314/1222 1224/1316/1224 1230/1322/1230
f 1223/1315/1223 1225/1317/1225 1231/1323/1231
f 1224/1316/1224 1218/1310/1218 1232/1324/1232
f 1225/1317/1225 1217/1309/1217 1233/1325/1233
f 1218/1310/1218 84/90/84 90/96/90
f 1217/1309/1217 1216/1308/1216 1234/1326/1234
f 1216/1308/1216 1219/1311/1219 1235/1327/1235
f 1235/1327/1235 1219/1311/1219 1220/1312/1220
f 1236/1328/1236 1220/1312/1220 1221/1313/1221
f 1233/1325/1233 1234/1326/1234 1237/1329/1237
f 90/96/90 86/92/86 92/98/92
f 1234/1326/1234 1235/1327/1235 1240/1332/1240
f 1240/1332/1240 1235/1327/1235 1236/1328/1236
f 1241/1333/1241 1236/1328/1236 1226/1318/1226
f 91/97/91 1229/1321/1229 95/101/95
f 1242/1334/1242 1226/1318/1226 1227/1319/1227
f 1229/1321/1229 1228/1320/1228 1244/1336/1244
f 1243/1335/1243 1227/1319/1227 1230/1322/1230
f 1228/1320/1228 1231/1323/1231 1246/1338/1246
f 1230/1322/1230 1232/1324/1232 1247/1339/1247
f 1231/1323/1231 1233/1325/1233 1238/1330/1238
f 1232/1324/1232 90/96/90 1239/1331/1239
f 1248/1340/1248 1242/1334/1242 1243/1335/1243
f 95/101/95 1244/1336/1244 1250/1342/1250
f 1249/1341/1249 1243/1335/1243 1245/1337/1245
f 1244/1336/1244 1246/1338/1246 1252/1344/1252
f 1245/1337/1245 1247/1339/1247 1253/1345/1253
f 1246/1338/1246 1238/1330/1238 1254/1346/1254
f 1238/1330/1238 1237/1329/1237 1255/1347/1255
f 1237/1329/1237 1240/1332/1240 1256/1348/1256
f 1240/1332/1240 1241/1333/1241 1257/1349/1257
f 1257/1349/1257 1241/1333/1241 1242/1334/1242
f 1239/1331/1239 92/98/92 52/56/52
f 1255/1347/1255 1256/1348/1256 1135/1223/1135
f 1256/1348/1256 1257/1349/1257 1137/1225/1137
f 1137/1225/1137 1257/1349/1257 1248/1340/1248
f 93/99/93 94/100/94 54/58/54
f 1138/1226/1138 1248/1340/1248 1249/1341/1249
f 94/100/94 1250/1342/1250 1139/1227/1139
f 1140/1228/1140 1249/1341/1249 1251/1343/1251
f 1250/1342/1250 1252/1344/1252 1141/1229/1141
f 1251/1343/1251 1253/1345/1253 1142/1230/1142
f 1252/1344/1252 1254/1346/1254 1144/1232/1144
f 1253/1345/1253 1239/1331/1239 1134/1222/1134
f 1254/1346/1254 1255/1347/1255 1136/1224/1136
f 1258/1350/1258 1262/1354/1262 96/102/96
f 1260/1352/1260 1258/1350/1258 1259/1351/1259
f 1261/1353/1261 96/102/96 1262/1354/1262
f 109/115/109 1268/1360/1268 1260/1352/1260
f 1264/1356/1264 99/105/99 103/109/103
f 108/114/108 106/112/106 1265/1357/1265
f 105/111/105 104/110/104 102/108/102
f 1266/1358/1266 105/111/105 101/107/101
f 100/106/100 1861/2067/1861 1267/1359/1267
f 1268/1360/1268 109/115/109 1265/1357/1265
f 1270/1362/1270 1861/2067/1861 100/106/100
f 1263/1355/1263 1270/1362/1270 1264/1356/1264
f 1266/1358/1266 1267/1359/1267 1269/1361/1269
f 1271/1363/1271 112/1367/112 114/1364/114
f 118/1373/118 116/2068/116 1274/1374/1274
f 123/1376/123 124/2069/124 1276/1377/1276
f 1277/1378/1277 1276/1377/1276 121/1385/121
f 1279/1387/1279 131/2070/131 135/1388/135
f 139/1400/139 1283/1405/1283 1282/1401/1282
f 1283/1405/1283 138/2071/138 137/1406/137
f 1284/1407/1284 1287/2072/1287 149/1408/149
f 151/170/151 152/172/152 1287/1418/1287
f 156/1421/156 1289/2073/1289 1288/1422/1288
f 1289/1424/1289 158/181/158 157/180/157
f 206/229/206 169/192/169 163/186/163
f 169/192/169 171/194/171 540/596/540
f 172/195/172 171/194/171 169/192/169
f 185/208/185 535/591/535 174/197/174
f 178/201/178 188/211/188 182/205/182
f 230/253/230 202/225/202 217/240/217
f 235/258/235 198/221/198 202/225/202
f 238/261/238 204/227/204 198/221/198
f 237/260/237 205/228/205 204/227/204
f 222/245/222 209/232/209 207/230/207
f 263/295/263 212/235/212 213/236/213
f 162/185/162 1291/2074/1291 293/1459/293
f 224/247/224 254/284/254 261/296/261
f 241/265/241 270/308/270 271/309/271
f 333/372/333 273/311/273 275/313/275
f 281/320/281 1295/1464/1295 282/321/282
f 247/273/247 292/331/292 295/334/295
f 251/279/251 295/334/295 303/342/303
f 303/342/303 295/334/295 296/335/296
f 282/321/282 1295/1464/1295 252/282/252
f 324/363/324 323/362/323 279/318/279
f 325/364/325 330/369/330 1294/1463/1294
f 323/362/323 327/366/327 285/324/285
f 378/417/378 346/385/346 343/382/343
f 349/388/349 306/345/306 294/333/294
f 323/362/323 318/357/318 358/397/358
f 359/398/359 361/400/361 352/391/352
f 371/410/371 404/443/404 403/442/403
f 341/380/341 369/408/369 403/442/403
f 342/381/342 376/415/376 345/384/345
f 422/461/422 384/423/384 386/425/386
f 391/430/391 360/399/360 377/416/377
f 427/466/427 426/465/426 389/428/389
f 397/436/397 389/428/389 426/465/426
f 364/403/364 394/433/394 397/436/397
f 1297/1466/1297 397/436/397 399/438/399
f 399/438/399 398/437/398 409/448/409
f 413/452/413 415/454/415 401/440/401
f 451/490/451 437/476/437 425/464/425
f 429/468/429 393/432/393 476/515/476
f 409/448/409 440/479/440 445/484/445
f 443/482/443 448/487/448 419/458/419
f 442/481/442 441/480/441 492/538/492
f 449/488/449 446/485/446 456/495/456
f 1299/1468/1299 462/501/462 464/503/464
f 471/510/471 464/503/464 495/545/495
f 467/506/467 1299/1468/1299 471/510/471
f 470/509/470 473/512/473 472/511/472
f 461/500/461 460/499/460 1300/1469/1300
f 502/1473/502 1300/1469/1300 460/499/460
f 494/1474/494 496/546/496 1298/1467/1298
f 526/582/526 507/558/507 501/552/501
f 498/1475/498 1300/1476/1300 501/552/501
f 516/569/516 483/522/483 534/590/534
f 516/569/516 518/574/518 519/575/519
f 503/554/503 490/536/490 520/576/520
f 509/560/509 508/559/508 529/585/529
f 532/588/532 531/587/531 535/591/535
f 189/212/189 1290/1454/1290 485/527/485
f 557/613/557 582/638/582 550/606/550
f 917/1001/917 560/616/560 555/611/555
f 566/622/566 563/619/563 560/616/560
f 560/616/560 563/619/563 567/623/567
f 567/623/567 565/621/565 596/652/596
f 573/629/573 565/621/565 564/620/564
f 596/652/596 565/621/565 573/629/573
f 1301/1477/1301 1303/1481/1303 579/635/579
f 600/656/600 1303/1481/1303 1301/1477/1301
f 585/641/585 614/670/614 1301/1477/1301
f 579/635/579 1303/1481/1303 599/655/599
f 579/635/579 597/653/597 596/652/596
f 602/658/602 603/659/603 641/705/641
f 610/666/610 603/659/603 594/650/594
f 603/659/603 610/666/610 642/706/642
f 601/657/601 608/664/608 610/666/610
f 601/657/601 1302/1480/1302 1304/1482/1304
f 1304/1482/1304 624/681/624 1305/1483/1305
f 614/670/614 613/669/613 1304/1482/1304
f 1304/1482/1304 613/669/613 622/678/622
f 638/701/638 615/671/615 590/646/590
f 1305/1483/1305 624/681/624 619/1484/619
f 637/700/637 640/1486/640 628/1485/628
f 628/688/628 640/703/640 684/755/684
f 653/722/653 658/727/658 657/726/657
f 643/714/643 647/713/647 663/732/663
f 646/711/646 664/733/664 653/722/653
f 672/743/672 668/737/668 656/725/656
f 726/797/726 648/716/648 577/633/577
f 665/734/665 668/737/668 674/745/674
f 697/768/697 698/769/698 705/776/705
f 708/779/708 722/793/722 719/790/719
f 701/772/701 741/812/741 738/809/738
f 760/831/760 724/795/724 730/801/730
f 770/841/770 760/831/760 1307/1490/1307
f 773/844/773 1307/1490/1307 745/816/745
f 781/852/781 783/854/783 779/850/779
f 828/899/828 768/839/768 772/843/772
f 762/833/762 761/832/761 1311/1494/1311
f 792/863/792 791/862/791 806/877/806
f 841/912/841 833/904/833 832/903/832
f 835/906/835 833/904/833 841/912/841
f 838/909/838 841/912/841 842/913/842
f 845/916/845 844/915/844 858/929/858
f 1313/1496/1313 891/973/891 892/975/892
f 1313/1496/1313 847/918/847 863/1497/863
f 863/1497/863 847/918/847 848/919/848
f 852/923/852 851/922/851 813/884/813
f 1311/1494/1311 915/1498/915 914/1499/914
f 859/931/859 857/1500/857 861/940/861
f 874/1501/874 885/965/885 883/963/883
f 897/981/897 860/932/860 890/972/890
f 869/945/869 894/977/894 893/976/893
f 911/995/911 570/626/570 918/1002/918
f 896/980/896 899/983/899 919/1003/919
f 921/1006/921 571/627/571 919/1003/919
f 1316/1507/1316 1862/2075/1862 1317/1508/1317
f 934/1019/934 927/1012/927 926/1011/926
f 1319/1510/1319 1321/1512/1321 1318/1509/1318
f 1317/1508/1317 1862/2075/1862 928/1013/928
f 1320/1511/1320 923/1008/923 933/1018/933
f 936/1021/936 935/1020/935 1318/1509/1318
f 944/1029/944 1318/1509/1318 1317/1508/1317
f 938/1023/938 927/1012/927 934/1019/934
f 948/1033/948 932/1017/932 925/1010/925
f 945/1030/945 942/1027/942 938/1023/938
f 946/1031/946 945/1030/945 948/1033/948
f 1323/1514/1323 937/1022/937 1322/1513/1322
f 954/1039/954 956/1041/956 1322/1513/1322
f 1324/1515/1324 963/1048/963 1323/1514/1323
f 960/1045/960 955/1040/955 954/1039/954
f 950/1035/950 940/1025/940 1323/1514/1323
f 957/1042/957 952/1037/952 951/1036/951
f 961/1046/961 1324/1515/1324 955/1040/955
f 1325/1516/1325 955/1040/955 960/1045/960
f 1326/1517/1326 1327/1518/1327 1325/1516/1325
f 970/1055/970 965/1050/965 957/1042/957
f 950/1035/950 963/1048/963 962/1047/962
f 970/1055/970 959/1044/959 953/1038/953
f 961/1046/961 1325/1516/1325 1327/1518/1327
f 1328/1519/1328 962/1047/962 1327/1518/1327
f 1326/1517/1326 965/1050/965 968/1053/968
f 1331/1522/1331 1327/1518/1327 1326/1517/1326
f 965/1050/965 970/1055/970 1332/1523/1332
f 979/1064/979 978/1063/978 985/1070/985
f 987/1072/987 1335/1526/1335 981/1066/981
f 973/1058/973 972/1057/972 978/1063/978
f 982/1067/982 1334/1525/1334 985/1070/985
f 1335/1526/1335 987/1072/987 984/1069/984
f 978/1063/978 972/1057/972 994/1079/994
f 985/1070/985 978/1063/978 996/1081/996
f 987/1072/987 980/1065/980 993/1078/993
f 972/1057/972 990/1075/990 989/1074/989
f 975/1060/975 983/1068/983 1003/1088/1003
f 1000/1085/1000 983/1068/983 993/1078/993
f 1000/1085/1000 999/1084/999 1002/1087/1002
f 995/1080/995 997/1082/997 1336/1527/1336
f 1336/1527/1336 997/1082/997 989/1074/989
f 1338/1529/1338 998/1083/998 995/1080/995
f 1004/1089/1004 992/1077/992 998/1083/998
f 1004/1089/1004 1338/1529/1338 1012/1097/1012
f 1002/1087/1002 999/1084/999 1007/1092/1007
f 1013/1098/1013 1337/1528/1337 1336/1527/1336
f 1338/1529/1338 1337/1528/1337 1013/1098/1013
f 1021/1106/1021 1014/1099/1014 1006/1091/1006
f 1017/1102/1017 1009/1094/1009 1022/1107/1022
f 1006/1091/1006 1015/1100/1015 1340/1531/1340
f 1341/1532/1341 1339/1530/1339 1340/1531/1340
f 1340/1531/1340 1016/1101/1016 1343/1534/1343
f 1021/1106/1021 1339/1530/1339 1346/1537/1346
f 1022/1107/1022 1019/1104/1019 1344/1535/1344
f 1016/1101/1016 1018/1103/1018 1345/1536/1345
f 1348/1539/1348 1355/1546/1355 1349/1540/1349
f 1351/1542/1351 1411/1603/1411 1352/1543/1352
f 1354/1545/1354 1359/1550/1359 1349/1540/1349
f 1353/1544/1353 1352/1543/1352 1356/1547/1356
f 1358/1549/1358 1366/1557/1366 1359/1550/1359
f 1360/1551/1360 1378/1569/1378 1361/1552/1361
f 1357/1548/1357 1356/1547/1356 1363/1554/1363
f 1365/1556/1365 1370/1561/1370 1366/1557/1366
f 1362/1553/1362 1361/1552/1361 1367/1558/1367
f 1369/1560/1369 1374/1565/1374 1370/1561/1370
f 1368/1559/1368 1367/1558/1367 1371/1562/1371
f 1369/1560/1369 1379/1570/1379 1373/1564/1373
f 1372/1563/1372 1371/1562/1371 1375/1566/1375
f 1377/1568/1377 1403/2016/1403 1378/1569/1378
f 1379/1570/1379 1383/1574/1383 1380/1571/1380
f 1376/1567/1376 1375/1566/1375 1381/1572/1381
f 1383/1574/1383 1387/1578/1387 1384/1575/1384
f 1385/1576/1385 1382/1573/1382 1381/1572/1381
f 1387/1578/1387 1394/1585/1394 1388/1579/1388
f 1389/1580/1389 1385/1576/1385 1386/1577/1386
f 1391/1582/1391 1397/1588/1397 1392/1583/1392
f 1394/1585/1394 1364/1555/1364 1363/1554/1363
f 1395/1586/1395 1389/1580/1389 1390/1581/1390
f 1397/1588/1397 1401/1592/1401 1398/1589/1398
f 1399/1590/1399 1395/1586/1395 1396/1587/1396
f 1401/1592/1401 1406/1598/1406 1402/1593/1402
f 1377/1594/1377 1391/1582/1391 1393/1584/1393
f 1404/1596/1404 1399/1590/1399 1400/1591/1400
f 1406/1598/1406 1410/1602/1410 1407/1599/1407
f 1404/1596/1404 1405/1597/1405 1408/1600/1408
f 1410/1602/1410 1348/1539/1348 1350/1541/1350
f 1409/1601/1409 1408/1600/1408 1411/1603/1411
f 1412/1604/1412 1415/1607/1415 1413/1605/1413
f 1415/1607/1415 1417/1609/1417 1416/1608/1416
f 1417/1609/1417 1419/1611/1419 1418/1610/1418
f 1419/1611/1419 1421/1613/1421 1420/1612/1420
f 1421/1613/1421 1461/1653/1461 1422/1614/1422
f 1422/1614/1422 1461/1653/1461 1423/1615/1423
f 1424/1616/1424 1423/1615/1423 1425/1617/1425
f 1426/1618/1426 1425/1617/1425 1427/1619/1427
f 1428/1620/1428 1427/1619/1427 1429/1621/1429
f 1430/1622/1430 1429/1621/1429 1431/1623/1431
f 1432/1624/1432 1431/1623/1431 1433/1625/1433
f 1434/1626/1434 1433/1625/1433 1409/1601/1409
f 1435/1627/1435 1793/1996/1793 1436/1628/1436
f 1437/1629/1437 1436/1628/1436 1438/1630/1438
f 1439/1631/1439 1438/1630/1438 1440/1632/1440
f 1440/1632/1440 1794/1997/1794 1442/1634/1442
f 1442/1634/1442 1794/1997/1794 1443/1635/1443
f 1443/1635/1443 1446/1638/1446 1445/1637/1445
f 1446/1638/1446 1448/1640/1448 1447/1639/1447
f 1448/1640/1448 1450/1642/1450 1449/1641/1449
f 1450/1642/1450 1452/1644/1452 1451/1643/1451
f 1452/1644/1452 1454/1646/1454 1453/1645/1453
f 1454/1646/1454 1795/1998/1795 1455/1647/1455
f 1455/1647/1455 1795/1998/1795 1348/1539/1348
f 1456/1648/1456 1457/1649/1457 1415/1607/1415
f 1457/1649/1457 1458/1650/1458 1417/1609/1417
f 1458/1650/1458 1459/1651/1459 1419/1611/1419
f 1459/1651/1459 1460/1652/1460 1421/1613/1421
f 1460/1652/1460 1462/1654/1462 1461/1653/1461
f 1462/1654/1462 1463/1655/1463 1423/1615/1423
f 1463/1655/1463 1464/1656/1464 1425/1617/1425
f 1464/1656/1464 1465/1657/1465 1427/1619/1427
f 1465/1657/1465 1466/1658/1466 1429/1621/1429
f 1466/1658/1466 1467/1659/1467 1431/1623/1431
f 1467/1659/1467 1468/1660/1468 1433/1625/1433
f 1468/1660/1468 1404/1596/1404 1409/1601/1409
f 1469/1661/1469 1435/1627/1435 1437/1629/1437
f 1470/1662/1470 1437/1629/1437 1439/1631/1439
f 1471/1663/1471 1439/1631/1439 1441/1633/1441
f 1441/1633/1441 1442/1634/1442 1473/1665/1473
f 1473/1665/1473 1442/1634/1442 1444/1636/1444
f 1444/1636/1444 1445/1637/1445 1475/1667/1475
f 1445/1637/1445 1447/1639/1447 1476/1668/1476
f 1447/1639/1447 1449/1641/1449 1477/1669/1477
f 1449/1641/1449 1451/1643/1451 1478/1670/1478
f 1451/1643/1451 1453/1645/1453 1479/1671/1479
f 1453/1645/1453 1455/1647/1455 1480/1672/1480
f 1480/1672/1480 1455/1647/1455 1410/1602/1410
f 1481/1673/1481 1482/1674/1482 1457/1649/1457
f 1482/1674/1482 1483/1675/1483 1458/1650/1458
f 1483/1675/1483 1484/1676/1484 1459/1651/1459
f 1484/1676/1484 1485/1677/1485 1460/1652/1460
f 1485/1677/1485 1486/1678/1486 1462/1654/1462
f 1486/1678/1486 1487/1679/1487 1463/1655/1463
f 1487/1679/1487 1488/1680/1488 1464/1656/1464
f 1488/1680/1488 1489/1681/1489 1465/1657/1465
f 1489/1681/1489 1490/1682/1490 1466/1658/1466
f 1490/1682/1490 1491/1683/1491 1467/1659/1467
f 1491/1683/1491 1538/1730/1538 1468/1660/1468
f 1468/1660/1468 1538/1730/1538 1399/1590/1399
f 1492/1684/1492 1585/1777/1585 1493/1685/1493
f 1494/1686/1494 1493/1685/1493 1495/1687/1495
f 1495/1687/1495 1498/1690/1498 1497/1689/1497
f 1498/1690/1498 1500/1692/1500 1499/1691/1499
f 1500/1692/1500 1502/1694/1502 1501/1693/1501
f 1502/1694/1502 1504/1696/1504 1503/1695/1503
f 1504/1696/1504 1506/1698/1506 1505/1697/1505
f 1506/1698/1506 1508/1700/1508 1507/1699/1507
f 1508/1700/1508 1510/1702/1510 1509/1701/1509
f 1510/1702/1510 1512/1704/1512 1511/1703/1511
f 1512/1704/1512 1514/1706/1514 1513/1705/1513
f 1514/1706/1514 1391/1582/1391 1377/1594/1377
f 1515/1707/1515 1469/1661/1469 1470/1662/1470
f 1516/1708/1516 1470/1662/1470 1471/1663/1471
f 1471/1663/1471 1472/1664/1472 1518/1710/1518
f 1472/1664/1472 1473/1665/1473 1519/1711/1519
f 1473/1665/1473 1474/1666/1474 1520/1712/1520
f 1474/1666/1474 1475/1667/1475 1521/1713/1521
f 1475/1667/1475 1476/1668/1476 1522/1714/1522
f 1476/1668/1476 1477/1669/1477 1523/1715/1523
f 1477/1669/1477 1478/1670/1478 1524/1716/1524
f 1478/1670/1478 1479/1671/1479 1525/1717/1525
f 1479/1671/1479 1480/1672/1480 1526/1718/1526
f 1526/1718/1526 1480/1672/1480 1406/1598/1406
f 1527/1719/1527 1528/1720/1528 1482/1674/1482
f 1528/1720/1528 1529/1721/1529 1483/1675/1483
f 1529/1721/1529 1530/1722/1530 1484/1676/1484
f 1530/1722/1530 1531/1723/1531 1485/1677/1485
f 1531/1723/1531 1532/1724/1532 1486/1678/1486
f 1532/1724/1532 1533/1725/1533 1487/1679/1487
f 1533/1725/1533 1534/1726/1534 1488/1680/1488
f 1534/1726/1534 1535/1727/1535 1489/1681/1489
f 1535/1727/1535 1536/1728/1536 1490/1682/1490
f 1536/1728/1536 1537/1729/1537 1491/1683/1491
f 1537/1729/1537 1562/1754/1562 1538/1730/1538
f 1538/1730/1538 1562/1754/1562 1395/1586/1395
f 1539/1731/1539 1515/1707/1515 1516/1708/1516
f 1540/1732/1540 1516/1708/1516 1517/1709/1517
f 1517/1709/1517 1518/1710/1518 1542/1734/1542
f 1518/1710/1518 1519/1711/1519 1543/1735/1543
f 1519/1711/1519 1520/1712/1520 1544/1736/1544
f 1520/1712/1520 1521/1713/1521 1545/1737/1545
f 1521/1713/1521 1522/1714/1522 1546/1738/1546
f 1522/1714/1522 1523/1715/1523 1547/1739/1547
f 1523/1715/1523 1524/1716/1524 1548/1740/1548
f 1524/1716/1524 1525/1717/1525 1549/1741/1549
f 1525/1717/1525 1526/1718/1526 1550/1742/1550
f 1550/1742/1550 1526/1718/1526 1401/1592/1401
f 1551/1743/1551 1552/1744/1552 1528/1720/1528
f 1552/1744/1552 1553/1745/1553 1529/1721/1529
f 1553/1745/1553 1554/1746/1554 1530/1722/1530
f 1554/1746/1554 1555/1747/1555 1531/1723/1531
f 1555/1747/1555 1556/1748/1556 1532/1724/1532
f 1556/1748/1556 1557/1749/1557 1533/1725/1533
f 1557/1749/1557 1558/1750/1558 1534/1726/1534
f 1558/1750/1558 1559/1751/1559 1535/1727/1535
f 1559/1751/1559 1560/1752/1560 1536/1728/1536
f 1560/1752/1560 1561/1753/1561 1537/1729/1537
f 1561/1753/1561 1596/1788/1596 1562/1754/1562
f 1562/1754/1562 1596/1788/1596 1389/1580/1389
f 1563/1755/1563 1566/1758/1566 1564/1756/1564
f 1566/1758/1566 1742/1945/1742 1567/1759/1567
f 1567/1759/1567 1742/1945/1742 1568/1760/1568
f 1569/1761/1569 1568/1760/1568 1570/1762/1570
f 1571/1763/1571 1570/1762/1570 1572/1764/1572
f 1573/1765/1573 1572/1764/1572 1574/1766/1574
f 1574/1766/1574 1577/1769/1577 1576/1768/1576
f 1577/1769/1577 1579/1771/1579 1578/1770/1578
f 1579/1771/1579 1581/1773/1581 1580/1772/1580
f 1581/1773/1581 1583/1775/1583 1582/1774/1582
f 1583/1775/1583 1751/1954/1751 1584/1776/1584
f 1584/1776/1584 1751/1954/1751 1364/1555/1364
f 1585/1777/1585 1539/1731/1539 1540/1732/1540
f 1493/1685/1493 1540/1732/1540 1541/1733/1541
f 1541/1733/1541 1542/1734/1542 1498/1690/1498
f 1542/1734/1542 1543/1735/1543 1500/1692/1500
f 1543/1735/1543 1544/1736/1544 1502/1694/1502
f 1544/1736/1544 1545/1737/1545 1504/1696/1504
f 1545/1737/1545 1546/1738/1546 1506/1698/1506
f 1546/1738/1546 1547/1739/1547 1508/1700/1508
f 1547/1739/1547 1548/1740/1548 1510/1702/1510
f 1548/1740/1548 1549/1741/1549 1512/1704/1512
f 1549/1741/1549 1550/1742/1550 1514/1706/1514
f 1514/1706/1514 1550/1742/1550 1397/1588/1397
f 1551/1743/1551 1609/1801/1609 1586/1778/1586
f 1552/1744/1552 1586/1778/1586 1587/1779/1587
f 1553/1745/1553 1587/1779/1587 1588/1780/1588
f 1554/1746/1554 1588/1780/1588 1589/1781/1589
f 1555/1747/1555 1589/1781/1589 1590/1782/1590
f 1590/1782/1590 1591/1783/1591 1557/1749/1557
f 1591/1783/1591 1592/1784/1592 1558/1750/1558
f 1592/1784/1592 1593/1785/1593 1559/1751/1559
f 1593/1785/1593 1594/1786/1594 1560/1752/1560
f 1594/1786/1594 1595/1787/1595 1561/1753/1561
f 1595/1787/1595 1619/1811/1619 1596/1788/1596
f 1596/1788/1596 1619/1811/1619 1385/1576/1385
f 1565/1757/1565 1564/1756/1564 1597/1789/1597
f 1564/1756/1564 1567/1759/1567 1599/1791/1599
f 1567/1759/1567 1569/1761/1569 1600/1792/1600
f 1600/1792/1600 1569/1761/1569 1571/1763/1571
f 1571/1763/1571 1573/1765/1573 1602/1794/1602
f 1602/1794/1602 1573/1765/1573 1575/1767/1575
f 1575/1767/1575 1576/1768/1576 1604/1796/1604
f 1576/1768/1576 1578/1770/1578 1605/1797/1605
f 1578/1770/1578 1580/1772/1580 1606/1798/1606
f 1580/1772/1580 1582/1774/1582 1607/1799/1607
f 1582/1774/1582 1584/1776/1584 1608/1800/1608
f 1608/1800/1608 1584/1776/1584 1394/1585/1394
f 1609/1801/1609 1632/1824/1632 1610/1802/1610
f 1586/1778/1586 1610/1802/1610 1611/1803/1611
f 1587/1779/1587 1611/1803/1611 1612/1804/1612
f 1612/1804/1612 1636/1828/1636 1589/1781/1589
f 1589/1781/1589 1636/1828/1636 1613/1805/1613
f 1613/1805/1613 1614/1806/1614 1591/1783/1591
f 1614/1806/1614 1615/1807/1615 1592/1784/1592
f 1615/1807/1615 1616/1808/1616 1593/1785/1593
f 1616/1808/1616 1617/1809/1617 1594/1786/1594
f 1617/1809/1617 1618/1810/1618 1595/1787/1595
f 1618/1810/1618 1644/1836/1644 1619/1811/1619
f 1619/1811/1619 1644/1836/1644 1382/1573/1382
f 1598/1790/1598 1597/1789/1597 1620/1812/1620
f 1597/1789/1597 1599/1791/1599 1622/1814/1622
f 1599/1791/1599 1600/1792/1600 1623/1815/1623
f 1623/1815/1623 1600/1792/1600 1601/1793/1601
f 1601/1793/1601 1602/1794/1602 1625/1817/1625
f 1602/1794/1602 1603/1795/1603 1626/1818/1626
f 1603/1795/1603 1604/1796/1604 1627/1819/1627
f 1604/1796/1604 1605/1797/1605 1628/1820/1628
f 1605/1797/1605 1606/1798/1606 1629/1821/1629
f 1606/1798/1606 1607/1799/1607 1630/1822/1630
f 1607/1799/1607 1608/1800/1608 1631/1823/1631
f 1631/1823/1631 1608/1800/1608 1387/1578/1387
f 1632/1824/1632 1669/1872/1669 1633/1825/1633
f 1610/1802/1610 1633/1825/1633 1634/1826/1634
f 1634/1826/1634 1635/1827/1635 1612/1804/1612
f 1635/1827/1635 1637/1829/1637 1636/1828/1636
f 1637/1829/1637 1638/1830/1638 1613/1805/1613
f 1638/1830/1638 1675/1878/1675 1614/1806/1614
f 1614/1806/1614 1675/1878/1675 1639/1831/1639
f 1615/1807/1615 1639/1831/1639 1640/1832/1640
f 1616/1808/1616 1640/1832/1640 1641/1833/1641
f 1617/1809/1617 1641/1833/1641 1642/1834/1642
f 1618/1810/1618 1642/1834/1642 1643/1835/1643
f 1643/1835/1643 1376/1567/1376 1382/1573/1382
f 1645/1837/1645 1621/1813/1621 1620/1812/1620
f 1620/1812/1620 1622/1814/1622 1647/1839/1647
f 1647/1839/1647 1622/1814/1622 1623/1815/1623
f 1648/1840/1648 1623/1815/1623 1624/1816/1624
f 1649/1841/1649 1624/1816/1624 1625/1817/1625
f 1650/1842/1650 1625/1817/1625 1626/1818/1626
f 1626/1818/1626 1627/1819/1627 1652/1844/1652
f 1627/1819/1627 1628/1820/1628 1653/1845/1653
f 1628/1820/1628 1629/1821/1629 1654/1846/1654
f 1629/1821/1629 1630/1822/1630 1655/1847/1655
f 1630/1822/1630 1631/1823/1631 1656/1848/1656
f 1631/1823/1631 1383/1574/1383 1379/1570/1379
f 1657/1849/1657 1492/2076/1492 1494/1850/1494
f 1658/1851/1658 1494/1850/1494 1496/1852/1496
f 1659/1853/1659 1496/1852/1496 1497/1854/1497
f 1660/1855/1660 1497/1854/1497 1499/1856/1499
f 1661/1857/1661 1499/1856/1499 1501/1858/1501
f 1662/1859/1662 1501/1858/1501 1503/1860/1503
f 1663/1861/1663 1503/1860/1503 1505/1862/1505
f 1664/1863/1664 1505/1862/1505 1507/1864/1507
f 1665/1865/1665 1507/1864/1507 1509/1866/1509
f 1666/1867/1666 1509/1866/1509 1511/1868/1511
f 1667/1869/1667 1511/1868/1511 1513/1870/1513
f 1668/1871/1668 1513/1870/1513 1377/1568/1377
f 1669/1872/1669 1693/1896/1693 1670/1873/1670
f 1633/1825/1633 1670/1873/1670 1671/1874/1671
f 1671/1874/1671 1672/1875/1672 1635/1827/1635
f 1672/1875/1672 1673/1876/1673 1637/1829/1637
f 1673/1876/1673 1674/1877/1674 1638/1830/1638
f 1674/1877/1674 1698/1901/1698 1675/1878/1675
f 1675/1878/1675 1698/1901/1698 1676/1879/1676
f 1639/1831/1639 1676/1879/1676 1677/1880/1677
f 1640/1832/1640 1677/1880/1677 1678/1881/1678
f 1641/1833/1641 1678/1881/1678 1679/1882/1679
f 1642/1834/1642 1679/1882/1679 1680/1883/1680
f 1680/1883/1680 1372/1563/1372 1376/1567/1376
f 1681/1884/1681 1645/1837/1645 1646/1838/1646
f 1646/1838/1646 1647/1839/1647 1683/1886/1683
f 1683/1886/1683 1647/1839/1647 1648/1840/1648
f 1684/1887/1684 1648/1840/1648 1649/1841/1649
f 1685/1888/1685 1649/1841/1649 1650/1842/1650
f 1686/1889/1686 1650/1842/1650 1651/1843/1651
f 1687/1890/1687 1651/1843/1651 1652/1844/1652
f 1688/1891/1688 1652/1844/1652 1653/1845/1653
f 1689/1892/1689 1653/1845/1653 1654/1846/1654
f 1690/1893/1690 1654/1846/1654 1655/1847/1655
f 1691/1894/1691 1655/1847/1655 1656/1848/1656
f 1692/1895/1692 1656/1848/1656 1379/1570/1379
f 1693/1896/1693 1716/1919/1716 1694/1897/1694
f 1670/1873/1670 1694/1897/1694 1695/1898/1695
f 1671/1874/1671 1695/1898/1695 1696/1899/1696
f 1696/1899/1696 1720/1923/1720 1673/1876/1673
f 1673/1876/1673 1720/1923/1720 1697/1900/1697
f 1697/1900/1697 1722/1925/1722 1698/1901/1698
f 1698/1901/1698 1722/1925/1722 1699/1902/1699
f 1676/1879/1676 1699/1902/1699 1700/1903/1700
f 1677/1880/1677 1700/1903/1700 1701/1904/1701
f 1678/1881/1678 1701/1904/1701 1702/1905/1702
f 1679/1882/1679 1702/1905/1702 1703/1906/1703
f 1703/1906/1703 1368/1559/1368 1372/1563/1372
f 1704/1907/1704 1681/1884/1681 1682/1885/1682
f 1682/1885/1682 1683/1886/1683 1706/1909/1706
f 1706/1909/1706 1683/1886/1683 1684/1887/1684
f 1707/1910/1707 1684/1887/1684 1685/1888/1685
f 1708/1911/1708 1685/1888/1685 1686/1889/1686
f 1709/1912/1709 1686/1889/1686 1687/1890/1687
f 1710/1913/1710 1687/1890/1687 1688/1891/1688
f 1711/1914/1711 1688/1891/1688 1689/1892/1689
f 1712/1915/1712 1689/1892/1689 1690/1893/1690
f 1713/1916/1713 1690/1893/1690 1691/1894/1691
f 1714/1917/1714 1691/1894/1691 1692/1895/1692
f 1692/1895/1692 1369/1560/1369 1365/1556/1365
f 1716/1919/1716 1752/1955/1752 1717/1920/1717
f 1694/1897/1694 1717/1920/1717 1718/1921/1718
f 1695/1898/1695 1718/1921/1718 1719/1922/1719
f 1719/1922/1719 1753/1956/1753 1720/1923/1720
f 1720/1923/1720 1753/1956/1753 1721/1924/1721
f 1721/1924/1721 1754/1957/1754 1722/1925/1722
f 1722/1925/1722 1754/1957/1754 1723/1926/1723
f 1699/1902/1699 1723/1926/1723 1724/1927/1724
f 1700/1903/1700 1724/1927/1724 1725/1928/1725
f 1701/1904/1701 1725/1928/1725 1726/1929/1726
f 1702/1905/1702 1726/1929/1726 1727/1930/1727
f 1727/1930/1727 1362/1553/1362 1368/1559/1368
f 1728/1931/1728 1704/1907/1704 1705/1908/1705
f 1705/1908/1705 1706/1909/1706 1730/1933/1730
f 1730/1933/1730 1706/1909/1706 1707/1910/1707
f 1731/1934/1731 1707/1910/1707 1708/1911/1708
f 1732/1935/1732 1708/1911/1708 1709/1912/1709
f 1733/1936/1733 1709/1912/1709 1710/1913/1710
f 1734/1937/1734 1710/1913/1710 1711/1914/1711
f 1735/1938/1735 1711/1914/1711 1712/1915/1712
f 1736/1939/1736 1712/1915/1712 1713/1916/1713
f 1737/1940/1737 1713/1916/1713 1714/1917/1714
f 1738/1941/1738 1714/1917/1714 1715/1918/1715
f 1715/1918/1715 1365/1556/1365 1358/1549/1358
f 1740/1943/1740 1741/1944/1741 1566/1758/1566
f 1741/1944/1741 1743/1946/1743 1742/1945/1742
f 1743/1946/1743 1770/1973/1770 1568/1760/1568
f 1568/1760/1568 1770/1973/1770 1744/1947/1744
f 1744/1947/1744 1773/1976/1773 1572/1764/1572
f 1572/1764/1572 1773/1976/1773 1745/1948/1745
f 1574/1766/1574 1745/1948/1745 1746/1949/1746
f 1577/1769/1577 1746/1949/1746 1747/1950/1747
f 1579/1771/1579 1747/1950/1747 1748/1951/1748
f 1581/1773/1581 1748/1951/1748 1749/1952/1749
f 1583/1775/1583 1749/1952/1749 1750/1953/1750
f 1750/1953/1750 1357/1548/1357 1364/1555/1364
f 1752/1955/1752 1657/1849/1657 1658/1851/1658
f 1717/1920/1717 1658/1851/1658 1659/1853/1659
f 1718/1921/1718 1659/1853/1659 1660/1855/1660
f 1719/1922/1719 1660/1855/1660 1661/1857/1661
f 1753/1956/1753 1661/1857/1661 1662/1859/1662
f 1721/1924/1721 1662/1859/1662 1663/1861/1663
f 1754/1957/1754 1663/1861/1663 1664/1863/1664
f 1723/1926/1723 1664/1863/1664 1665/1865/1665
f 1724/1927/1724 1665/1865/1665 1666/1867/1666
f 1725/1928/1725 1666/1867/1666 1667/1869/1667
f 1726/1929/1726 1667/1869/1667 1668/1871/1668
f 1668/1871/1668 1360/1551/1360 1362/1553/1362
f 1755/1958/1755 1728/1931/1728 1729/1932/1729
f 1729/1932/1729 1730/1933/1730 1757/1960/1757
f 1757/1960/1757 1730/1933/1730 1731/1934/1731
f 1758/1961/1758 1731/1934/1731 1732/1935/1732
f 1759/1962/1759 1732/1935/1732 1733/1936/1733
f 1760/1963/1760 1733/1936/1733 1734/1937/1734
f 1761/1964/1761 1734/1937/1734 1735/1938/1735
f 1762/1965/1762 1735/1938/1735 1736/1939/1736
f 1763/1966/1763 1736/1939/1736 1737/1940/1737
f 1764/1967/1764 1737/1940/1737 1738/1941/1738
f 1765/1968/1765 1738/1941/1738 1739/1942/1739
f 1739/1942/1739 1358/1549/1358 1354/1545/1354
f 1767/1970/1767 1768/1971/1768 1741/1944/1741
f 1768/1971/1768 1792/1995/1792 1743/1946/1743
f 1743/1946/1743 1792/1995/1792 1769/1972/1769
f 1770/1973/1770 1769/1972/1769 1771/1974/1771
f 1744/1947/1744 1771/1974/1771 1772/1975/1772
f 1773/1976/1773 1772/1975/1772 1774/1977/1774
f 1745/1948/1745 1774/1977/1774 1775/1978/1775
f 1746/1949/1746 1775/1978/1775 1776/1979/1776
f 1747/1950/1747 1776/1979/1776 1777/1980/1777
f 1748/1951/1748 1777/1980/1777 1778/1981/1778
f 1749/1952/1749 1778/1981/1778 1779/1982/1779
f 1779/1982/1779 1353/1544/1353 1357/1548/1357
f 1780/1983/1780 1755/1958/1755 1756/1959/1756
f 1781/1984/1781 1756/1959/1756 1757/1960/1757
f 1757/1960/1757 1758/1961/1758 1783/1986/1783
f 1758/1961/1758 1759/1962/1759 1784/1987/1784
f 1759/1962/1759 1760/1963/1760 1785/1988/1785
f 1760/1963/1760 1761/1964/1761 1786/1989/1786
f 1786/1989/1786 1761/1964/1761 1762/1965/1762
f 1787/1990/1787 1762/1965/1762 1763/1966/1763
f 1788/1991/1788 1763/1966/1763 1764/1967/1764
f 1789/1992/1789 1764/1967/1764 1765/1968/1765
f 1790/1993/1790 1765/1968/1765 1766/1969/1766
f 1766/1969/1766 1354/1545/1354 1355/1546/1355
f 1414/1606/1414 1413/1605/1413 1768/1971/1768
f 1413/1605/1413 1416/1608/1416 1792/1995/1792
f 1792/1995/1792 1416/1608/1416 1418/1610/1418
f 1769/1972/1769 1418/1610/1418 1420/1612/1420
f 1771/1974/1771 1420/1612/1420 1422/1614/1422
f 1772/1975/1772 1422/1614/1422 1424/1616/1424
f 1774/1977/1774 1424/1616/1424 1426/1618/1426
f 1775/1978/1775 1426/1618/1426 1428/1620/1428
f 1776/1979/1776 1428/1620/1428 1430/1622/1430
f 1777/1980/1777 1430/1622/1430 1432/1624/1432
f 1778/1981/1778 1432/1624/1432 1434/1626/1434
f 1434/1626/1434 1351/1542/1351 1353/1544/1353
f 1793/1996/1793 1780/1983/1780 1781/1984/1781
f 1436/1628/1436 1781/1984/1781 1782/1985/1782
f 1782/1985/1782 1783/1986/1783 1440/1632/1440
f 1783/1986/1783 1784/1987/1784 1794/1997/1794
f 1784/1987/1784 1785/1988/1785 1443/1635/1443
f 1785/1988/1785 1786/1989/1786 1446/1638/1446
f 1446/1638/1446 1786/1989/1786 1787/1990/1787
f 1448/1640/1448 1787/1990/1787 1788/1991/1788
f 1450/1642/1450 1788/1991/1788 1789/1992/1789
f 1452/1644/1452 1789/1992/1789 1790/1993/1790
f 1454/1646/1454 1790/1993/1790 1791/1994/1791
f 1795/1998/1795 1791/1994/1791 1355/1546/1355
f 1796/1999/1796 1361/1552/1361 1378/1569/1378
f 1798/2001/1798 1367/1558/1367 1361/1552/1361
f 1798/2001/1798 1800/2003/1800 1371/1562/1371
f 1799/2002/1799 1375/1566/1375 1371/1562/1371
f 1801/2004/1801 1381/1572/1381 1375/1566/1375
f 1801/2004/1801 1802/2005/1802 1386/1577/1386
f 1802/2005/1802 1803/2006/1803 1390/1581/1390
f 1803/2006/1803 1804/2007/1804 1396/1587/1396
f 1804/2007/1804 1805/2008/1805 1400/1591/1400
f 1805/2008/1805 1807/2010/1807 1405/1597/1405
f 1806/2009/1806 1408/1600/1408 1405/1597/1405
f 1806/2009/1806 1808/2011/1808 1411/1603/1411
f 1808/2011/1808 1810/2013/1810 1352/1543/1352
f 1809/2012/1809 1356/1547/1356 1352/1543/1352
f 1811/2014/1811 1363/1554/1363 1356/1547/1356
f 1812/2015/1812 1797/2000/1797 1378/1569/1378
f 1813/2017/1813 1827/2032/1827 1393/1584/1393
f 1814/2018/1814 1813/2017/1813 1392/1583/1392
f 1814/2018/1814 1398/1589/1398 1402/1593/1402
f 1816/2020/1816 1815/2019/1815 1402/1593/1402
f 1817/2021/1817 1816/2020/1816 1407/1599/1407
f 1817/2021/1817 1350/1541/1350 1349/1540/1349
f 1818/2022/1818 1349/1540/1349 1359/1550/1359
f 1819/2023/1819 1359/1550/1359 1366/1557/1366
f 1820/2024/1820 1366/1557/1366 1370/1561/1370
f 1822/2026/1822 1821/2025/1821 1370/1561/1370
f 1823/2027/1823 1822/2026/1822 1374/1565/1374
f 1823/2027/1823 1373/1564/1373 1380/1571/1380
f 1824/2028/1824 1380/1571/1380 1384/1575/1384
f 1826/2030/1826 1825/2029/1825 1384/1575/1384
f 1811/2014/1811 1826/2030/1826 1388/1579/1388
f 1812/2031/1812 1403/1595/1403 1393/1584/1393
f 1828/2033/1828 1796/1999/1796 1797/2000/1797
f 1830/2035/1830 1798/2001/1798 1796/1999/1796
f 1830/2035/1830 1832/2037/1832 1800/2003/1800
f 1831/2036/1831 1799/2002/1799 1800/2003/1800
f 1833/2038/1833 1801/2004/1801 1799/2002/1799
f 1833/2038/1833 1834/2039/1834 1802/2005/1802
f 1834/2039/1834 1835/2040/1835 1803/2006/1803
f 1835/2040/1835 1836/2041/1836 1804/2007/1804
f 1836/2041/1836 1837/2042/1837 1805/2008/1805
f 1837/2042/1837 1839/2044/1839 1807/2010/1807
f 1838/2043/1838 1806/2009/1806 1807/2010/1807
f 1838/2043/1838 1840/2045/1840 1808/2011/1808
f 1840/2045/1840 1842/2047/1842 1810/2013/1810
f 1841/2046/1841 1809/2012/1809 1810/2013/1810
f 1843/2048/1843 1811/2014/1811 1809/2012/1809
f 1844/2049/1844 1829/2034/1829 1797/2000/1797
f 1845/2050/1845 1859/2065/1859 1827/2032/1827
f 1846/2051/1846 1845/2050/1845 1813/2017/1813
f 1846/2051/1846 1814/2018/1814 1815/2019/1815
f 1848/2053/1848 1847/2052/1847 1815/2019/1815
f 1849/2054/1849 1848/2053/1848 1816/2020/1816
f 1849/2054/1849 1817/2021/1817 1818/2022/1818
f 1850/2055/1850 1818/2022/1818 1819/2023/1819
f 1851/2056/1851 1819/2023/1819 1820/2024/1820
f 1852/2057/1852 1820/2024/1820 1821/2025/1821
f 1853/2058/1853 1821/2025/1821 1822/2026/1822
f 1855/2060/1855 1854/2059/1854 1822/2026/1822
f 1855/2060/1855 1823/2027/1823 1824/2028/1824
f 1856/2061/1856 1824/2028/1824 1825/2029/1825
f 1858/2063/1858 1857/2062/1857 1825/2029/1825
f 1843/2048/1843 1858/2063/1858 1826/2030/1826
f 1844/2064/1844 1812/2031/1812 1827/2032/1827
# Vertices: 1862, normals: 1862, texture coordinates: 2076, faces: 3561

